timestamp,frame,ear,mar,perclos,blink_rate,score,microsleep_duration,pose_pitch,pose_yaw,pose_roll,pose_score,eyes_reliable,alert_level
2026-08-09 05:27:05,0,0.2293,0.037,0.0,,0.0,0.0,6.2,5.23,-4.25,0.0,1,OK
2026-08-09 05:27:05,1,0.2092,0.0474,0.0,,0.0,0.0,6.2,5.23,-4.25,0.0,1,OK
2026-08-09 05:27:05,2,0.2331,0.0284,0.0,,0.0,0.0,6.48,7.51,-4.46,0.0,1,OK
2026-08-09 05:27:05,3,0.2316,0.0423,0.0,,0.0,0.0,6.48,7.51,-4.46,0.0,1,OK
2026-08-09 05:27:05,4,0.2273,0.0483,0.0,,0.0,0.0,4.92,5.41,-4.75,0.0,1,OK
2026-08-09 05:27:05,5,0.2147,0.0433,0.0,,0.0,0.0,4.92,5.41,-4.75,0.0,1,OK
2026-08-09 05:27:05,6,0.2193,0.0424,0.0,,0.0,0.0,5.38,4.97,-4.92,0.0,1,OK
2026-08-09 05:27:05,7,0.2249,0.0436,0.0,,0.0,0.0,5.38,4.97,-4.92,0.0,1,OK
2026-08-09 05:27:05,8,0.2294,0.0469,0.0,,0.0,0.0,5.45,5.11,-4.89,0.0,1,OK
2026-08-09 05:27:05,9,0.2224,0.0337,0.0,,0.0,0.0,5.45,5.11,-4.89,0.0,1,OK
2026-08-09 05:27:05,10,0.2354,0.0383,0.0,,0.0,0.0,5.77,10.87,-4.14,0.0,1,OK
2026-08-09 05:27:06,11,0.2078,0.0271,0.0,,0.0,0.0,5.77,10.87,-4.14,0.0,1,OK
2026-08-09 05:27:06,12,0.2323,0.0473,0.0,,0.0,0.0,5.43,5.35,-4.72,0.0,1,OK
2026-08-09 05:27:06,13,0.232,0.0386,0.0,,0.0,0.0,5.43,5.35,-4.72,0.0,1,OK
2026-08-09 05:27:06,14,0.2377,0.0391,0.0,,0.0,0.0,6.7,-1.93,-4.45,0.0,1,OK
2026-08-09 05:27:06,15,0.2173,0.0393,0.0,,0.0,0.0,6.7,-1.93,-4.45,0.0,1,OK
2026-08-09 05:27:06,16,0.2201,0.0385,0.0,,0.0,0.0,5.86,0.22,-4.7,0.0,1,OK
2026-08-09 05:27:06,17,0.214,0.0416,0.0,,0.0,0.0,5.86,0.22,-4.7,0.0,1,OK
2026-08-09 05:27:06,18,0.2295,0.0408,0.0,,0.0,0.0,6.78,-7.05,-4.86,0.0,1,OK
2026-08-09 05:27:06,19,0.1982,0.0453,0.0,,0.0,0.0,6.78,-7.05,-4.86,0.0,1,OK
2026-08-09 05:27:06,20,0.1595,0.0398,0.0,,0.32,0.033,6.11,-9.75,-5.22,0.0,1,OK
2026-08-09 05:27:06,21,0.1393,0.0365,0.0,,1.79,0.065,6.11,-9.75,-5.22,0.0,1,OK
2026-08-09 05:27:06,22,0.1586,0.0387,0.1304,,2.68,0.098,5.63,-9.72,-5.21,0.0,1,OK
2026-08-09 05:27:06,23,0.1573,0.0364,0.1667,,4.36,0.13,5.63,-9.72,-5.21,0.0,1,OK
2026-08-09 05:27:06,24,0.1662,0.0403,0.16,,5.2,0.13,6.32,-9.87,-4.46,0.0,1,OK
2026-08-09 05:27:06,25,0.206,0.0394,0.1538,,5.73,0.13,6.32,-9.87,-4.46,0.0,1,OK
2026-08-09 05:27:06,26,0.1936,0.0452,0.1481,,5.67,0.0,7.62,-8.98,-4.99,0.0,1,OK
2026-08-09 05:27:06,27,0.2227,0.0416,0.1429,,5.59,0.0,7.62,-8.98,-4.99,0.0,1,OK
2026-08-09 05:27:06,28,0.2334,0.04,0.1379,,5.48,0.0,6.48,-10.81,-4.87,0.0,1,OK
2026-08-09 05:27:06,29,0.2321,0.0473,0.1333,,5.35,0.0,6.48,-10.81,-4.87,0.0,1,OK
2026-08-09 05:27:06,30,0.2197,0.0376,0.129,,5.2,0.0,6.41,-10.46,-5.08,0.0,1,OK
2026-08-09 05:27:06,31,0.216,0.0368,0.125,,5.04,0.0,6.41,-10.46,-5.08,0.0,1,OK
2026-08-09 05:27:06,32,0.2255,0.0511,0.1212,,4.87,0.0,6.42,-13.86,-4.96,0.0,1,OK
2026-08-09 05:27:06,33,0.2188,0.0429,0.1176,,4.68,0.0,6.42,-13.86,-4.96,0.0,1,OK
2026-08-09 05:27:06,34,0.197,0.0402,0.1143,,4.49,0.0,5.95,-11.65,-4.75,0.0,1,OK
2026-08-09 05:27:06,35,0.2084,0.0325,0.1111,,4.28,0.0,5.95,-11.65,-4.75,0.0,1,OK
2026-08-09 05:27:06,36,0.1928,0.0316,0.1081,,4.07,0.0,7.12,-10.25,-4.94,0.0,1,OK
2026-08-09 05:27:06,37,0.2042,0.0408,0.1053,,3.86,0.0,7.12,-10.25,-4.94,0.0,1,OK
2026-08-09 05:27:06,38,0.2073,0.0365,0.1026,,3.65,0.0,5.88,-11.68,-4.9,0.0,1,OK
2026-08-09 05:27:06,39,0.1984,0.031,0.1,,3.43,0.0,5.88,-11.68,-4.9,0.0,1,OK
2026-08-09 05:27:06,40,0.197,0.0332,0.0976,,3.22,0.0,6.99,-13.86,-4.72,0.0,1,OK
2026-08-09 05:27:07,41,0.1849,0.0495,0.0952,,3.03,0.0,6.99,-13.86,-4.72,0.0,1,OK
2026-08-09 05:27:07,42,0.212,0.0455,0.093,,2.85,0.0,6.27,-9.48,-4.51,0.0,1,OK
2026-08-09 05:27:07,43,0.1953,0.0271,0.0909,,2.68,0.0,6.27,-9.48,-4.51,0.0,1,OK
2026-08-09 05:27:07,44,0.2055,0.0292,0.0889,,2.51,0.0,7.38,-12.37,-4.84,0.0,1,OK
2026-08-09 05:27:07,45,0.2091,0.0415,0.087,,2.36,0.0,7.38,-12.37,-4.84,0.0,1,OK
2026-08-09 05:27:07,46,0.1938,0.0357,0.0851,,2.22,0.0,7.05,-12.19,-4.81,0.0,1,OK
2026-08-09 05:27:07,47,0.2145,0.0323,0.0833,,2.09,0.0,7.05,-12.19,-4.81,0.0,1,OK
2026-08-09 05:27:07,48,0.2112,0.0345,0.0816,,1.96,0.0,6.52,-10.56,-4.8,0.0,1,OK
2026-08-09 05:27:07,49,0.1996,0.0389,0.08,,1.85,0.0,6.52,-10.56,-4.8,0.0,1,OK
2026-08-09 05:27:07,50,0.1843,0.0268,0.0784,,1.73,0.0,7.09,-11.6,-5.18,0.0,1,OK
2026-08-09 05:27:07,51,0.2138,0.0214,0.0769,,1.63,0.0,7.09,-11.6,-5.18,0.0,1,OK
2026-08-09 05:27:07,52,0.1881,0.04,0.0755,,1.53,0.0,6.64,-12.49,-4.84,0.0,1,OK
2026-08-09 05:27:07,53,0.2055,0.0266,0.0741,,1.44,0.0,6.64,-12.49,-4.84,0.0,1,OK
2026-08-09 05:27:07,54,0.2049,0.0649,0.0727,,1.35,0.0,7.16,-12.5,-4.62,0.0,1,OK
2026-08-09 05:27:07,55,0.2105,0.0404,0.0714,,1.27,0.0,7.16,-12.5,-4.62,0.0,1,OK
2026-08-09 05:27:07,56,0.2023,0.0415,0.0702,,1.2,0.0,4.77,-11.46,-4.32,0.0,1,OK
2026-08-09 05:27:07,57,0.2117,0.0357,0.069,,1.13,0.0,4.77,-11.46,-4.32,0.0,1,OK
2026-08-09 05:27:07,58,0.2044,0.0396,0.0678,,1.06,0.0,7.12,-11.16,-4.35,0.0,1,OK
2026-08-09 05:27:07,59,0.1859,0.0338,0.0667,,0.99,0.0,7.12,-11.16,-4.35,0.0,1,OK
2026-08-09 05:27:07,60,0.2118,0.0491,0.0656,,0.93,0.0,5.9,-10.87,-4.48,0.0,1,OK
2026-08-09 05:27:07,61,0.2042,0.046,0.0645,,0.88,0.0,5.9,-10.87,-4.48,0.0,1,OK
2026-08-09 05:27:07,62,0.2073,0.0417,0.0635,,0.83,0.0,6.87,-7.52,-4.83,0.0,1,OK
2026-08-09 05:27:07,63,0.2162,0.0503,0.0625,,0.78,0.0,6.87,-7.52,-4.83,0.0,1,OK
2026-08-09 05:27:07,64,0.2129,0.0362,0.0615,,0.73,0.0,5.46,-8.15,-5.21,0.0,1,OK
2026-08-09 05:27:07,65,0.2192,0.0423,0.0606,,0.69,0.0,5.46,-8.15,-5.21,0.0,1,OK
2026-08-09 05:27:07,66,0.2,0.042,0.0597,,0.64,0.0,6.32,-11.48,-4.44,0.0,1,OK
2026-08-09 05:27:07,67,0.1987,0.0386,0.0588,,0.61,0.0,6.32,-11.48,-4.44,0.0,1,OK
2026-08-09 05:27:07,68,0.2001,0.0345,0.058,,0.57,0.0,6.6,-10.28,-4.39,0.0,1,OK
2026-08-09 05:27:07,69,0.2091,0.0391,0.0571,,0.54,0.0,6.6,-10.28,-4.39,0.0,1,OK
2026-08-09 05:27:07,70,0.1983,0.0336,0.0563,,0.5,0.0,5.7,-12.64,-4.37,0.0,1,OK
2026-08-09 05:27:07,71,0.2026,0.0374,0.0556,,0.47,0.0,5.7,-12.64,-4.37,0.0,1,OK
2026-08-09 05:27:08,72,0.1914,0.0409,0.0548,,0.44,0.0,7.15,-10.66,-4.98,0.0,1,OK
2026-08-09 05:27:08,73,0.2168,0.0378,0.0541,,0.42,0.0,7.15,-10.66,-4.98,0.0,1,OK
2026-08-09 05:27:08,74,0.1884,0.0269,0.0533,,0.39,0.0,6.44,-11.09,-4.2,0.0,1,OK
2026-08-09 05:27:08,75,0.1953,0.0387,0.0526,,0.37,0.0,6.44,-11.09,-4.2,0.0,1,OK
2026-08-09 05:27:08,76,0.2039,0.0287,0.0519,,0.35,0.0,7.19,-12.5,-4.65,0.0,1,OK
2026-08-09 05:27:08,77,0.2055,0.0351,0.0513,,0.33,0.0,7.19,-12.5,-4.65,0.0,1,OK
2026-08-09 05:27:08,78,0.2038,0.0316,0.0506,,0.31,0.0,6.75,-11.38,-4.7,0.0,1,OK
2026-08-09 05:27:08,79,0.2095,0.031,0.05,,0.29,0.0,6.75,-11.38,-4.7,0.0,1,OK
2026-08-09 05:27:08,80,0.2003,0.0408,0.0494,,0.27,0.0,7.25,-12.56,-4.79,0.0,1,OK
2026-08-09 05:27:08,81,0.2109,0.0279,0.0488,,0.25,0.0,7.25,-12.56,-4.79,0.0,1,OK
2026-08-09 05:27:08,82,0.2124,0.0398,0.0482,,0.24,0.0,5.37,-6.57,-4.56,0.0,1,OK
2026-08-09 05:27:08,83,0.2009,0.0377,0.0476,,0.23,0.0,5.37,-6.57,-4.56,0.0,1,OK
2026-08-09 05:27:08,84,0.1996,0.0449,0.0471,,0.21,0.0,7.87,-12.38,-4.55,0.0,1,OK
2026-08-09 05:27:08,85,0.205,0.032,0.0465,,0.2,0.0,7.87,-12.38,-4.55,0.0,1,OK
2026-08-09 05:27:08,86,0.2033,0.0298,0.046,,0.19,0.0,6.82,-10.28,-4.55,0.0,1,OK
2026-08-09 05:27:08,87,0.202,0.0346,0.0455,,0.18,0.0,6.82,-10.28,-4.55,0.0,1,OK
2026-08-09 05:27:08,88,0.2255,0.0421,0.0449,,0.17,0.0,6.29,-9.21,-4.74,0.0,1,OK
2026-08-09 05:27:08,89,0.2133,0.0435,0.0444,,0.16,0.0,6.29,-9.21,-4.74,0.0,1,OK
2026-08-09 05:27:08,90,0.2002,0.0406,0.044,,0.15,0.0,6.55,-13.38,-4.49,0.0,1,OK
2026-08-09 05:27:08,91,0.2014,0.0317,0.0435,,0.14,0.0,6.55,-13.38,-4.49,0.0,1,OK
2026-08-09 05:27:08,92,0.215,0.0431,0.043,,0.13,0.0,6.09,-12.21,-4.21,0.0,1,OK
2026-08-09 05:27:08,93,0.2038,0.0353,0.0426,,0.12,0.0,6.09,-12.21,-4.21,0.0,1,OK
2026-08-09 05:27:08,94,0.2006,0.0373,0.0421,,0.11,0.0,7.24,-10.83,-4.33,0.0,1,OK
2026-08-09 05:27:08,95,0.1844,0.0357,0.0417,,0.11,0.0,7.24,-10.83,-4.33,0.0,1,OK
2026-08-09 05:27:08,96,0.1552,0.0459,0.0412,,0.64,0.032,7.04,-12.95,-4.63,0.0,1,OK
2026-08-09 05:27:08,97,0.1394,0.0259,0.0408,,2.02,0.065,7.04,-12.95,-4.63,0.0,1,OK
2026-08-09 05:27:08,98,0.1559,0.0451,0.0707,,2.34,0.097,7.3,-12.01,-4.98,0.0,1,OK
2026-08-09 05:27:08,99,0.149,0.0363,0.08,,3.08,0.13,7.3,-12.01,-4.98,0.0,1,OK
2026-08-09 05:27:08,100,0.1743,0.0276,0.0792,,3.02,0.13,6.62,-9.68,-4.91,0.0,1,OK
2026-08-09 05:27:08,101,0.1778,0.0427,0.0784,,2.97,0.13,6.62,-9.68,-4.91,0.0,1,OK
2026-08-09 05:27:09,102,0.1879,0.0471,0.0777,,2.79,0.0,6.41,-12.26,-4.64,0.0,1,OK
2026-08-09 05:27:09,103,0.188,0.036,0.0769,,2.62,0.0,6.41,-12.26,-4.64,0.0,1,OK
2026-08-09 05:27:09,104,0.2017,0.0374,0.0762,,2.47,0.0,6.22,-12.58,-4.72,0.0,1,OK
2026-08-09 05:27:09,105,0.2199,0.0432,0.0755,,2.32,0.0,6.22,-12.58,-4.72,0.0,1,OK
2026-08-09 05:27:09,106,0.214,0.0535,0.0748,,2.18,0.0,7.23,-10.23,-4.61,0.0,1,OK
2026-08-09 05:27:09,107,0.2098,0.0432,0.0741,,2.05,0.0,7.23,-10.23,-4.61,0.0,1,OK
2026-08-09 05:27:09,108,0.2109,0.0493,0.0734,,1.93,0.0,6.99,-10.61,-5.04,0.0,1,OK
2026-08-09 05:27:09,109,0.2002,0.0425,0.0727,,1.81,0.0,6.99,-10.61,-5.04,0.0,1,OK
2026-08-09 05:27:09,110,0.2237,0.0387,0.0721,,1.7,0.0,5.77,-10.54,-4.82,0.0,1,OK
2026-08-09 05:27:09,111,0.199,0.0503,0.0714,,1.6,0.0,5.77,-10.54,-4.82,0.0,1,OK
2026-08-09 05:27:09,112,0.2138,0.0403,0.0708,,1.5,0.0,6.74,-12.1,-4.62,0.0,1,OK
2026-08-09 05:27:09,113,0.2011,0.0305,0.0702,,1.41,0.0,6.74,-12.1,-4.62,0.0,1,OK
2026-08-09 05:27:09,114,0.222,0.0486,0.0696,,1.33,0.0,7.19,-12.1,-4.86,0.0,1,OK
2026-08-09 05:27:09,115,0.2125,0.0495,0.069,,1.25,0.0,7.19,-12.1,-4.86,0.0,1,OK
2026-08-09 05:27:09,116,0.228,0.0473,0.0684,,1.17,0.0,7.0,-8.55,-4.28,0.0,1,OK
2026-08-09 05:27:09,117,0.21,0.0445,0.0678,,1.1,0.0,7.0,-8.55,-4.28,0.0,1,OK
2026-08-09 05:27:09,118,0.2047,0.0455,0.0672,,1.04,0.0,6.56,-11.48,-4.8,0.0,1,OK
2026-08-09 05:27:09,119,0.1992,0.0395,0.0667,,0.98,0.0,6.56,-11.48,-4.8,0.0,1,OK
2026-08-09 05:27:09,120,0.2126,0.0317,0.0661,,0.92,0.0,6.22,-6.91,-4.52,0.0,1,OK
2026-08-09 05:27:09,121,0.2173,0.0395,0.0656,,0.86,0.0,6.22,-6.91,-4.52,0.0,1,OK
2026-08-09 05:27:09,122,0.202,0.0585,0.065,,0.81,0.0,7.84,-10.74,-4.28,0.0,1,OK
2026-08-09 05:27:09,123,0.2202,0.0364,0.0645,,0.76,0.0,7.84,-10.74,-4.28,0.0,1,OK
2026-08-09 05:27:09,124,0.2194,0.0382,0.064,,0.72,0.0,6.4,-10.65,-4.62,0.0,1,OK
2026-08-09 05:27:09,125,0.2128,0.0398,0.0635,,0.67,0.0,6.4,-10.65,-4.62,0.0,1,OK
2026-08-09 05:27:09,126,0.2169,0.0419,0.063,,0.63,0.0,7.6,-10.11,-4.66,0.0,1,OK
2026-08-09 05:27:09,127,0.2194,0.0425,0.0625,,0.59,0.0,7.6,-10.11,-4.66,0.0,1,OK
2026-08-09 05:27:09,128,0.2072,0.0499,0.062,,0.56,0.0,7.33,-11.73,-4.82,0.0,1,OK
2026-08-09 05:27:09,129,0.2189,0.0458,0.0615,,0.53,0.0,7.33,-11.73,-4.82,0.0,1,OK
2026-08-09 05:27:09,130,0.2207,0.0408,0.0611,,0.49,0.0,6.58,-10.01,-5.22,0.0,1,OK
2026-08-09 05:27:09,131,0.2018,0.0426,0.0606,,0.46,0.0,6.58,-10.01,-5.22,0.0,1,OK
2026-08-09 05:27:10,132,0.2117,0.0444,0.0602,,0.44,0.0,6.74,-12.39,-4.89,0.0,1,OK
2026-08-09 05:27:10,133,0.2094,0.0329,0.0597,,0.41,0.0,6.74,-12.39,-4.89,0.0,1,OK
2026-08-09 05:27:10,134,0.2137,0.0508,0.0593,,0.39,0.0,6.9,-11.25,-4.85,0.0,1,OK
2026-08-09 05:27:10,135,0.2157,0.0407,0.0588,,0.36,0.0,6.9,-11.25,-4.85,0.0,1,OK
2026-08-09 05:27:10,136,0.2107,0.0424,0.0584,,0.34,0.0,7.11,-11.33,-4.68,0.0,1,OK
2026-08-09 05:27:10,137,0.2094,0.0383,0.058,,0.32,0.0,7.11,-11.33,-4.68,0.0,1,OK
2026-08-09 05:27:10,138,0.2142,0.0455,0.0576,,0.3,0.0,6.98,-7.96,-3.99,0.0,1,OK
2026-08-09 05:27:10,139,0.2093,0.0479,0.0571,,0.28,0.0,6.98,-7.96,-3.99,0.0,1,OK
2026-08-09 05:27:10,140,0.1981,0.0416,0.0567,,0.27,0.0,6.94,-12.17,-4.82,0.0,1,OK
2026-08-09 05:27:10,141,0.2096,0.0441,0.0563,,0.25,0.0,6.94,-12.17,-4.82,0.0,1,OK
2026-08-09 05:27:10,142,0.2211,0.0467,0.0559,,0.24,0.0,7.04,-13.69,-4.67,0.0,1,OK
2026-08-09 05:27:10,143,0.2035,0.0465,0.0556,,0.22,0.0,7.04,-13.69,-4.67,0.0,1,OK
2026-08-09 05:27:10,144,0.1975,0.036,0.0552,,0.21,0.0,7.15,-9.72,-4.71,0.0,1,OK
2026-08-09 05:27:10,145,0.1998,0.0314,0.0548,,0.2,0.0,7.15,-9.72,-4.71,0.0,1,OK
2026-08-09 05:27:10,146,0.2083,0.0414,0.0544,,0.18,0.0,6.98,-9.39,-4.87,0.0,1,OK
2026-08-09 05:27:10,147,0.2252,0.0408,0.0541,,0.17,0.0,6.98,-9.39,-4.87,0.0,1,OK
2026-08-09 05:27:10,148,0.2145,0.0505,0.0537,,0.16,0.0,6.52,-9.28,-4.69,0.0,1,OK
2026-08-09 05:27:10,149,0.2136,0.04,0.0533,,0.15,0.0,6.52,-9.28,-4.69,0.0,1,OK
2026-08-09 05:27:10,150,0.2107,0.0496,0.053,,0.14,0.0,6.35,-10.53,-4.72,0.0,1,OK
2026-08-09 05:27:10,151,0.2188,0.0384,0.0526,,0.13,0.0,6.35,-10.53,-4.72,0.0,1,OK
2026-08-09 05:27:10,152,0.2114,0.0512,0.0523,,0.13,0.0,7.05,-8.32,-4.41,0.0,1,OK
2026-08-09 05:27:10,153,0.1966,0.0543,0.0519,,0.12,0.0,7.05,-8.32,-4.41,0.0,1,OK
2026-08-09 05:27:10,154,0.2017,0.0428,0.0519,,0.11,0.0,7.89,-12.26,-4.81,0.0,1,OK
2026-08-09 05:27:10,155,0.21,0.0364,0.0519,,0.11,0.0,7.89,-12.26,-4.81,0.0,1,OK
2026-08-09 05:27:10,156,0.1893,0.048,0.0519,,0.1,0.0,7.3,-12.53,-5.22,0.0,1,OK
2026-08-09 05:27:10,157,0.1582,0.033,0.0519,,0.47,0.032,7.3,-12.53,-5.22,0.0,1,OK
2026-08-09 05:27:10,158,0.1423,0.0295,0.0519,,1.74,0.065,6.84,-11.77,-5.19,0.0,1,OK
2026-08-09 05:27:10,159,0.1545,0.0315,0.0714,,2.19,0.097,6.84,-11.77,-5.19,0.0,1,OK
2026-08-09 05:27:10,160,0.1709,0.0357,0.0714,,2.15,0.097,5.84,-9.18,-4.73,0.0,1,OK
2026-08-09 05:27:10,161,0.1884,0.0479,0.0714,,2.12,0.097,5.84,-9.18,-4.73,0.0,1,OK
2026-08-09 05:27:10,162,0.1891,0.038,0.0714,,2.0,0.0,7.4,-11.56,-4.64,0.0,1,OK
2026-08-09 05:27:11,163,0.2109,0.0358,0.0714,,1.88,0.0,7.4,-11.56,-4.64,0.0,1,OK
2026-08-09 05:27:11,164,0.2078,0.0429,0.0714,,1.76,0.0,6.6,-10.97,-4.81,0.0,1,OK
2026-08-09 05:27:11,165,0.2237,0.0433,0.0714,,1.66,0.0,6.6,-10.97,-4.81,0.0,1,OK
2026-08-09 05:27:11,166,0.2255,0.0478,0.0714,,1.56,0.0,7.42,-11.41,-4.78,0.0,1,OK
2026-08-09 05:27:11,167,0.2308,0.0639,0.0714,,1.46,0.0,7.42,-11.41,-4.78,0.0,1,OK
2026-08-09 05:27:11,168,0.2246,0.085,0.0714,,1.38,0.0,7.28,-10.71,-4.96,0.0,1,OK
2026-08-09 05:27:11,169,0.2377,0.1396,0.0714,,1.29,0.0,7.28,-10.71,-4.96,0.0,1,OK
2026-08-09 05:27:11,170,0.2421,0.1885,0.0714,,1.22,0.0,9.24,-18.34,-6.08,0.0,1,OK
2026-08-09 05:27:11,171,0.2342,0.2608,0.0714,,1.14,0.0,9.24,-18.34,-6.08,0.0,1,OK
2026-08-09 05:27:11,172,0.2076,0.2851,0.0714,,1.07,0.0,10.58,-17.65,-6.45,0.0,1,OK
2026-08-09 05:27:11,173,0.212,0.333,0.0714,,1.01,0.0,10.58,-17.65,-6.45,0.0,1,OK
2026-08-09 05:27:11,174,0.2238,0.4502,0.0649,,0.95,0.0,11.21,13.74,-3.77,0.0,1,OK
2026-08-09 05:27:11,175,0.2263,0.4962,0.0455,,0.89,0.0,11.21,13.74,-3.77,0.0,1,OK
2026-08-09 05:27:11,176,0.2239,0.5641,0.0455,,0.84,0.0,9.04,23.42,-3.43,0.0,1,OK
2026-08-09 05:27:11,177,0.227,0.5773,0.0455,,0.79,0.0,9.04,23.42,-3.43,0.0,1,OK
2026-08-09 05:27:11,178,0.2154,0.5845,0.0455,,0.74,0.0,8.53,24.31,-3.08,0.0,1,OK
2026-08-09 05:27:11,179,0.208,0.6125,0.0455,,0.73,0.0,8.53,24.31,-3.08,0.0,1,OK
2026-08-09 05:27:11,180,0.2257,0.6412,0.0455,,0.8,0.0,6.93,26.1,-3.62,0.0,1,OK
2026-08-09 05:27:11,181,0.1942,0.6791,0.0455,,0.98,0.0,6.93,26.1,-3.62,0.0,1,OK
2026-08-09 05:27:11,182,0.2043,0.6796,0.0455,,1.23,0.0,7.67,24.87,-3.08,0.0,1,OK
2026-08-09 05:27:11,183,0.1989,0.69,0.0455,,1.55,0.0,7.67,24.87,-3.08,0.0,1,OK
2026-08-09 05:27:11,184,0.2043,0.6826,0.0455,,1.91,0.0,7.34,26.88,-3.49,0.0,1,OK
2026-08-09 05:27:11,185,0.2017,0.697,0.0455,,2.31,0.0,7.34,26.88,-3.49,0.0,1,OK
2026-08-09 05:27:11,186,0.1905,0.6901,0.0455,,2.74,0.0,7.63,22.55,-3.59,0.0,1,OK
2026-08-09 05:27:11,187,0.1768,0.7418,0.0455,,3.19,0.0,7.63,22.55,-3.59,0.0,1,OK
2026-08-09 05:27:11,188,0.1843,0.7146,0.0455,,3.67,0.0,7.82,24.2,-3.23,0.0,1,OK
2026-08-09 05:27:11,189,0.1947,0.6701,0.0455,,4.15,0.0,7.82,24.2,-3.23,0.0,1,OK
2026-08-09 05:27:11,190,0.1903,0.7158,0.0455,,4.64,0.0,6.54,26.36,-3.6,0.0,1,OK
2026-08-09 05:27:11,191,0.1918,0.7209,0.0455,,5.15,0.0,6.54,26.36,-3.6,0.0,1,OK
2026-08-09 05:27:11,192,0.1986,0.715,0.0455,,5.66,0.0,5.52,25.54,-4.05,0.0,1,OK
2026-08-09 05:27:12,193,0.1812,0.7529,0.0455,,6.17,0.0,5.52,25.54,-4.05,0.0,1,OK
2026-08-09 05:27:12,194,0.1928,0.7623,0.0455,,6.58,0.0,4.46,27.11,-4.18,0.0,1,OK
2026-08-09 05:27:12,195,0.2057,0.7342,0.0455,,6.89,0.0,4.46,27.11,-4.18,0.0,1,OK
2026-08-09 05:27:12,196,0.1895,0.7404,0.0455,,7.13,0.0,4.86,27.53,-4.62,0.0,1,OK
2026-08-09 05:27:12,197,0.1875,0.7109,0.0455,,7.32,0.0,4.86,27.53,-4.62,0.0,1,OK
2026-08-09 05:27:12,198,0.1868,0.7305,0.0455,,7.47,0.0,4.9,26.69,-4.04,0.0,1,OK
2026-08-09 05:27:12,199,0.2001,0.7555,0.0455,,7.59,0.0,4.9,26.69,-4.04,0.0,1,OK
2026-08-09 05:27:12,200,0.197,0.7638,0.0455,,7.68,0.0,4.42,28.36,-4.74,0.0,1,OK
2026-08-09 05:27:12,201,0.1829,0.7415,0.0455,,7.75,0.0,4.42,28.36,-4.74,0.0,1,OK
2026-08-09 05:27:12,202,0.1747,0.7489,0.0455,,7.8,0.0,3.83,26.4,-4.61,0.0,1,OK
2026-08-09 05:27:12,203,0.1984,0.7324,0.0455,,7.85,0.0,3.83,26.4,-4.61,0.0,1,OK
2026-08-09 05:27:12,204,0.1912,0.7595,0.0455,,7.88,0.0,4.74,24.6,-3.9,0.0,1,OK
2026-08-09 05:27:12,205,0.1839,0.7499,0.0455,,7.91,0.0,4.74,24.6,-3.9,0.0,1,OK
2026-08-09 05:27:12,206,0.1862,0.7529,0.0455,,7.93,0.0,4.75,26.37,-4.01,0.0,1,OK
2026-08-09 05:27:12,207,0.1945,0.7508,0.0455,,7.94,0.0,4.75,26.37,-4.01,0.0,1,OK
2026-08-09 05:27:12,208,0.1716,0.7749,0.0455,,7.96,0.0,3.86,27.57,-4.48,0.0,1,OK
2026-08-09 05:27:12,209,0.1874,0.7526,0.0455,,7.97,0.0,3.86,27.57,-4.48,0.0,1,OK
2026-08-09 05:27:12,210,0.1985,0.758,0.0455,,7.97,0.0,3.4,27.31,-4.36,0.0,1,OK
2026-08-09 05:27:12,211,0.1848,0.7597,0.0455,,7.98,0.0,3.4,27.31,-4.36,0.0,1,OK
2026-08-09 05:27:12,212,0.191,0.7666,0.0455,,7.98,0.0,4.48,28.56,-4.45,0.0,1,OK
2026-08-09 05:27:12,213,0.1877,0.7489,0.0455,,7.99,0.0,4.48,28.56,-4.45,0.0,1,OK
2026-08-09 05:27:12,214,0.1906,0.7715,0.0455,,7.99,0.0,4.72,28.32,-4.29,0.0,1,OK
2026-08-09 05:27:12,215,0.1943,0.7487,0.0455,,7.99,0.0,4.72,28.32,-4.29,0.0,1,OK
2026-08-09 05:27:12,216,0.1745,0.7871,0.0455,,7.99,0.0,2.96,26.03,-5.18,0.0,1,OK
2026-08-09 05:27:12,217,0.1801,0.7686,0.0455,,8.0,0.0,2.96,26.03,-5.18,0.0,1,OK
2026-08-09 05:27:12,218,0.1804,0.789,0.0455,,8.0,0.0,3.36,26.31,-4.92,0.0,1,OK
2026-08-09 05:27:12,219,0.1696,0.7576,0.0455,,8.0,0.0,3.36,26.31,-4.92,0.0,1,OK
2026-08-09 05:27:12,220,0.1779,0.7472,0.0455,,8.0,0.0,2.46,27.59,-4.92,0.0,1,OK
2026-08-09 05:27:12,221,0.1866,0.7612,0.0455,,8.0,0.0,2.46,27.59,-4.92,0.0,1,OK
2026-08-09 05:27:12,222,0.1823,0.7867,0.0455,,8.0,0.0,1.99,26.38,-4.76,0.0,1,OK
2026-08-09 05:27:13,223,0.1856,0.7668,0.0455,,8.0,0.0,1.99,26.38,-4.76,0.0,1,OK
2026-08-09 05:27:13,224,0.1737,0.7457,0.0455,,8.0,0.0,3.0,26.64,-4.4,0.0,1,OK
2026-08-09 05:27:13,225,0.1764,0.7882,0.0455,,8.0,0.0,3.0,26.64,-4.4,0.0,1,OK
2026-08-09 05:27:13,226,0.1751,0.7882,0.0455,,8.0,0.0,7.08,-23.97,-6.03,0.0,1,OK
2026-08-09 05:27:13,227,0.1729,0.7724,0.0455,,8.0,0.0,7.08,-23.97,-6.03,0.0,1,OK
2026-08-09 05:27:13,228,0.1784,0.7533,0.0455,,8.0,0.0,1.22,26.1,-4.85,0.0,1,OK
2026-08-09 05:27:13,229,0.1774,0.7605,0.0455,,8.0,0.0,1.22,26.1,-4.85,0.0,1,OK
2026-08-09 05:27:13,230,0.1814,0.7718,0.0455,,8.0,0.0,1.8,26.69,-5.4,0.0,1,OK
2026-08-09 05:27:13,231,0.1562,0.7945,0.0455,,8.5,0.032,1.8,26.69,-5.4,0.0,1,OK
2026-08-09 05:27:13,232,0.164,0.8064,0.0455,,8.51,0.032,-0.62,29.37,-5.5,0.0,1,OK
2026-08-09 05:27:13,233,0.1742,0.8019,0.0455,,8.52,0.032,-0.62,29.37,-5.5,0.0,1,OK
2026-08-09 05:27:13,234,0.1689,0.8209,0.0455,,8.49,0.0,-0.4,29.64,-5.09,0.0,1,OK
2026-08-09 05:27:13,235,0.1611,0.8016,0.0455,,8.62,0.032,-0.4,29.64,-5.09,0.0,1,OK
2026-08-09 05:27:13,236,0.164,0.7938,0.0455,,8.62,0.032,-1.12,29.32,-6.31,0.0,1,OK
2026-08-09 05:27:13,237,0.1509,0.7832,0.0455,,9.39,0.065,-1.12,29.32,-6.31,0.0,1,OK
2026-08-09 05:27:13,238,0.1679,0.7743,0.0455,,9.37,0.065,-1.59,30.59,-5.86,0.0,1,OK
2026-08-09 05:27:13,239,0.1658,0.8066,0.0455,,9.35,0.065,-1.59,30.59,-5.86,0.0,1,OK
2026-08-09 05:27:13,240,0.1654,0.7923,0.0455,,9.27,0.0,-3.11,31.13,-5.86,0.0,1,OK
2026-08-09 05:27:13,241,0.1616,0.7743,0.0455,,9.25,0.032,-3.11,31.13,-5.86,0.0,1,OK
2026-08-09 05:27:13,242,0.1387,0.806,0.0455,,10.54,0.065,-5.03,30.41,-6.35,0.0,1,OK
2026-08-09 05:27:13,243,0.1557,0.7775,0.0649,,10.75,0.097,-5.03,30.41,-6.35,0.0,1,OK
2026-08-09 05:27:13,244,0.1491,0.7119,0.0714,,11.39,0.13,-5.15,29.54,-6.97,0.0,1,OK
2026-08-09 05:27:13,245,0.1605,0.6805,0.0779,,11.4,0.162,-5.15,29.54,-6.97,0.0,1,OK
2026-08-09 05:27:13,246,0.1639,0.6199,0.0779,,11.36,0.162,-5.84,28.33,-7.16,0.0,1,OK
2026-08-09 05:27:13,247,0.1507,0.6567,0.0779,,12.02,0.195,-5.84,28.33,-7.16,0.0,1,OK
2026-08-09 05:27:13,248,0.1589,0.6579,0.0779,,12.21,0.227,-7.78,29.0,-8.18,0.0,1,OK
2026-08-09 05:27:13,249,0.162,0.6293,0.0974,,12.31,0.259,-7.78,29.0,-8.18,0.0,1,OK
2026-08-09 05:27:13,250,0.1564,0.6114,0.0974,,12.82,0.292,-9.92,26.56,-8.62,0.0,1,OK
2026-08-09 05:27:13,251,0.1492,0.6279,0.0844,,13.72,0.324,-9.92,26.56,-8.62,0.0,1,OK
2026-08-09 05:27:13,252,0.1636,0.6278,0.0844,,13.7,0.324,-11.2,24.94,-8.58,0.0,1,OK
2026-08-09 05:27:13,253,0.1582,0.6047,0.0844,,14.04,0.357,-11.2,24.94,-8.58,0.0,1,OK
2026-08-09 05:27:14,254,0.17,0.5856,0.0844,,13.56,0.357,-8.46,25.97,-8.11,0.0,1,OK
2026-08-09 05:27:14,255,0.1499,0.6253,0.0844,,13.36,0.389,-8.46,25.97,-8.11,0.0,1,OK
2026-08-09 05:27:14,256,0.1485,0.6379,0.0844,,13.27,0.422,-10.16,22.8,-9.1,0.0,1,OK
2026-08-09 05:27:14,257,0.1431,0.6011,0.1039,,13.55,0.454,-10.16,22.8,-9.1,0.0,1,OK
2026-08-09 05:27:14,258,0.1667,0.6067,0.1039,,13.35,0.454,-9.57,23.87,-8.05,0.0,1,OK
2026-08-09 05:27:14,259,0.1708,0.5101,0.1039,,13.03,0.454,-9.57,23.87,-8.05,0.0,1,OK
2026-08-09 05:27:14,260,0.1589,0.5745,0.1039,,12.83,0.487,-10.29,24.51,-8.13,0.0,1,OK
2026-08-09 05:27:14,261,0.1659,0.547,0.1039,,12.57,0.487,-10.29,24.51,-8.13,0.0,1,OK
2026-08-09 05:27:14,262,0.1493,0.5909,0.1039,,12.57,0.519,-12.38,23.35,-8.49,0.0,1,OK
2026-08-09 05:27:14,263,0.1533,0.5525,0.1039,,12.54,0.551,-12.38,23.35,-8.49,0.0,1,OK
2026-08-09 05:27:14,264,0.1422,0.5599,0.1234,,13.59,0.584,-12.78,22.95,-8.75,0.0,1,OK
2026-08-09 05:27:14,265,0.1747,0.5463,0.1234,,13.51,0.584,-12.78,22.95,-8.75,0.0,1,OK
2026-08-09 05:27:14,266,0.1758,0.5293,0.1234,,13.42,0.584,-12.51,21.86,-8.48,0.0,1,OK
2026-08-09 05:27:14,267,0.1535,0.5846,0.1234,,13.79,0.616,-12.51,21.86,-8.48,0.0,1,OK
2026-08-09 05:27:14,268,0.1536,0.5988,0.1234,,14.19,0.649,-13.52,20.8,-8.24,0.0,1,OK
2026-08-09 05:27:14,269,0.1739,0.547,0.1234,,14.13,0.649,-13.52,20.8,-8.24,0.0,1,OK
2026-08-09 05:27:14,270,0.1624,0.5396,0.1234,,14.13,0.681,-11.38,23.33,-7.64,0.0,1,OK
2026-08-09 05:27:14,271,0.1651,0.5157,0.1234,,14.11,0.681,-11.38,23.33,-7.64,0.0,1,OK
2026-08-09 05:27:14,272,0.1576,0.5696,0.1234,,14.46,0.714,-14.2,19.8,-7.81,0.0,1,OK
2026-08-09 05:27:14,273,0.1502,0.5431,0.1234,,15.25,0.746,-14.2,19.8,-7.81,0.0,1,OK
2026-08-09 05:27:14,274,0.1496,0.5699,0.1429,,16.46,0.778,-11.51,22.23,-7.88,0.0,1,OK
2026-08-09 05:27:14,275,0.1524,0.5748,0.1494,,17.51,0.811,-11.51,22.23,-7.88,0.0,1,OK
2026-08-09 05:27:14,276,0.1709,0.5236,0.1494,,17.74,0.811,-14.84,16.83,-7.66,0.0,1,OK
2026-08-09 05:27:14,277,0.1469,0.5737,0.1494,,18.92,0.843,-14.84,16.83,-7.66,0.0,1,OK
2026-08-09 05:27:14,278,0.152,0.5256,0.1494,,19.69,0.876,-13.42,22.97,-8.05,0.0,1,OK
2026-08-09 05:27:14,279,0.152,0.5885,0.1688,,20.84,0.908,-13.42,22.97,-8.05,0.0,1,OK
2026-08-09 05:27:14,280,0.1604,0.5642,0.1765,,21.58,0.943,-14.94,18.01,-7.16,0.0,1,OK
2026-08-09 05:27:14,281,0.1627,0.5541,0.183,,22.29,0.975,-14.94,18.01,-7.16,0.0,1,OK
2026-08-09 05:27:14,282,0.1697,0.4998,0.183,,22.82,0.975,-16.08,15.96,-7.28,0.0,1,OK
2026-08-09 05:27:14,283,0.1499,0.5552,0.183,,24.07,1.008,-16.08,15.96,-7.28,0.0,1,OK
2026-08-09 05:27:15,284,0.1476,0.5649,0.183,,25.29,1.04,-14.44,23.81,-6.72,0.0,1,OK
2026-08-09 05:27:15,285,0.1424,0.5245,0.2026,,27.08,1.073,-14.44,23.81,-6.72,0.0,1,OK
2026-08-09 05:27:15,286,0.1319,0.507,0.2092,,29.3,1.105,-13.9,22.18,-6.34,0.0,1,OK
2026-08-09 05:27:15,287,0.133,0.5465,0.2157,,31.23,1.138,-13.9,22.18,-6.34,0.0,1,OK
2026-08-09 05:27:15,288,0.1415,0.4886,0.2222,,32.55,1.17,-14.01,22.56,-6.64,0.0,1,OK
2026-08-09 05:27:15,289,0.1758,0.4356,0.2222,,32.51,1.17,-14.01,22.56,-6.64,0.0,1,OK
2026-08-09 05:27:15,290,0.1727,0.4403,0.2222,,32.47,1.17,-14.75,19.02,-5.62,0.0,1,OK
2026-08-09 05:27:15,291,0.1826,0.4679,0.2222,,31.26,0.0,-14.75,19.02,-5.62,0.0,1,OK
2026-08-09 05:27:15,292,0.1821,0.4188,0.2222,,30.12,0.0,-16.53,19.65,-6.44,0.0,1,OK
2026-08-09 05:27:15,293,0.1754,0.3723,0.2222,,29.04,0.0,-16.53,19.65,-6.44,0.0,1,OK
2026-08-09 05:27:15,294,0.178,0.3975,0.2222,,28.03,0.0,-17.11,15.25,-4.91,0.0,1,OK
2026-08-09 05:27:15,295,0.1778,0.4127,0.2222,,27.09,0.0,-17.11,15.25,-4.91,0.0,1,OK
2026-08-09 05:27:15,296,0.1646,0.3873,0.2222,,26.19,0.0,-17.5,14.83,-4.58,0.0,1,OK
2026-08-09 05:27:15,297,0.1559,0.409,0.2222,,25.5,0.033,-17.5,14.83,-4.58,0.0,1,OK
2026-08-09 05:27:15,298,0.1561,0.39,0.2222,,24.87,0.065,-21.32,12.17,-4.06,0.0,1,OK
2026-08-09 05:27:15,299,0.1548,0.3763,0.2418,,24.45,0.098,-21.32,12.17,-4.06,0.0,1,OK
2026-08-09 05:27:15,300,0.1402,0.3817,0.2484,,24.35,0.13,-22.11,13.16,-3.94,0.0,1,OK
2026-08-09 05:27:15,301,0.1507,0.3793,0.2549,,24.16,0.163,-22.11,13.16,-3.94,0.0,1,OK
2026-08-09 05:27:15,302,0.1556,0.3922,0.2614,,23.99,0.195,-19.2,13.38,-4.39,0.0,1,OK
2026-08-09 05:27:15,303,0.152,0.4547,0.268,,23.96,0.228,-19.2,13.38,-4.39,0.0,1,OK
2026-08-09 05:27:15,304,0.1566,0.4112,0.2745,,23.93,0.26,-20.09,15.27,-4.34,0.0,1,OK
2026-08-09 05:27:15,305,0.1369,0.4058,0.281,,25.15,0.293,-20.09,15.27,-4.34,0.0,1,OK
2026-08-09 05:27:15,306,0.1476,0.4384,0.2876,,25.79,0.325,-21.37,6.67,-3.52,0.0,1,OK
2026-08-09 05:27:15,307,0.1616,0.4427,0.2941,,25.8,0.358,-21.37,6.67,-3.52,0.0,1,OK
2026-08-09 05:27:15,308,0.1616,0.3991,0.3007,,26.08,0.39,-19.55,15.41,-4.38,0.0,1,OK
2026-08-09 05:27:15,309,0.1398,0.4823,0.3072,,27.73,0.423,-19.55,15.41,-4.38,0.0,1,OK
2026-08-09 05:27:15,310,0.1452,0.4277,0.2941,,28.55,0.455,-18.68,13.45,-3.94,0.0,1,OK
2026-08-09 05:27:15,311,0.1447,0.4386,0.3007,,29.49,0.488,-18.68,13.45,-3.94,0.0,1,OK
2026-08-09 05:27:15,312,0.1524,0.4268,0.3072,,30.07,0.52,-15.43,19.22,-4.24,0.0,1,OK
2026-08-09 05:27:15,313,0.1693,0.4462,0.3072,,30.03,0.52,-15.43,19.22,-4.24,0.0,1,OK
2026-08-09 05:27:16,314,0.1543,0.4026,0.3072,,30.51,0.553,-15.89,16.11,-4.57,0.0,1,OK
2026-08-09 05:27:16,315,0.1575,0.4655,0.3072,,30.83,0.585,-15.89,16.11,-4.57,0.0,1,OK
2026-08-09 05:27:16,316,0.1686,0.4496,0.3072,,30.82,0.585,-16.35,17.26,-4.65,0.0,1,OK
2026-08-09 05:27:16,317,0.1524,0.4521,0.3072,,31.47,0.618,-16.35,17.26,-4.65,0.0,1,OK
2026-08-09 05:27:16,318,0.163,0.4188,0.3072,,31.52,0.65,-14.77,20.18,-4.37,0.0,1,OK
2026-08-09 05:27:16,319,0.1613,0.4318,0.3268,,32.21,0.683,-14.77,20.18,-4.37,0.0,1,OK
2026-08-09 05:27:16,320,0.1459,0.4926,0.3333,,33.84,0.715,-16.46,17.28,-4.76,0.0,1,OK
2026-08-09 05:27:16,321,0.1672,0.4899,0.3333,,34.17,0.715,-16.46,17.28,-4.76,0.0,1,OK
2026-08-09 05:27:16,322,0.1516,0.445,0.3333,,35.18,0.748,-15.17,19.07,-4.16,0.0,1,OK
2026-08-09 05:27:16,323,0.1625,0.4596,0.3333,,35.5,0.78,-15.17,19.07,-4.16,0.0,1,OK
2026-08-09 05:27:16,324,0.1487,0.4819,0.3529,,37.04,0.813,-17.54,18.33,-4.44,0.0,1,OK
2026-08-09 05:27:16,325,0.154,0.4783,0.3595,,38.23,0.845,-17.54,18.33,-4.44,0.0,1,OK
2026-08-09 05:27:16,326,0.1637,0.5048,0.3595,,38.65,0.845,-17.16,13.93,-4.08,0.0,1,OK
2026-08-09 05:27:16,327,0.1531,0.4587,0.3595,,39.65,0.878,-17.16,13.93,-4.08,0.0,1,OK
2026-08-09 05:27:16,328,0.1398,0.563,0.3595,,41.27,0.91,-18.78,16.41,-5.08,0.0,1,LOW
2026-08-09 05:27:16,329,0.1631,0.4896,0.3791,,41.83,0.943,-18.78,16.41,-5.08,0.0,1,LOW
2026-08-09 05:27:16,330,0.1566,0.5033,0.3856,,42.88,0.975,-15.52,18.94,-4.75,0.0,1,LOW
2026-08-09 05:27:16,331,0.1612,0.5198,0.3922,,43.71,1.008,-15.52,18.94,-4.75,0.0,1,LOW
2026-08-09 05:27:16,332,0.1631,0.4612,0.3987,,44.52,1.04,-14.05,19.12,-3.98,0.0,1,LOW
2026-08-09 05:27:16,333,0.1554,0.4703,0.4052,,45.72,1.073,-14.05,19.12,-3.98,0.0,1,LOW
2026-08-09 05:27:16,334,0.1447,0.5019,0.4118,,47.35,1.105,-17.82,18.61,-5.05,0.0,1,LOW
2026-08-09 05:27:16,335,0.1362,0.5174,0.4183,,49.2,1.138,-17.82,18.61,-5.05,0.0,1,LOW
2026-08-09 05:27:16,336,0.1623,0.491,0.4248,,49.35,1.17,-15.1,19.43,-4.74,0.0,1,LOW
2026-08-09 05:27:16,337,0.1619,0.5284,0.4314,,49.62,1.203,-15.1,19.43,-4.74,0.0,1,LOW
2026-08-09 05:27:16,338,0.1427,0.5113,0.4379,,50.98,1.235,-16.43,18.18,-5.46,0.0,1,LOW
2026-08-09 05:27:16,339,0.1544,0.5005,0.4444,,51.53,1.268,-16.43,18.18,-5.46,0.0,1,LOW
2026-08-09 05:27:16,340,0.1596,0.5196,0.451,,51.8,1.3,-14.23,21.11,-4.56,0.0,1,LOW
2026-08-09 05:27:16,341,0.1536,0.5153,0.4575,,52.45,1.333,-14.23,21.11,-4.56,0.0,1,LOW
2026-08-09 05:27:16,342,0.1602,0.5258,0.4641,,52.72,1.365,-15.61,22.22,-5.21,0.0,1,LOW
2026-08-09 05:27:16,343,0.165,0.478,0.4641,,52.77,1.365,-15.61,22.22,-5.21,0.0,1,LOW
2026-08-09 05:27:17,344,0.1579,0.5035,0.4641,,53.22,1.398,-15.53,19.52,-5.09,0.0,1,LOW
2026-08-09 05:27:17,345,0.1547,0.5577,0.4641,,53.86,1.43,-15.53,19.52,-5.09,0.0,1,LOW
2026-08-09 05:27:17,346,0.1559,0.5235,0.4837,,54.42,1.463,-13.87,21.49,-5.15,0.0,1,LOW
2026-08-09 05:27:17,347,0.1409,0.5889,0.4902,,55.78,1.495,-13.87,21.49,-5.15,0.0,1,LOW
2026-08-09 05:27:17,348,0.1558,0.4932,0.4967,,56.16,1.528,-15.54,17.84,-4.73,0.0,1,LOW
2026-08-09 05:27:17,349,0.1398,0.5673,0.5033,,57.44,1.56,-15.54,17.84,-4.73,0.0,1,LOW
2026-08-09 05:27:17,350,0.1632,0.5328,0.5098,,57.4,1.593,-14.82,19.33,-5.63,0.0,1,LOW
2026-08-09 05:27:17,351,0.1545,0.5143,0.5163,,57.86,1.625,-14.82,19.33,-5.63,0.0,1,LOW
2026-08-09 05:27:17,352,0.1636,0.4982,0.5163,,57.82,1.625,-12.31,23.82,-5.37,0.0,1,LOW
2026-08-09 05:27:17,353,0.1421,0.5091,0.5163,,58.97,1.658,-12.31,23.82,-5.37,0.0,1,LOW
2026-08-09 05:27:17,354,0.1463,0.5507,0.5163,,59.76,1.69,-14.31,23.02,-5.51,0.0,1,LOW
2026-08-09 05:27:17,355,0.1531,0.5815,0.5359,,60.13,1.723,-14.31,23.02,-5.51,0.0,1,LOW
2026-08-09 05:27:17,356,0.1503,0.5374,0.5425,,60.69,1.755,-13.84,22.6,-5.51,0.0,1,LOW
2026-08-09 05:27:17,357,0.1576,0.5611,0.549,,60.85,1.788,-13.84,22.6,-5.51,0.0,1,LOW
2026-08-09 05:27:17,358,0.1454,0.5455,0.5556,,61.76,1.82,-13.15,22.0,-5.46,0.0,1,LOW
2026-08-09 05:27:17,359,0.1631,0.4828,0.5621,,61.73,1.853,-13.15,22.0,-5.46,0.0,1,LOW
2026-08-09 05:27:17,360,0.1524,0.5375,0.5686,,62.3,1.885,-15.19,20.26,-5.66,0.0,1,LOW
2026-08-09 05:27:17,361,0.143,0.5992,0.5752,,63.38,1.918,-15.19,20.26,-5.66,0.0,1,LOW
2026-08-09 05:27:17,362,0.1595,0.5659,0.5817,,63.45,1.95,-13.43,21.5,-4.97,0.0,1,LOW
2026-08-09 05:27:17,363,0.1605,0.5574,0.5882,,63.57,1.983,-13.43,21.5,-4.97,0.0,1,LOW
2026-08-09 05:27:17,364,0.1524,0.5633,0.5948,,64.22,2.015,-14.71,22.73,-5.65,0.0,1,LOW
2026-08-09 05:27:17,365,0.1586,0.5812,0.6013,,64.52,2.048,-14.71,22.73,-5.65,0.0,1,LOW
2026-08-09 05:27:17,366,0.1472,0.5659,0.6078,,65.48,2.08,-14.54,20.2,-5.46,0.0,1,LOW
2026-08-09 05:27:17,367,0.1501,0.554,0.6144,,66.2,2.113,-14.54,20.2,-5.46,0.0,1,LOW
2026-08-09 05:27:17,368,0.1482,0.5587,0.6209,,66.98,2.146,-13.8,21.9,-6.08,0.0,1,LOW
2026-08-09 05:27:17,369,0.1665,0.5759,0.6209,,66.92,2.146,-13.8,21.9,-6.08,0.0,1,LOW
2026-08-09 05:27:17,370,0.1614,0.58,0.6209,,66.95,2.178,-13.68,20.39,-5.53,0.0,1,LOW
2026-08-09 05:27:17,371,0.1462,0.5931,0.6209,,67.91,2.211,-13.68,20.39,-5.53,0.0,1,LOW
2026-08-09 05:27:17,372,0.1566,0.6066,0.6405,,68.34,2.243,-13.21,23.49,-5.83,0.0,1,LOW
2026-08-09 05:27:17,373,0.1525,0.5886,0.6471,,68.9,2.276,-13.21,23.49,-5.83,0.0,1,LOW
2026-08-09 05:27:17,374,0.1445,0.5715,0.6536,,69.88,2.308,-10.76,23.34,-4.9,0.0,1,HIGH
2026-08-09 05:27:18,375,0.1432,0.6156,0.6601,,70.96,2.341,-10.76,23.34,-4.9,0.0,1,HIGH
2026-08-09 05:27:18,376,0.1483,0.619,0.6667,,71.76,2.373,-13.91,21.55,-5.31,0.0,1,HIGH
2026-08-09 05:27:18,377,0.1542,0.6475,0.6732,,72.31,2.406,-13.91,21.55,-5.31,0.0,1,HIGH
2026-08-09 05:27:18,378,0.163,0.6081,0.6797,,72.5,2.438,-10.63,23.89,-4.79,0.0,1,HIGH
2026-08-09 05:27:18,379,0.1356,0.6837,0.6863,,74.36,2.471,-10.63,23.89,-4.79,0.0,1,HIGH
2026-08-09 05:27:18,380,0.1628,0.6944,0.6928,,74.57,2.503,-9.87,24.74,-4.48,0.0,1,HIGH
2026-08-09 05:27:18,381,0.1692,0.6482,0.6928,,74.83,2.503,-9.87,24.74,-4.48,0.0,1,HIGH
2026-08-09 05:27:18,382,0.1483,0.7104,0.6928,,75.95,2.536,-9.58,26.8,-4.36,0.0,1,HIGH
2026-08-09 05:27:18,383,0.1658,0.6591,0.6928,,76.14,2.536,-9.58,26.8,-4.36,0.0,1,HIGH
2026-08-09 05:27:18,384,0.1503,0.7246,0.6928,,77.1,2.568,-9.88,25.04,-4.49,0.0,1,HIGH
2026-08-09 05:27:18,385,0.164,0.6845,0.6928,,77.27,2.568,-9.88,25.04,-4.49,0.0,1,HIGH
2026-08-09 05:27:18,386,0.1605,0.693,0.6928,,77.67,2.601,-7.4,25.27,-4.03,0.0,1,HIGH
2026-08-09 05:27:18,387,0.1571,0.6829,0.6928,,78.28,2.633,-7.4,25.27,-4.03,0.0,1,HIGH
2026-08-09 05:27:18,388,0.1348,0.6784,0.7124,,80.08,2.666,-5.59,25.87,-4.09,0.0,1,HIGH
2026-08-09 05:27:18,389,0.1477,0.663,0.719,,80.9,2.698,-5.59,25.87,-4.09,0.0,1,HIGH
2026-08-09 05:27:18,390,0.1599,0.6576,0.7255,,80.9,2.731,-5.4,27.05,-4.32,0.0,1,HIGH
2026-08-09 05:27:18,391,0.163,0.68,0.732,,80.85,2.763,-5.4,27.05,-4.32,0.0,1,HIGH
2026-08-09 05:27:18,392,0.1709,0.6642,0.732,,80.8,2.763,-2.15,24.79,-3.13,0.0,1,HIGH
2026-08-09 05:27:18,393,0.168,0.6531,0.732,,80.75,2.763,-2.15,24.79,-3.13,0.0,1,HIGH
2026-08-09 05:27:18,394,0.1755,0.6213,0.7255,,78.18,0.0,-1.14,24.14,-3.05,0.0,1,HIGH
2026-08-09 05:27:18,395,0.1697,0.6711,0.719,,75.77,0.0,-1.14,24.14,-3.05,0.0,1,HIGH
2026-08-09 05:27:18,396,0.1851,0.6577,0.6993,,73.51,0.0,2.43,24.3,-2.17,0.0,1,HIGH
2026-08-09 05:27:18,397,0.1709,0.6604,0.6993,,71.38,0.0,2.43,24.3,-2.17,0.0,1,HIGH
2026-08-09 05:27:18,398,0.1564,0.663,0.6993,,69.51,0.033,0.98,23.21,-2.95,0.0,1,HIGH
2026-08-09 05:27:18,399,0.1571,0.6629,0.6993,,67.77,0.065,0.98,23.21,-2.95,0.0,1,HIGH
2026-08-09 05:27:18,400,0.1951,0.6319,0.6948,,66.05,0.065,4.31,23.33,-1.89,0.0,1,HIGH
2026-08-09 05:27:18,401,0.1695,0.6428,0.6883,,64.43,0.065,4.31,23.33,-1.89,0.0,1,HIGH
2026-08-09 05:27:18,402,0.1946,0.6315,0.6818,,62.85,0.0,6.18,22.89,-2.33,0.0,1,HIGH
2026-08-09 05:27:18,403,0.1792,0.6506,0.6623,,61.36,0.0,6.18,22.89,-2.33,0.0,1,HIGH
2026-08-09 05:27:18,404,0.1892,0.6574,0.6623,,59.96,0.0,8.2,-22.64,-4.2,0.0,1,HIGH
2026-08-09 05:27:19,405,0.1895,0.6406,0.6623,,58.64,0.0,8.2,-22.64,-4.2,0.0,1,HIGH
2026-08-09 05:27:19,406,0.2001,0.6318,0.6623,,57.4,0.0,6.99,22.64,-2.21,0.0,1,HIGH
2026-08-09 05:27:19,407,0.1963,0.6346,0.6623,,56.24,0.0,6.99,22.64,-2.21,0.0,1,HIGH
2026-08-09 05:27:19,408,0.2017,0.6343,0.6623,,55.14,0.0,6.71,24.51,-1.51,0.0,1,HIGH
2026-08-09 05:27:19,409,0.2108,0.671,0.6429,,54.11,0.0,6.71,24.51,-1.51,0.0,1,HIGH
2026-08-09 05:27:19,410,0.1935,0.6697,0.6429,,53.15,0.0,6.2,24.71,-0.84,0.0,1,HIGH
2026-08-09 05:27:19,411,0.2101,0.6828,0.6429,,52.24,0.0,6.2,24.71,-0.84,0.0,1,HIGH
2026-08-09 05:27:19,412,0.1952,0.6528,0.6429,,51.38,0.0,8.62,20.88,-1.04,0.0,1,HIGH
2026-08-09 05:27:19,413,0.2035,0.652,0.6429,,50.58,0.0,8.62,20.88,-1.04,0.0,1,HIGH
2026-08-09 05:27:19,414,0.205,0.6664,0.6429,,49.83,0.0,9.14,22.22,-0.95,0.0,1,HIGH
2026-08-09 05:27:19,415,0.2021,0.6904,0.6429,,49.12,0.0,9.14,22.22,-0.95,0.0,1,HIGH
2026-08-09 05:27:19,416,0.208,0.684,0.6234,,48.45,0.0,6.89,24.28,-1.45,0.0,1,HIGH
2026-08-09 05:27:19,417,0.2073,0.6537,0.6234,,47.82,0.0,6.89,24.28,-1.45,0.0,1,HIGH
2026-08-09 05:27:19,418,0.1974,0.6807,0.6234,,47.23,0.0,8.58,19.69,-1.53,0.0,1,HIGH
2026-08-09 05:27:19,419,0.2034,0.6637,0.6234,,46.68,0.0,8.58,19.69,-1.53,0.0,1,HIGH
2026-08-09 05:27:19,420,0.1769,0.6342,0.6234,,46.16,0.0,9.28,17.37,-1.84,0.0,1,HIGH
2026-08-09 05:27:19,421,0.1897,0.6206,0.6234,,45.67,0.0,9.28,17.37,-1.84,0.0,1,HIGH
2026-08-09 05:27:19,422,0.1999,0.6006,0.6234,,45.21,0.0,8.82,18.15,-2.11,0.0,1,HIGH
2026-08-09 05:27:19,423,0.1958,0.604,0.6234,,44.78,0.0,8.82,18.15,-2.11,0.0,1,HIGH
2026-08-09 05:27:19,424,0.1789,0.6171,0.6234,,44.37,0.0,8.76,22.0,-1.41,0.0,1,HIGH
2026-08-09 05:27:19,425,0.2012,0.5904,0.6234,,43.51,0.0,8.76,22.0,-1.41,0.0,1,HIGH
2026-08-09 05:27:19,426,0.1858,0.5954,0.6169,,42.7,0.0,9.82,19.12,-1.92,0.0,1,HIGH
2026-08-09 05:27:19,427,0.184,0.5799,0.5974,,41.94,0.0,9.82,19.12,-1.92,0.0,1,HIGH
2026-08-09 05:27:19,428,0.182,0.6222,0.5974,,41.25,0.0,10.69,17.97,-1.81,0.0,1,HIGH
2026-08-09 05:27:19,429,0.2043,0.5899,0.5974,,40.58,0.0,10.69,17.97,-1.81,0.0,1,HIGH
2026-08-09 05:27:19,430,0.1905,0.5803,0.5974,,39.94,0.0,7.24,22.12,-2.17,0.0,1,HIGH
2026-08-09 05:27:19,431,0.1952,0.6236,0.5909,,39.38,0.0,7.24,22.12,-2.17,0.0,1,HIGH
2026-08-09 05:27:19,432,0.1871,0.6336,0.5844,,38.88,0.0,8.1,19.69,-2.4,0.0,1,HIGH
2026-08-09 05:27:19,433,0.1978,0.6372,0.5649,,38.44,0.0,8.1,19.69,-2.4,0.0,1,HIGH
2026-08-09 05:27:19,434,0.1977,0.6378,0.5649,,38.06,0.0,5.48,24.9,-2.82,0.0,1,HIGH
2026-08-09 05:27:19,435,0.2019,0.5962,0.5649,,37.58,0.0,5.48,24.9,-2.82,0.0,1,HIGH
2026-08-09 05:27:20,436,0.1786,0.6434,0.5649,,37.16,0.0,5.35,23.59,-2.56,0.0,1,HIGH
2026-08-09 05:27:20,437,0.1972,0.6481,0.5584,,36.79,0.0,5.35,23.59,-2.56,0.0,1,HIGH
2026-08-09 05:27:20,438,0.1957,0.6354,0.5519,,36.48,0.0,6.17,23.45,-3.12,0.0,1,HIGH
2026-08-09 05:27:20,439,0.1929,0.6552,0.5455,,36.22,0.0,6.17,23.45,-3.12,0.0,1,HIGH
2026-08-09 05:27:20,440,0.191,0.6229,0.526,,36.01,0.0,6.95,23.05,-2.26,0.0,1,HIGH
2026-08-09 05:27:20,441,0.1882,0.6263,0.526,,35.84,0.0,6.95,23.05,-2.26,0.0,1,HIGH
2026-08-09 05:27:20,442,0.1888,0.6308,0.526,,35.71,0.0,6.86,23.59,-2.24,0.0,1,HIGH
2026-08-09 05:27:20,443,0.1917,0.6432,0.526,,35.62,0.0,6.86,23.59,-2.24,0.0,1,HIGH
2026-08-09 05:27:20,444,0.1931,0.6091,0.526,,35.58,0.0,5.22,22.65,-2.67,0.0,1,HIGH
2026-08-09 05:27:20,445,0.1901,0.5724,0.526,,35.24,0.0,5.22,22.65,-2.67,0.0,1,HIGH
2026-08-09 05:27:20,446,0.177,0.5839,0.526,,34.93,0.0,7.35,21.94,-2.18,0.0,1,HIGH
2026-08-09 05:27:20,447,0.1619,0.5904,0.526,,34.68,0.032,7.35,21.94,-2.18,0.0,1,HIGH
2026-08-09 05:27:20,448,0.1739,0.5442,0.526,,34.44,0.032,7.83,19.33,-1.82,0.0,1,HIGH
2026-08-09 05:27:20,449,0.1619,0.6028,0.526,,34.29,0.065,7.83,19.33,-1.82,0.0,1,HIGH
2026-08-09 05:27:20,450,0.1828,0.5872,0.526,,34.09,0.065,7.38,22.42,-2.39,0.0,1,HIGH
2026-08-09 05:27:20,451,0.203,0.611,0.5195,,33.95,0.065,7.38,22.42,-2.39,0.0,1,HIGH
2026-08-09 05:27:20,452,0.1949,0.6271,0.513,,33.77,0.0,7.57,24.2,-2.55,0.0,1,HIGH
2026-08-09 05:27:20,453,0.1938,0.6224,0.5065,,33.64,0.0,7.57,24.2,-2.55,0.0,1,HIGH
2026-08-09 05:27:20,454,0.2059,0.5642,0.5,,33.42,0.0,9.14,21.76,-2.27,0.0,1,HIGH
2026-08-09 05:27:20,455,0.1991,0.5464,0.4935,,33.22,0.0,9.14,21.76,-2.27,0.0,1,HIGH
2026-08-09 05:27:20,456,0.1804,0.5196,0.487,,33.03,0.0,9.27,20.0,-2.59,0.0,1,HIGH
2026-08-09 05:27:20,457,0.2016,0.4828,0.4805,,32.84,0.0,9.27,20.0,-2.59,0.0,1,HIGH
2026-08-09 05:27:20,458,0.2199,0.4496,0.474,,32.67,0.0,8.82,23.4,-2.7,0.0,1,HIGH
2026-08-09 05:27:20,459,0.2071,0.3784,0.4675,,32.51,0.0,8.82,23.4,-2.7,0.0,1,HIGH
2026-08-09 05:27:20,460,0.2028,0.3352,0.461,,32.36,0.0,6.8,16.96,-3.33,0.0,1,HIGH
2026-08-09 05:27:20,461,0.2133,0.3186,0.4545,,32.22,0.0,6.8,16.96,-3.33,0.0,1,HIGH
2026-08-09 05:27:20,462,0.2125,0.1723,0.4481,,32.09,0.0,7.36,10.27,-4.17,0.0,1,HIGH
2026-08-09 05:27:20,463,0.2049,0.1649,0.4416,,31.96,0.0,7.36,10.27,-4.17,0.0,1,HIGH
2026-08-09 05:27:20,464,0.1802,0.1198,0.4221,,31.84,0.0,9.21,8.6,-3.94,0.0,1,HIGH
2026-08-09 05:27:20,465,0.2034,0.0762,0.4221,,31.73,0.0,9.21,8.6,-3.94,0.0,1,HIGH
2026-08-09 05:27:21,466,0.1944,0.0784,0.4221,,31.63,0.0,9.72,4.27,-4.86,0.0,1,HIGH
2026-08-09 05:27:21,467,0.1961,0.0629,0.4221,,31.53,0.0,9.72,4.27,-4.86,0.0,1,LOW
2026-08-09 05:27:21,468,0.2106,0.0434,0.4221,,31.44,0.0,9.74,7.63,-4.84,0.0,1,LOW
2026-08-09 05:27:21,469,0.195,0.0469,0.4221,,31.35,0.0,9.74,7.63,-4.84,0.0,1,LOW
2026-08-09 05:27:21,470,0.2114,0.0412,0.4221,,31.27,0.0,11.78,5.91,-4.35,0.0,1,LOW
2026-08-09 05:27:21,471,0.2011,0.0527,0.4156,,31.2,0.0,11.78,5.91,-4.35,0.0,1,LOW
2026-08-09 05:27:21,472,0.1939,0.0359,0.3961,,31.1,0.0,13.15,3.69,-5.23,0.0,1,LOW
2026-08-09 05:27:21,473,0.2171,0.045,0.3961,,31.01,0.0,13.15,3.69,-5.23,0.0,1,LOW
2026-08-09 05:27:21,474,0.2198,0.0336,0.3961,,30.93,0.0,13.3,3.98,-5.73,0.0,1,LOW
2026-08-09 05:27:21,475,0.2189,0.0357,0.3961,,30.85,0.0,13.3,3.98,-5.73,0.0,1,LOW
2026-08-09 05:27:21,476,0.2179,0.0435,0.3896,,30.74,0.0,16.97,1.29,-5.63,0.0,1,LOW
2026-08-09 05:27:21,477,0.2122,0.0443,0.3701,,30.51,0.0,16.97,1.29,-5.63,0.0,1,LOW
2026-08-09 05:27:21,478,0.2083,0.0409,0.3701,,30.3,0.0,13.56,5.46,-5.52,0.0,1,LOW
2026-08-09 05:27:21,479,0.2072,0.0268,0.3701,,30.1,0.0,13.56,5.46,-5.52,0.0,1,LOW
2026-08-09 05:27:21,480,0.2123,0.0299,0.3701,,29.92,0.0,12.92,3.95,-5.93,0.0,1,LOW
2026-08-09 05:27:21,481,0.2124,0.0383,0.3636,,29.71,0.0,12.92,3.95,-5.93,0.0,1,LOW
2026-08-09 05:27:21,482,0.2078,0.0364,0.3571,,29.47,0.0,15.18,0.11,-6.2,0.0,1,LOW
2026-08-09 05:27:21,483,0.1812,0.0352,0.3506,,29.2,0.0,15.18,0.11,-6.2,0.0,1,LOW
2026-08-09 05:27:21,484,0.2141,0.0292,0.3442,,28.91,0.0,13.15,4.97,-5.45,0.0,1,LOW
2026-08-09 05:27:21,485,0.2003,0.0296,0.3377,,28.61,0.0,13.15,4.97,-5.45,0.0,1,LOW
2026-08-09 05:27:21,486,0.2181,0.0305,0.3312,,28.28,0.0,13.52,2.97,-5.94,0.0,1,LOW
2026-08-09 05:27:21,487,0.2075,0.0361,0.3247,,27.93,0.0,13.52,2.97,-5.94,0.0,1,LOW
2026-08-09 05:27:21,488,0.2231,0.0332,0.3182,,27.56,0.0,12.39,5.37,-5.72,0.0,1,LOW
2026-08-09 05:27:21,489,0.1898,0.0239,0.3117,,27.18,0.0,12.39,5.37,-5.72,0.0,1,LOW
2026-08-09 05:27:21,490,0.1596,0.041,0.3052,,26.87,0.032,12.31,5.58,-5.15,0.0,1,LOW
2026-08-09 05:27:21,491,0.1557,0.0284,0.2987,,26.62,0.065,12.31,5.58,-5.15,0.0,1,LOW
2026-08-09 05:27:21,492,0.1608,0.035,0.3117,,26.43,0.097,11.55,6.57,-4.76,0.0,1,LOW
2026-08-09 05:27:21,493,0.1527,0.0251,0.3117,,26.4,0.129,11.55,6.57,-4.76,0.0,1,LOW
2026-08-09 05:27:21,494,0.1742,0.0278,0.2922,,26.1,0.129,9.9,5.51,-5.75,0.0,1,LOW
2026-08-09 05:27:21,495,0.1805,0.0306,0.2922,,25.82,0.129,9.9,5.51,-5.75,0.0,1,LOW
2026-08-09 05:27:22,496,0.1946,0.0293,0.2922,,25.42,0.0,11.63,6.95,-5.14,0.0,1,LOW
2026-08-09 05:27:22,497,0.1897,0.0314,0.2922,,25.05,0.0,11.63,6.95,-5.14,0.0,1,LOW
2026-08-09 05:27:22,498,0.2059,0.0342,0.2857,,24.66,0.0,11.21,5.67,-5.12,0.0,1,LOW
2026-08-09 05:27:22,499,0.2201,0.0312,0.2792,,24.26,0.0,11.21,5.67,-5.12,0.0,1,LOW
2026-08-09 05:27:22,500,0.2271,0.0315,0.2727,,23.84,0.0,10.46,7.17,-5.13,0.0,1,LOW
2026-08-09 05:27:22,501,0.2146,0.0314,0.2662,,23.4,0.0,10.46,7.17,-5.13,0.0,1,LOW
2026-08-09 05:27:22,502,0.2316,0.0372,0.2597,,22.96,0.0,11.53,2.84,-5.56,0.0,1,LOW
2026-08-09 05:27:22,503,0.2136,0.0265,0.2403,,22.42,0.0,11.53,2.84,-5.56,0.0,1,LOW
2026-08-09 05:27:22,504,0.2112,0.0222,0.2403,,21.92,0.0,12.12,5.2,-4.92,0.0,1,LOW
2026-08-09 05:27:22,505,0.2139,0.0339,0.2403,,21.45,0.0,12.12,5.2,-4.92,0.0,1,LOW
2026-08-09 05:27:22,506,0.2062,0.0242,0.2403,,21.0,0.0,10.77,3.62,-5.23,0.0,1,LOW
2026-08-09 05:27:22,507,0.2097,0.0377,0.2338,,20.54,0.0,10.77,3.62,-5.23,0.0,1,LOW
2026-08-09 05:27:22,508,0.2034,0.0287,0.2273,,20.07,0.0,11.41,4.39,-5.06,0.0,1,LOW
2026-08-09 05:27:22,509,0.2084,0.0416,0.2208,,19.59,0.0,11.41,4.39,-5.06,0.0,1,LOW
2026-08-09 05:27:22,510,0.2089,0.0267,0.2143,,19.1,0.0,11.34,2.79,-5.25,0.0,1,LOW
2026-08-09 05:27:22,511,0.2141,0.0255,0.2078,,18.6,0.0,11.34,2.79,-5.25,0.0,1,LOW
2026-08-09 05:27:22,512,0.2273,0.0323,0.2013,,18.1,0.0,11.65,2.83,-4.68,0.0,1,LOW
2026-08-09 05:27:22,513,0.2342,0.0328,0.1948,,17.58,0.0,11.65,2.83,-4.68,0.0,1,LOW
2026-08-09 05:27:22,514,0.2235,0.0373,0.1883,,17.05,0.0,12.51,3.6,-4.94,0.0,1,LOW
2026-08-09 05:27:22,515,0.2355,0.0384,0.1818,,16.52,0.0,12.51,3.6,-4.94,0.0,1,LOW
2026-08-09 05:27:22,516,0.2511,0.0321,0.1753,,15.98,0.0,13.12,3.55,-5.01,0.0,1,LOW
2026-08-09 05:27:22,517,0.2494,0.0379,0.1688,,15.44,0.0,13.12,3.55,-5.01,0.0,1,LOW
2026-08-09 05:27:22,518,0.2545,0.0273,0.1623,,14.88,0.0,12.62,3.36,-5.15,0.0,1,LOW
2026-08-09 05:27:22,519,0.2473,0.0297,0.1558,,14.33,0.0,12.62,3.36,-5.15,0.0,1,LOW
2026-08-09 05:27:22,520,0.2307,0.0316,0.1373,,13.69,0.0,12.27,4.93,-5.03,0.0,1,LOW
2026-08-09 05:27:22,521,0.2208,0.037,0.1373,,13.09,0.0,12.27,4.93,-5.03,0.0,1,LOW
2026-08-09 05:27:22,522,0.2344,0.031,0.1373,,12.53,0.0,10.96,2.25,-5.66,0.0,1,LOW
2026-08-09 05:27:22,523,0.2466,0.0348,0.1307,,11.96,0.0,10.96,2.25,-5.66,0.0,1,LOW
2026-08-09 05:27:22,524,0.2378,0.0385,0.1242,,11.39,0.0,11.74,3.38,-5.23,0.0,1,LOW
2026-08-09 05:27:22,525,0.2356,0.0331,0.1176,,10.81,0.0,11.74,3.38,-5.23,0.0,1,LOW
2026-08-09 05:27:23,526,0.2383,0.0334,0.1111,,10.23,0.0,12.02,3.57,-5.68,0.0,1,LOW
2026-08-09 05:27:23,527,0.2272,0.0308,0.1046,,9.64,0.0,12.02,3.57,-5.68,0.0,1,LOW
2026-08-09 05:27:23,528,0.211,0.0277,0.098,,9.07,0.0,10.93,3.3,-5.37,0.0,1,LOW
2026-08-09 05:27:23,529,0.2086,0.0324,0.0915,,8.52,0.0,10.93,3.3,-5.37,0.0,1,LOW
2026-08-09 05:27:23,530,0.2028,0.0233,0.085,,8.01,0.0,12.11,2.0,-5.45,0.0,1,LOW
2026-08-09 05:27:23,531,0.2095,0.0302,0.0654,,7.53,0.0,12.11,2.0,-5.45,0.0,1,LOW
2026-08-09 05:27:23,532,0.1793,0.0394,0.0654,,7.08,0.0,12.41,2.48,-6.1,0.0,1,LOW
2026-08-09 05:27:23,533,0.1692,0.0199,0.0654,,6.65,0.0,12.41,2.48,-6.1,0.0,1,LOW
2026-08-09 05:27:23,534,0.1605,0.0156,0.0654,,6.33,0.032,11.45,1.34,-5.48,0.0,1,LOW
2026-08-09 05:27:23,535,0.1613,0.0314,0.0654,,6.04,0.065,11.45,1.34,-5.48,0.0,1,LOW
2026-08-09 05:27:23,536,0.1407,0.0322,0.085,,6.29,0.097,10.62,3.45,-5.83,0.0,1,LOW
2026-08-09 05:27:23,537,0.1539,0.0239,0.0915,,6.18,0.13,10.62,3.45,-5.83,0.0,1,LOW
2026-08-09 05:27:23,538,0.1526,0.0351,0.098,,6.13,0.162,11.9,-0.82,-5.57,0.0,1,LOW
2026-08-09 05:27:23,539,0.1458,0.0324,0.098,,6.45,0.195,11.9,-0.82,-5.57,0.0,1,LOW
2026-08-09 05:27:23,540,0.1551,0.033,0.098,,6.41,0.227,11.77,2.87,-5.99,0.0,1,LOW
2026-08-09 05:27:23,541,0.1529,0.0276,0.098,,6.52,0.26,11.77,2.87,-5.99,0.0,1,LOW
2026-08-09 05:27:23,542,0.1616,0.0342,0.085,,6.45,0.292,12.49,3.47,-5.51,0.0,1,LOW
2026-08-09 05:27:23,543,0.1561,0.0346,0.0915,,6.62,0.325,12.49,3.47,-5.51,0.0,1,OK
2026-08-09 05:27:23,544,0.1679,0.035,0.0915,,6.55,0.325,11.95,3.64,-5.52,0.0,1,OK
2026-08-09 05:27:23,545,0.1573,0.0314,0.0915,,6.75,0.357,11.95,3.64,-5.52,0.0,1,OK
2026-08-09 05:27:23,546,0.1456,0.0366,0.0915,,7.66,0.39,10.93,5.65,-5.3,0.0,1,OK
2026-08-09 05:27:23,547,0.1407,0.0285,0.1111,,9.0,0.422,10.93,5.65,-5.3,0.0,1,OK
2026-08-09 05:27:23,548,0.1644,0.0462,0.1111,,8.95,0.422,11.9,3.58,-5.87,0.0,1,OK
2026-08-09 05:27:23,549,0.147,0.0323,0.1111,,9.79,0.455,11.9,3.58,-5.87,0.0,1,OK
2026-08-09 05:27:23,550,0.1668,0.041,0.1111,,9.73,0.455,12.73,3.08,-5.67,0.0,1,OK
2026-08-09 05:27:23,551,0.1495,0.0271,0.1111,,10.38,0.487,12.73,3.08,-5.67,0.0,1,OK
2026-08-09 05:27:23,552,0.1468,0.0415,0.1111,,11.15,0.52,10.71,1.02,-5.77,0.0,1,OK
2026-08-09 05:27:23,553,0.155,0.038,0.1307,,11.86,0.552,10.71,1.02,-5.77,0.0,1,OK
2026-08-09 05:27:23,554,0.1667,0.0308,0.1307,,11.97,0.552,11.87,4.04,-5.8,0.0,1,OK
2026-08-09 05:27:23,555,0.1653,0.0267,0.1307,,12.05,0.552,11.87,4.04,-5.8,0.0,1,OK
2026-08-09 05:27:23,556,0.1716,0.0275,0.1307,,11.51,0.0,11.5,3.22,-5.78,0.0,1,OK
2026-08-09 05:27:24,557,0.155,0.0329,0.1307,,11.16,0.032,11.5,3.22,-5.78,0.0,1,OK
2026-08-09 05:27:24,558,0.1505,0.0401,0.1307,,10.93,0.065,11.15,2.78,-5.78,0.0,1,OK
2026-08-09 05:27:24,559,0.1639,0.035,0.1307,,10.52,0.065,11.15,2.78,-5.78,0.0,1,OK
2026-08-09 05:27:24,560,0.1469,0.0292,0.1307,,10.42,0.097,10.5,3.04,-5.26,0.0,1,OK
2026-08-09 05:27:24,561,0.152,0.0351,0.1307,,10.27,0.13,10.5,3.04,-5.26,0.0,1,OK
2026-08-09 05:27:24,562,0.1436,0.0312,0.1503,,10.78,0.162,12.3,5.12,-5.24,0.0,1,OK
2026-08-09 05:27:24,563,0.1532,0.0298,0.1569,,10.92,0.195,12.3,5.12,-5.24,0.0,1,OK
2026-08-09 05:27:24,564,0.1453,0.0423,0.1634,,11.72,0.227,12.13,3.16,-6.04,0.0,1,OK
2026-08-09 05:27:24,565,0.1537,0.0277,0.1699,,12.16,0.26,12.13,3.16,-6.04,0.0,1,OK
2026-08-09 05:27:24,566,0.1576,0.0266,0.1765,,12.56,0.292,11.72,0.07,-5.9,0.0,1,OK
2026-08-09 05:27:24,567,0.1625,0.0245,0.183,,12.86,0.325,11.72,0.07,-5.9,0.0,1,OK
2026-08-09 05:27:24,568,0.1563,0.0247,0.1895,,13.7,0.357,12.91,2.43,-5.51,0.0,1,OK
2026-08-09 05:27:24,569,0.1561,0.0256,0.1961,,14.63,0.39,12.91,2.43,-5.51,0.0,1,OK
2026-08-09 05:27:24,570,0.1527,0.0151,0.2026,,15.8,0.422,10.41,2.45,-6.05,0.0,1,OK
2026-08-09 05:27:24,571,0.1515,0.0322,0.2092,,17.05,0.455,10.41,2.45,-6.05,0.0,1,OK
2026-08-09 05:27:24,572,0.1399,0.0407,0.2157,,18.9,0.487,13.61,1.35,-5.47,0.0,1,OK
2026-08-09 05:27:24,573,0.1598,0.0401,0.2222,,19.54,0.52,13.61,1.35,-5.47,0.0,1,OK
2026-08-09 05:27:24,574,0.159,0.0299,0.2288,,20.35,0.552,13.04,1.62,-5.31,0.0,1,OK
2026-08-09 05:27:24,575,0.1553,0.0421,0.2353,,21.45,0.585,13.04,1.62,-5.31,0.0,1,OK
2026-08-09 05:27:24,576,0.1564,0.0272,0.2418,,22.5,0.617,11.97,2.08,-6.02,0.0,1,OK
2026-08-09 05:27:24,577,0.1521,0.0341,0.2484,,23.82,0.65,11.97,2.08,-6.02,0.0,1,OK
2026-08-09 05:27:24,578,0.1561,0.0216,0.2549,,24.9,0.682,12.12,5.54,-5.36,0.0,1,OK
2026-08-09 05:27:24,579,0.1462,0.0273,0.2614,,26.53,0.715,12.12,5.54,-5.36,0.0,1,OK
2026-08-09 05:27:24,580,0.1632,0.0343,0.268,,27.16,0.747,13.6,3.55,-5.13,0.0,1,OK
2026-08-09 05:27:24,581,0.1622,0.0352,0.2745,,27.96,0.78,13.6,3.55,-5.13,0.0,1,OK
2026-08-09 05:27:24,582,0.1611,0.0438,0.281,,28.92,0.812,13.56,2.06,-5.22,0.0,1,OK
2026-08-09 05:27:24,583,0.1363,0.0413,0.2876,,31.26,0.845,13.56,2.06,-5.22,0.0,1,OK
2026-08-09 05:27:24,584,0.1488,0.0373,0.2941,,32.67,0.877,12.71,5.17,-4.69,0.0,1,OK
2026-08-09 05:27:24,585,0.1526,0.0223,0.3007,,33.84,0.91,12.71,5.17,-4.69,0.0,1,OK
2026-08-09 05:27:24,586,0.1599,0.0266,0.3072,,34.62,0.942,13.37,1.49,-5.33,0.0,1,OK
2026-08-09 05:27:25,587,0.1548,0.0349,0.3137,,35.77,0.975,13.37,1.49,-5.33,0.0,1,OK
2026-08-09 05:27:25,588,0.1463,0.0432,0.3203,,37.39,1.007,12.91,4.4,-5.15,0.0,1,OK
2026-08-09 05:27:25,589,0.149,0.0362,0.3268,,38.76,1.04,12.91,4.4,-5.15,0.0,1,OK
2026-08-09 05:27:25,590,0.1557,0.0334,0.3333,,39.74,1.072,12.26,3.34,-5.27,0.0,1,OK
2026-08-09 05:27:25,591,0.1497,0.0229,0.3399,,41.09,1.105,12.26,3.34,-5.27,0.0,1,OK
2026-08-09 05:27:25,592,0.1613,0.0335,0.3464,,41.79,1.137,14.4,2.85,-5.13,0.0,1,OK
2026-08-09 05:27:25,593,0.1627,0.0472,0.3529,,42.52,1.17,14.4,2.85,-5.13,0.0,1,OK
2026-08-09 05:27:25,594,0.1691,0.0364,0.3529,,43.05,1.17,14.21,4.01,-5.2,0.0,1,OK
2026-08-09 05:27:25,595,0.1686,0.0287,0.3529,,43.47,1.17,14.21,4.01,-5.2,0.0,1,OK
2026-08-09 05:27:25,596,0.1716,0.0356,0.3529,,42.38,0.0,13.05,1.69,-5.26,0.0,1,OK
2026-08-09 05:27:25,597,0.1549,0.0362,0.3529,,41.51,0.032,13.05,1.69,-5.26,0.0,1,OK
2026-08-09 05:27:25,598,0.1594,0.0444,0.3529,,40.66,0.065,13.88,0.66,-5.68,0.0,1,OK
2026-08-09 05:27:25,599,0.1803,0.0391,0.3529,,39.8,0.065,13.88,0.66,-5.68,0.0,1,OK
2026-08-09 05:27:25,600,0.1696,0.0246,0.3529,,39.0,0.065,12.08,0.32,-5.62,0.0,1,OK
2026-08-09 05:27:25,601,0.1657,0.0329,0.3529,,38.17,0.0,12.08,0.32,-5.62,0.0,1,OK
2026-08-09 05:27:25,602,0.1594,0.0353,0.3529,,37.49,0.032,15.01,0.07,-6.25,0.0,1,LOW
2026-08-09 05:27:25,603,0.1618,0.0349,0.3529,,36.85,0.065,15.01,0.07,-6.25,0.0,1,LOW
2026-08-09 05:27:25,604,0.1613,0.0258,0.3725,,36.4,0.097,15.08,0.22,-5.23,0.0,1,LOW
2026-08-09 05:27:25,605,0.1675,0.0291,0.3725,,35.95,0.097,15.08,0.22,-5.23,0.0,1,LOW
2026-08-09 05:27:25,606,0.1569,0.0406,0.3725,,35.65,0.13,14.15,2.82,-5.27,0.0,1,LOW
2026-08-09 05:27:25,607,0.1674,0.0264,0.3725,,35.28,0.13,14.15,2.82,-5.27,0.0,1,LOW
2026-08-09 05:27:25,608,0.164,0.0396,0.3725,,34.93,0.13,14.77,-0.73,-5.94,0.0,1,LOW
2026-08-09 05:27:25,609,0.1768,0.0419,0.3725,,34.47,0.0,14.77,-0.73,-5.94,0.0,1,LOW
2026-08-09 05:27:25,610,0.1601,0.0343,0.3725,,34.11,0.032,14.18,0.44,-5.64,0.0,1,LOW
2026-08-09 05:27:25,611,0.1695,0.0221,0.3725,,33.74,0.032,14.18,0.44,-5.64,0.0,1,LOW
2026-08-09 05:27:25,612,0.1724,0.0406,0.3725,,33.38,0.032,15.82,-0.73,-5.36,0.0,1,LOW
2026-08-09 05:27:25,613,0.163,0.0384,0.3725,,33.08,0.065,15.82,-0.73,-5.36,0.0,1,LOW
2026-08-09 05:27:25,614,0.156,0.0286,0.3725,36.03,32.94,0.097,13.78,1.37,-5.4,0.0,1,LOW
2026-08-09 05:27:25,615,0.1633,0.0391,0.3725,35.97,32.69,0.097,13.78,1.37,-5.4,0.0,1,LOW
2026-08-09 05:27:25,616,0.1633,0.0483,0.3725,35.91,32.5,0.13,14.61,0.81,-5.67,0.0,1,LOW
2026-08-09 05:27:26,617,0.1565,0.0436,0.3725,35.85,32.45,0.162,14.61,0.81,-5.67,0.0,1,LOW
2026-08-09 05:27:26,618,0.1608,0.05,0.3922,35.8,32.59,0.195,13.72,0.35,-5.53,0.0,1,LOW
2026-08-09 05:27:26,619,0.1632,0.0525,0.3987,35.74,32.84,0.227,13.72,0.35,-5.53,0.0,1,LOW
2026-08-09 05:27:26,620,0.1658,0.0596,0.3987,35.68,33.03,0.227,13.46,0.54,-5.53,0.0,1,LOW
2026-08-09 05:27:26,621,0.1639,0.0485,0.3987,35.62,33.17,0.227,13.46,0.54,-5.53,0.0,1,LOW
2026-08-09 05:27:26,622,0.1683,0.0481,0.3987,38.53,32.98,0.0,11.43,-7.05,-5.87,0.0,1,LOW
2026-08-09 05:27:26,623,0.167,0.0528,0.3987,38.47,32.79,0.0,11.43,-7.05,-5.87,0.0,1,LOW
2026-08-09 05:27:26,624,0.1692,0.0537,0.3987,38.41,32.61,0.0,12.29,-3.59,-6.0,0.0,1,LOW
2026-08-09 05:27:26,625,0.1813,0.0467,0.3987,38.35,32.45,0.0,12.29,-3.59,-6.0,0.0,1,LOW
2026-08-09 05:27:26,626,0.1701,0.0282,0.3987,38.29,32.3,0.0,12.65,-3.2,-5.69,0.0,1,LOW
2026-08-09 05:27:26,627,0.1874,0.024,0.3987,38.22,32.15,0.0,12.65,-3.2,-5.69,0.0,1,LOW
2026-08-09 05:27:26,628,0.176,0.0238,0.3987,38.16,32.01,0.0,11.28,0.07,-5.11,0.0,1,LOW
2026-08-09 05:27:26,629,0.1751,0.0264,0.3987,38.1,31.88,0.0,11.28,0.07,-5.11,0.0,1,LOW
2026-08-09 05:27:26,630,0.1704,0.0216,0.3987,38.04,31.76,0.0,12.02,-4.8,-5.14,0.0,1,LOW
2026-08-09 05:27:26,631,0.1628,0.0203,0.3987,37.98,31.69,0.032,12.02,-4.8,-5.14,0.0,1,LOW
2026-08-09 05:27:26,632,0.1777,0.025,0.3987,37.92,31.61,0.032,12.46,-3.8,-5.64,0.0,1,LOW
2026-08-09 05:27:26,633,0.1757,0.0138,0.3987,37.86,31.54,0.032,12.46,-3.8,-5.64,0.0,1,LOW
2026-08-09 05:27:26,634,0.1628,0.0328,0.3987,37.8,31.51,0.065,12.24,-2.28,-5.58,0.0,1,LOW
2026-08-09 05:27:26,635,0.1782,0.0223,0.3987,37.74,31.48,0.065,12.24,-2.28,-5.58,0.0,1,LOW
2026-08-09 05:27:26,636,0.1653,0.012,0.3987,37.68,31.45,0.065,14.66,-3.45,-6.01,0.0,1,LOW
2026-08-09 05:27:26,637,0.1652,0.0252,0.3987,40.52,31.35,0.0,14.66,-3.45,-6.01,0.0,1,LOW
2026-08-09 05:27:26,638,0.1698,0.0216,0.3987,40.46,31.26,0.0,16.44,-1.52,-6.03,0.0,1,LOW
2026-08-09 05:27:26,639,0.175,0.0409,0.3987,40.39,31.18,0.0,16.44,-1.52,-6.03,0.0,1,LOW
2026-08-09 05:27:26,640,0.1646,0.0472,0.3961,40.59,31.09,0.0,21.02,-1.02,-6.56,0.0,1,LOW
2026-08-09 05:27:26,641,0.1479,0.0465,0.3961,40.53,31.71,0.032,21.02,-1.02,-6.56,0.0,1,LOW
2026-08-09 05:27:26,642,0.1304,0.0404,0.3961,40.47,33.26,0.065,21.55,-1.28,-6.79,0.0,1,LOW
2026-08-09 05:27:26,643,0.141,0.0393,0.4156,40.4,34.1,0.097,21.55,-1.28,-6.79,0.0,1,LOW
2026-08-09 05:27:26,644,0.145,0.0433,0.4156,40.34,34.66,0.129,25.81,-0.51,-6.53,0.0,1,LOW
2026-08-09 05:27:26,645,0.1353,0.0371,0.4026,40.28,35.74,0.161,25.81,-0.51,-6.53,0.0,1,LOW
2026-08-09 05:27:26,646,0.1535,0.0727,0.4091,40.22,35.74,0.194,24.97,-1.73,-6.13,0.0,1,LOW
2026-08-09 05:27:27,647,0.152,0.0257,0.4156,40.15,35.92,0.226,24.97,-1.73,-6.13,0.0,1,LOW
2026-08-09 05:27:27,648,0.1447,0.063,0.4221,40.09,36.57,0.258,29.63,-1.03,-6.15,0.0,1,LOW
2026-08-09 05:27:27,649,0.1378,0.0547,0.4286,40.03,37.57,0.291,29.63,-1.03,-6.15,0.0,1,LOW
2026-08-09 05:27:27,650,0.1463,0.0418,0.4351,39.97,38.02,0.323,30.43,-1.87,-5.79,0.0,1,LOW
2026-08-09 05:27:27,651,0.1463,0.04,0.4416,39.91,38.48,0.355,30.43,-1.87,-5.79,0.0,1,LOW
2026-08-09 05:27:27,652,0.151,0.0583,0.4481,39.85,38.71,0.387,28.57,0.21,-5.09,0.0,1,LOW
2026-08-09 05:27:27,653,0.1377,0.0609,0.4545,39.78,39.73,0.42,28.57,0.21,-5.09,0.0,1,LOW
2026-08-09 05:27:27,654,0.147,0.0736,0.461,39.72,40.14,0.452,30.48,-1.89,-4.67,0.0,1,LOW
2026-08-09 05:27:27,655,0.146,0.0575,0.4675,39.66,40.63,0.484,30.48,-1.89,-4.67,0.0,1,LOW
2026-08-09 05:27:27,656,0.1399,0.0298,0.474,39.6,41.47,0.517,30.3,-1.47,-5.65,0.0,1,LOW
2026-08-09 05:27:27,657,0.13,0.043,0.4805,39.54,42.77,0.549,30.3,-1.47,-5.65,0.0,1,LOW
2026-08-09 05:27:27,658,0.1461,0.0438,0.487,39.48,43.03,0.581,31.17,-0.58,-4.64,0.0,1,LOW
2026-08-09 05:27:27,659,0.1481,0.0477,0.4935,39.42,43.25,0.613,31.17,-0.58,-4.64,0.0,1,LOW
2026-08-09 05:27:27,660,0.1365,0.097,0.5,39.36,44.17,0.646,32.63,-1.34,-5.55,0.0,1,LOW
2026-08-09 05:27:27,661,0.1404,0.0726,0.5065,39.3,44.79,0.678,32.63,-1.34,-5.55,0.0,1,LOW
2026-08-09 05:27:27,662,0.1374,0.068,0.513,39.24,45.55,0.71,29.91,-1.8,-5.58,0.0,1,LOW
2026-08-09 05:27:27,663,0.1322,0.0468,0.5195,39.19,46.55,0.743,29.91,-1.8,-5.58,0.0,1,LOW
2026-08-09 05:27:27,664,0.13,0.0647,0.526,39.13,47.58,0.775,33.56,-0.8,-5.48,0.05,1,LOW
2026-08-09 05:27:27,665,0.1244,0.0582,0.5325,39.07,48.84,0.807,33.56,-0.8,-5.48,0.21,1,LOW
2026-08-09 05:27:27,666,0.142,0.0611,0.539,39.01,49.04,0.839,32.27,-0.57,-5.03,0.43,1,LOW
2026-08-09 05:27:27,667,0.1238,0.0612,0.5455,38.95,50.36,0.872,32.27,-0.57,-5.03,0.72,1,LOW
2026-08-09 05:27:27,668,0.1255,0.0621,0.5519,38.89,51.49,0.904,31.6,-0.27,-4.99,1.06,1,LOW
2026-08-09 05:27:27,669,0.1259,0.0533,0.5584,38.83,52.55,0.936,31.6,-0.27,-4.99,1.41,1,LOW
2026-08-09 05:27:27,670,0.1381,0.0845,0.5649,38.78,52.92,0.969,31.94,-1.05,-4.78,1.8,1,LOW
2026-08-09 05:27:27,671,0.1313,0.0672,0.5714,38.72,53.79,1.001,31.94,-1.05,-4.78,2.22,1,LOW
2026-08-09 05:27:27,672,0.1228,0.0654,0.5779,38.66,55.14,1.033,31.15,-1.11,-4.37,2.65,1,LOW
2026-08-09 05:27:27,673,0.1279,0.0488,0.5844,38.6,56.13,1.065,31.15,-1.11,-4.37,3.08,1,LOW
2026-08-09 05:27:27,674,0.1306,0.0823,0.5909,38.55,56.97,1.098,32.26,-0.27,-5.3,3.51,1,LOW
2026-08-09 05:27:27,675,0.134,0.0665,0.5974,38.49,57.66,1.13,32.26,-0.27,-5.3,3.96,1,LOW
2026-08-09 05:27:27,676,0.1343,0.0781,0.6039,38.43,58.4,1.162,30.92,-0.7,-4.79,4.41,1,LOW
2026-08-09 05:27:27,677,0.1254,0.0432,0.6104,38.38,59.67,1.195,30.92,-0.7,-4.79,4.8,1,LOW
2026-08-09 05:27:28,678,0.1322,0.073,0.6169,38.32,60.5,1.227,33.24,-0.21,-4.92,5.21,1,LOW
2026-08-09 05:27:28,679,0.1267,0.0577,0.6234,38.26,61.67,1.259,33.24,-0.21,-4.92,5.7,1,LOW
2026-08-09 05:27:28,680,0.1271,0.0289,0.6299,38.21,62.78,1.291,29.89,-0.6,-5.23,6.17,1,LOW
2026-08-09 05:27:28,681,0.1269,0.0565,0.6364,38.15,63.88,1.324,29.89,-0.6,-5.23,6.6,1,LOW
2026-08-09 05:27:28,682,0.1309,0.0668,0.6429,38.1,64.73,1.356,32.2,-0.98,-5.09,7.06,1,LOW
2026-08-09 05:27:28,683,0.1332,0.0682,0.6494,38.04,65.5,1.388,32.2,-0.98,-5.09,7.52,1,LOW
2026-08-09 05:27:28,684,0.1303,0.0618,0.6558,37.98,66.48,1.42,31.71,-0.89,-5.52,7.99,1,LOW
2026-08-09 05:27:28,685,0.1308,0.0549,0.6623,37.93,67.43,1.453,31.71,-0.89,-5.52,8.44,1,MEDIUM
2026-08-09 05:27:28,686,0.1296,0.0671,0.6688,37.87,68.46,1.485,30.84,-1.35,-5.57,8.89,1,MEDIUM
2026-08-09 05:27:28,687,0.1218,0.0319,0.6753,37.82,69.9,1.517,30.84,-1.35,-5.57,9.35,1,MEDIUM
2026-08-09 05:27:28,688,0.1314,0.0566,0.6753,37.76,70.73,1.55,31.21,-1.78,-5.26,9.81,1,MEDIUM
2026-08-09 05:27:28,689,0.1347,0.0552,0.6753,37.71,71.42,1.582,31.21,-1.78,-5.26,10.29,1,MEDIUM
2026-08-09 05:27:28,690,0.1223,0.0371,0.6753,37.65,72.84,1.614,31.22,-0.68,-5.51,10.73,1,MEDIUM
2026-08-09 05:27:28,691,0.1252,0.0352,0.6753,37.6,74.02,1.646,31.22,-0.68,-5.51,11.17,1,MEDIUM
2026-08-09 05:27:28,692,0.1189,0.043,0.6753,37.55,75.48,1.679,29.07,-0.43,-5.12,11.61,1,MEDIUM
2026-08-09 05:27:28,693,0.1265,0.0442,0.6753,37.49,76.42,1.711,29.07,-0.43,-5.12,11.99,1,MEDIUM
2026-08-09 05:27:28,694,0.1193,0.0772,0.6753,37.44,77.76,1.743,30.23,-1.13,-5.91,12.41,1,MEDIUM
2026-08-09 05:27:28,695,0.1328,0.0554,0.6623,37.38,78.3,1.776,30.23,-1.13,-5.91,12.92,1,MEDIUM
2026-08-09 05:27:28,696,0.13,0.0592,0.6688,37.33,79.1,1.808,30.64,-1.09,-5.5,13.41,1,MEDIUM
2026-08-09 05:27:28,697,0.1338,0.0877,0.6753,37.28,79.74,1.84,30.64,-1.09,-5.5,13.88,1,MEDIUM
2026-08-09 05:27:28,698,0.1263,0.0585,0.6818,37.22,80.87,1.872,31.11,-1.37,-6.34,14.36,1,MEDIUM
2026-08-09 05:27:28,699,0.1417,0.0753,0.6688,37.17,81.14,1.905,31.11,-1.37,-6.34,14.82,1,MEDIUM
2026-08-09 05:27:28,700,0.1274,0.067,0.6753,37.12,82.35,1.937,30.38,-0.2,-5.85,15.28,1,MEDIUM
2026-08-09 05:27:28,701,0.1316,0.0436,0.6818,37.06,83.27,1.969,30.38,-0.2,-5.85,15.72,1,MEDIUM
2026-08-09 05:27:28,702,0.1303,0.0822,0.6883,37.01,84.29,2.002,30.38,-0.71,-5.6,16.17,1,MEDIUM
2026-08-09 05:27:28,703,0.1353,0.0926,0.6948,36.96,85.03,2.034,30.38,-0.71,-5.6,16.66,1,MEDIUM
2026-08-09 05:27:28,704,0.1315,0.0191,0.7013,36.91,86.04,2.066,27.74,-1.33,-5.7,17.11,1,MEDIUM
2026-08-09 05:27:28,705,0.1316,0.0812,0.6883,36.85,87.04,2.098,27.74,-1.33,-5.7,17.56,1,MEDIUM
2026-08-09 05:27:28,706,0.128,0.0249,0.6948,36.8,88.23,2.131,29.66,-0.8,-6.06,18.01,1,MEDIUM
2026-08-09 05:27:28,707,0.1329,0.0731,0.7013,36.75,89.12,2.163,29.66,-0.8,-6.06,18.48,1,MEDIUM
2026-08-09 05:27:29,708,0.1289,0.0414,0.7078,36.7,90.25,2.195,30.76,-0.01,-5.3,18.96,1,MEDIUM
2026-08-09 05:27:29,709,0.1208,0.0264,0.7143,36.65,91.76,2.228,30.76,-0.01,-5.3,19.3,1,MEDIUM
2026-08-09 05:27:29,710,0.1295,0.067,0.7208,36.6,92.69,2.26,30.9,-0.24,-5.47,19.71,1,MEDIUM
2026-08-09 05:27:29,711,0.1133,0.047,0.7273,36.54,94.3,2.292,30.9,-0.24,-5.47,20.26,1,MEDIUM
2026-08-09 05:27:29,712,0.1352,0.0348,0.7338,36.49,94.83,2.324,29.85,-1.16,-5.96,20.78,1,MEDIUM
2026-08-09 05:27:29,713,0.1227,0.0543,0.7403,36.44,95.97,2.357,29.85,-1.16,-5.96,21.25,1,MEDIUM
2026-08-09 05:27:29,714,0.1185,0.0419,0.7403,36.39,96.85,2.389,29.41,-0.72,-6.41,21.7,1,MEDIUM
2026-08-09 05:27:29,715,0.1284,0.0835,0.7403,36.34,97.55,2.421,29.41,-0.72,-6.41,22.2,1,MEDIUM
2026-08-09 05:27:29,716,0.1326,0.083,0.7403,36.29,98.09,2.454,31.12,-1.03,-6.24,22.65,1,MEDIUM
2026-08-09 05:27:29,717,0.1193,0.0239,0.7403,36.24,98.51,2.486,31.12,-1.03,-6.24,22.99,1,MEDIUM
2026-08-09 05:27:29,718,0.1406,0.0516,0.7403,36.19,98.84,2.518,30.4,-0.51,-5.22,23.24,1,MEDIUM
2026-08-09 05:27:29,719,0.1223,0.0459,0.7403,36.14,99.09,2.55,30.4,-0.51,-5.22,23.43,1,MEDIUM
2026-08-09 05:27:29,720,0.1311,0.0529,0.7403,36.09,99.29,2.583,30.25,-0.94,-5.93,23.57,1,MEDIUM
2026-08-09 05:27:29,721,0.1322,0.0814,0.7403,36.04,99.45,2.615,30.25,-0.94,-5.93,23.68,1,MEDIUM
2026-08-09 05:27:29,722,0.1373,0.0694,0.7403,35.99,99.57,2.647,32.04,-0.33,-5.59,23.76,1,MEDIUM
2026-08-09 05:27:29,723,0.1371,0.0501,0.7403,35.94,99.66,2.68,32.04,-0.33,-5.59,23.82,1,MEDIUM
2026-08-09 05:27:29,724,0.1287,0.0425,0.7403,35.89,99.74,2.712,30.96,-0.7,-5.66,23.86,1,MEDIUM
2026-08-09 05:27:29,725,0.143,0.083,0.7403,35.84,99.8,2.744,30.96,-0.7,-5.66,23.9,1,MEDIUM
2026-08-09 05:27:29,726,0.1293,0.0223,0.7403,35.79,99.84,2.776,30.23,-0.23,-6.09,23.92,1,MEDIUM
2026-08-09 05:27:29,727,0.1339,0.0805,0.7403,35.74,99.88,2.809,30.23,-0.23,-6.09,23.94,1,MEDIUM
2026-08-09 05:27:29,728,0.125,0.0307,0.7403,35.69,99.9,2.841,29.49,0.28,-5.79,23.96,1,MEDIUM
2026-08-09 05:27:29,729,0.1282,0.0828,0.7403,35.64,99.92,2.873,29.49,0.28,-5.79,23.97,1,MEDIUM
2026-08-09 05:27:29,730,0.1208,0.0519,0.7403,35.59,99.94,2.906,30.37,-0.89,-5.67,23.98,1,MEDIUM
2026-08-09 05:27:29,731,0.1356,0.0921,0.7403,35.55,99.95,2.938,30.37,-0.89,-5.67,23.98,1,MEDIUM
2026-08-09 05:27:29,732,0.1273,0.0479,0.7403,35.5,99.96,2.97,29.15,-1.57,-6.11,23.99,1,MEDIUM
2026-08-09 05:27:29,733,0.1337,0.0578,0.7403,35.45,99.97,3.002,29.15,-1.57,-6.11,23.99,1,MEDIUM
2026-08-09 05:27:29,734,0.1303,0.0224,0.7403,35.4,99.98,3.035,28.94,-0.26,-5.41,23.99,1,MEDIUM
2026-08-09 05:27:29,735,0.138,0.0707,0.7403,35.35,99.98,3.067,28.94,-0.26,-5.41,23.99,1,MEDIUM
2026-08-09 05:27:29,736,0.1409,0.0643,0.7403,35.3,99.99,3.099,30.75,0.22,-5.52,24.0,1,MEDIUM
2026-08-09 05:27:29,737,0.138,0.0508,0.7403,35.26,99.99,3.132,30.75,0.22,-5.52,24.0,1,MEDIUM
2026-08-09 05:27:30,738,0.1478,0.0521,0.7403,35.21,99.98,3.164,29.0,-0.56,-5.61,24.0,1,MEDIUM
2026-08-09 05:27:30,739,0.1427,0.0598,0.7403,35.16,99.98,3.196,29.0,-0.56,-5.61,24.0,1,MEDIUM
2026-08-09 05:27:30,740,0.1441,0.057,0.7403,35.11,99.99,3.228,30.12,-0.14,-5.67,24.0,1,MEDIUM
2026-08-09 05:27:30,741,0.1328,0.0557,0.7403,35.07,99.99,3.261,30.12,-0.14,-5.67,24.0,1,MEDIUM
2026-08-09 05:27:30,742,0.1558,0.0743,0.7403,35.02,99.86,3.293,32.05,0.23,-5.87,24.0,1,HIGH
2026-08-09 05:27:30,743,0.1381,0.075,0.7403,34.97,99.89,3.325,32.05,0.23,-5.87,24.0,1,HIGH
2026-08-09 05:27:30,744,0.1562,0.0331,0.7403,34.93,99.76,3.358,29.65,0.03,-6.01,24.0,1,HIGH
2026-08-09 05:27:30,745,0.15,0.0604,0.7273,34.88,99.73,3.39,29.65,0.03,-6.01,24.0,1,HIGH
2026-08-09 05:27:30,746,0.1574,0.0775,0.7338,34.83,99.59,3.422,28.98,-1.53,-6.97,24.0,1,HIGH
2026-08-09 05:27:30,747,0.1345,0.0287,0.7403,34.79,99.68,3.454,28.98,-1.53,-6.97,24.0,1,HIGH
2026-08-09 05:27:30,748,0.1554,0.0361,0.7468,34.74,99.58,3.487,19.7,-1.57,-6.51,24.0,1,HIGH
2026-08-09 05:27:30,749,0.1609,0.0183,0.7532,34.69,99.4,3.519,19.7,-1.57,-6.51,24.0,1,HIGH
2026-08-09 05:27:30,750,0.1865,0.0292,0.7532,34.65,99.19,3.519,15.56,-4.14,-6.93,24.0,1,HIGH
2026-08-09 05:27:30,751,0.2003,0.0142,0.7532,34.6,99.0,3.519,15.56,-4.14,-6.93,24.0,1,HIGH
2026-08-09 05:27:30,752,0.1998,0.0246,0.7532,34.55,96.3,0.0,13.32,-5.79,-6.71,24.0,1,HIGH
2026-08-09 05:27:30,753,0.2183,0.023,0.7532,34.51,93.76,0.0,13.32,-5.79,-6.71,24.0,1,HIGH
2026-08-09 05:27:30,754,0.2071,0.023,0.7532,34.46,91.38,0.0,13.5,-4.14,-6.65,24.0,1,HIGH
2026-08-09 05:27:30,755,0.2205,0.0362,0.7532,34.42,89.14,0.0,13.5,-4.14,-6.65,24.0,1,HIGH
2026-08-09 05:27:30,756,0.2186,0.0283,0.7338,34.37,87.02,0.0,13.42,-6.88,-6.65,23.84,1,HIGH
2026-08-09 05:27:30,757,0.228,0.0233,0.7338,34.33,84.99,0.0,13.42,-6.88,-6.65,23.23,1,HIGH
2026-08-09 05:27:30,758,0.2264,0.0319,0.7338,34.28,83.03,0.0,11.91,-5.17,-6.73,22.37,1,HIGH
2026-08-09 05:27:30,759,0.1808,0.0332,0.7338,34.24,81.13,0.0,11.91,-5.17,-6.73,21.3,1,HIGH
2026-08-09 05:27:30,760,0.1561,0.031,0.7386,33.82,79.4,0.033,10.94,-9.64,-7.04,19.99,1,HIGH
2026-08-09 05:27:30,761,0.1615,0.0379,0.7386,33.77,77.64,0.065,10.94,-9.64,-7.04,18.51,1,HIGH
2026-08-09 05:27:30,762,0.186,0.0282,0.7386,33.73,75.86,0.065,11.33,-12.3,-6.99,16.88,1,HIGH
2026-08-09 05:27:30,763,0.2004,0.0343,0.7386,33.68,74.08,0.065,11.33,-12.3,-6.99,15.12,1,HIGH
2026-08-09 05:27:30,764,0.1935,0.0526,0.7386,36.04,72.23,0.0,10.9,-9.93,-6.93,13.28,1,HIGH
2026-08-09 05:27:30,765,0.217,0.0378,0.7386,35.99,70.38,0.0,10.9,-9.93,-6.93,11.35,1,HIGH
2026-08-09 05:27:30,766,0.2202,0.0368,0.7386,35.95,68.52,0.0,11.44,-8.06,-6.69,9.35,1,HIGH
2026-08-09 05:27:30,767,0.2194,0.0373,0.7386,35.9,66.52,0.0,11.44,-8.06,-6.69,5.14,1,HIGH
2026-08-09 05:27:30,768,0.2172,0.0334,0.7386,35.85,64.49,0.0,11.51,-6.39,-6.78,2.83,1,HIGH
2026-08-09 05:27:31,769,0.2347,0.0449,0.732,35.81,62.52,0.0,11.51,-6.39,-6.78,1.55,1,HIGH
2026-08-09 05:27:31,770,0.2155,0.0268,0.7124,35.76,60.62,0.0,12.05,-7.4,-6.65,0.86,1,HIGH
2026-08-09 05:27:31,771,0.2169,0.0311,0.7124,35.71,58.81,0.0,12.05,-7.4,-6.65,0.47,1,HIGH
2026-08-09 05:27:31,772,0.2162,0.032,0.7124,35.67,57.1,0.0,11.94,-5.22,-6.72,0.26,1,HIGH
2026-08-09 05:27:31,773,0.2447,0.0244,0.7124,35.62,55.48,0.0,11.94,-5.22,-6.72,0.14,1,HIGH
2026-08-09 05:27:31,774,0.241,0.0267,0.7124,35.58,53.95,0.0,12.84,-4.76,-6.9,0.08,1,HIGH
2026-08-09 05:27:31,775,0.2271,0.0392,0.7124,35.53,52.52,0.0,12.84,-4.76,-6.9,0.04,1,HIGH
2026-08-09 05:27:31,776,0.2367,0.0348,0.7124,35.48,51.17,0.0,13.66,-9.16,-7.31,0.02,1,HIGH
2026-08-09 05:27:31,777,0.2414,0.0311,0.7124,35.44,49.9,0.0,13.66,-9.16,-7.31,0.01,1,HIGH
2026-08-09 05:27:31,778,0.229,0.0292,0.7124,35.39,48.71,0.0,13.08,-2.95,-6.3,0.01,1,HIGH
2026-08-09 05:27:31,779,0.1935,0.0218,0.7124,35.35,47.59,0.0,13.08,-2.95,-6.3,0.0,1,HIGH
2026-08-09 05:27:31,780,0.1591,0.029,0.7124,35.3,46.62,0.033,11.01,-8.39,-6.85,0.0,1,HIGH
2026-08-09 05:27:31,781,0.1607,0.0138,0.7124,35.26,45.73,0.065,11.01,-8.39,-6.85,0.0,1,HIGH
2026-08-09 05:27:31,782,0.1534,0.0253,0.732,35.21,45.03,0.098,12.13,-5.85,-6.66,0.0,1,HIGH
2026-08-09 05:27:31,783,0.1849,0.0267,0.732,35.17,44.23,0.098,12.13,-5.85,-6.66,0.0,1,HIGH
2026-08-09 05:27:31,784,0.2032,0.0262,0.732,35.12,43.47,0.098,13.05,-6.15,-6.71,0.0,1,HIGH
2026-08-09 05:27:31,785,0.2126,0.0264,0.732,37.42,42.67,0.0,13.05,-6.15,-6.71,0.0,1,HIGH
2026-08-09 05:27:31,786,0.2204,0.0339,0.732,37.37,41.91,0.0,12.17,-4.99,-7.19,0.0,1,HIGH
2026-08-09 05:27:31,787,0.2378,0.02,0.732,37.32,41.19,0.0,12.17,-4.99,-7.19,0.0,1,HIGH
2026-08-09 05:27:31,788,0.2226,0.0345,0.732,37.27,40.52,0.0,12.91,-7.34,-7.46,0.0,1,HIGH
2026-08-09 05:27:31,789,0.2377,0.0222,0.732,37.23,39.89,0.0,12.91,-7.34,-7.46,0.0,1,HIGH
2026-08-09 05:27:31,790,0.2377,0.0237,0.732,37.18,39.29,0.0,12.85,-9.82,-7.39,0.0,1,HIGH
2026-08-09 05:27:31,791,0.2506,0.0182,0.732,37.13,38.74,0.0,12.85,-9.82,-7.39,0.0,1,HIGH
2026-08-09 05:27:31,792,0.2383,0.014,0.732,37.09,38.21,0.0,11.62,-7.14,-6.86,0.0,1,HIGH
2026-08-09 05:27:31,793,0.247,0.0242,0.732,37.04,37.72,0.0,11.62,-7.14,-6.86,0.0,1,HIGH
2026-08-09 05:27:31,794,0.2565,0.0202,0.7255,36.99,37.26,0.0,13.07,-5.6,-6.32,0.0,1,HIGH
2026-08-09 05:27:31,795,0.2566,0.0223,0.719,36.95,36.82,0.0,13.07,-5.6,-6.32,0.0,1,HIGH
2026-08-09 05:27:31,796,0.2523,0.0266,0.7124,36.9,36.41,0.0,13.37,-6.96,-6.66,0.0,1,HIGH
2026-08-09 05:27:31,797,0.2714,0.0313,0.7059,36.85,36.03,0.0,13.37,-6.96,-6.66,0.0,1,HIGH
2026-08-09 05:27:31,798,0.2631,0.0225,0.6993,36.81,35.67,0.0,12.44,-6.75,-6.45,0.0,1,HIGH
2026-08-09 05:27:32,799,0.2564,0.0266,0.6928,36.76,35.33,0.0,12.44,-6.75,-6.45,0.0,1,HIGH
2026-08-09 05:27:32,800,0.2799,0.0141,0.6863,36.72,35.01,0.0,13.5,-5.92,-6.46,0.0,1,HIGH
2026-08-09 05:27:32,801,0.2836,0.0173,0.6797,36.67,34.71,0.0,13.5,-5.92,-6.46,0.0,1,HIGH
2026-08-09 05:27:32,802,0.2705,0.0279,0.6732,36.62,34.42,0.0,13.81,-6.01,-6.62,0.0,1,HIGH
2026-08-09 05:27:32,803,0.2653,0.0273,0.6667,36.58,34.16,0.0,13.81,-6.01,-6.62,0.0,1,HIGH
2026-08-09 05:27:32,804,0.2596,0.027,0.6601,36.53,33.91,0.0,13.03,-5.06,-6.67,0.0,1,HIGH
2026-08-09 05:27:32,805,0.2724,0.028,0.6536,36.49,33.67,0.0,13.03,-5.06,-6.67,0.0,1,HIGH
2026-08-09 05:27:32,806,0.2743,0.0302,0.6471,36.44,33.45,0.0,14.59,-4.47,-6.25,0.0,1,HIGH
2026-08-09 05:27:32,807,0.2602,0.0295,0.6405,36.4,33.25,0.0,14.59,-4.47,-6.25,0.0,1,HIGH
2026-08-09 05:27:32,808,0.2663,0.0296,0.634,36.35,33.05,0.0,14.85,-2.35,-6.11,0.0,1,HIGH
2026-08-09 05:27:32,809,0.2674,0.0284,0.6275,36.31,32.87,0.0,14.85,-2.35,-6.11,0.0,1,HIGH
2026-08-09 05:27:32,810,0.2624,0.0245,0.6209,36.26,32.7,0.0,13.73,-3.03,-6.24,0.0,1,HIGH
2026-08-09 05:27:32,811,0.2535,0.0183,0.6144,36.22,32.53,0.0,13.73,-3.03,-6.24,0.0,1,HIGH
2026-08-09 05:27:32,812,0.2668,0.0294,0.6078,36.17,32.38,0.0,14.75,-3.01,-6.25,0.0,1,HIGH
2026-08-09 05:27:32,813,0.2615,0.0343,0.6013,36.13,32.24,0.0,14.75,-3.01,-6.25,0.0,1,HIGH
2026-08-09 05:27:32,814,0.2531,0.0199,0.5948,36.09,32.11,0.0,13.93,-0.96,-5.93,0.0,1,HIGH
2026-08-09 05:27:32,815,0.2659,0.0316,0.5882,36.04,31.98,0.0,13.93,-0.96,-5.93,0.0,1,HIGH
2026-08-09 05:27:32,816,0.2555,0.0311,0.5817,36.0,31.86,0.0,14.1,-1.81,-6.29,0.0,1,HIGH
2026-08-09 05:27:32,817,0.2005,0.0328,0.5752,35.95,31.75,0.0,14.1,-1.81,-6.29,0.0,1,HIGH
2026-08-09 05:27:32,818,0.1463,0.0321,0.5686,35.91,32.4,0.033,11.68,-4.3,-6.6,0.0,1,HIGH
2026-08-09 05:27:32,819,0.1722,0.0389,0.5621,35.87,32.29,0.033,11.68,-4.3,-6.6,0.0,1,HIGH
2026-08-09 05:27:32,820,0.2088,0.0409,0.5556,35.82,32.19,0.033,12.13,-3.75,-6.4,0.0,1,HIGH
2026-08-09 05:27:32,821,0.2096,0.0441,0.549,35.78,32.06,0.0,12.13,-3.75,-6.4,0.0,1,HIGH
2026-08-09 05:27:32,822,0.2343,0.0379,0.5425,35.73,31.93,0.0,12.26,-2.64,-6.48,0.0,1,HIGH
2026-08-09 05:27:32,823,0.2553,0.0439,0.5359,35.69,31.82,0.0,12.26,-2.64,-6.48,0.0,1,HIGH
2026-08-09 05:27:32,824,0.2555,0.0435,0.5294,35.65,31.71,0.0,11.86,-2.54,-6.69,0.0,1,HIGH
2026-08-09 05:27:32,825,0.2605,0.0405,0.5229,35.61,31.6,0.0,11.86,-2.54,-6.69,0.0,1,HIGH
2026-08-09 05:27:32,826,0.2512,0.0476,0.5163,35.56,31.51,0.0,13.31,-0.1,-6.16,0.0,1,HIGH
2026-08-09 05:27:32,827,0.2656,0.0485,0.5098,35.52,31.42,0.0,13.31,-0.1,-6.16,0.0,1,HIGH
2026-08-09 05:27:32,828,0.2513,0.0492,0.5033,35.48,31.33,0.0,11.73,-2.86,-6.86,0.0,1,LOW
2026-08-09 05:27:33,829,0.2459,0.0407,0.4967,35.43,31.25,0.0,11.73,-2.86,-6.86,0.0,1,LOW
2026-08-09 05:27:33,830,0.243,0.0494,0.4902,35.39,31.18,0.0,11.06,4.41,-5.36,0.0,1,LOW
2026-08-09 05:27:33,831,0.2577,0.0402,0.4837,35.35,31.11,0.0,11.06,4.41,-5.36,0.0,1,LOW
2026-08-09 05:27:33,832,0.2679,0.0402,0.4771,35.31,31.04,0.0,12.75,10.99,-5.31,0.0,1,LOW
2026-08-09 05:27:33,833,0.2677,0.0452,0.4706,35.26,30.98,0.0,12.75,10.99,-5.31,0.0,1,LOW
2026-08-09 05:27:33,834,0.2612,0.0324,0.4641,35.22,30.92,0.0,12.37,9.53,-5.25,0.0,1,LOW
2026-08-09 05:27:33,835,0.2698,0.0337,0.4575,35.18,30.86,0.0,12.37,9.53,-5.25,0.0,1,LOW
2026-08-09 05:27:33,836,0.2452,0.0325,0.451,35.14,30.81,0.0,11.15,14.42,-5.2,0.0,1,LOW
2026-08-09 05:27:33,837,0.1892,0.0307,0.4444,35.1,30.76,0.0,11.15,14.42,-5.2,0.0,1,LOW
2026-08-09 05:27:33,838,0.1821,0.0322,0.4379,35.05,30.72,0.0,10.83,13.76,-4.95,0.0,1,LOW
2026-08-09 05:27:33,839,0.1625,0.0288,0.4314,35.01,30.73,0.033,10.83,13.76,-4.95,0.0,1,LOW
2026-08-09 05:27:33,840,0.183,0.0187,0.4248,34.97,30.71,0.033,11.4,14.89,-5.1,0.0,1,LOW
2026-08-09 05:27:33,841,0.2172,0.0189,0.4183,34.93,30.7,0.033,11.4,14.89,-5.1,0.0,1,LOW
2026-08-09 05:27:33,842,0.2253,0.0236,0.4118,34.89,30.66,0.0,12.74,18.18,-4.97,0.0,1,LOW
2026-08-09 05:27:33,843,0.2537,0.0329,0.4052,34.85,30.62,0.0,12.74,18.18,-4.97,0.0,1,LOW
2026-08-09 05:27:33,844,0.2681,0.0227,0.3987,34.8,30.58,0.0,12.56,19.08,-5.05,0.0,1,LOW
2026-08-09 05:27:33,845,0.2501,0.0255,0.3922,34.76,30.5,0.0,12.56,19.08,-5.05,0.0,1,LOW
2026-08-09 05:27:33,846,0.2751,0.0192,0.3856,34.72,30.38,0.0,10.93,23.13,-4.77,0.0,1,LOW
2026-08-09 05:27:33,847,0.2862,0.0275,0.3791,34.68,30.23,0.0,10.93,23.13,-4.77,0.0,1,LOW
2026-08-09 05:27:33,848,0.2868,0.0458,0.3725,34.64,30.05,0.0,8.75,28.3,-4.23,0.0,1,LOW
2026-08-09 05:27:33,849,0.2779,0.0148,0.366,34.6,29.85,0.0,8.75,28.3,-4.23,0.0,1,LOW
2026-08-09 05:27:33,850,0.264,0.0076,0.3595,34.56,29.61,0.0,4.68,33.1,-5.0,0.0,1,LOW
2026-08-09 05:27:33,851,0.2859,0.0312,0.3529,34.52,29.35,0.0,4.68,33.1,-5.0,0.0,1,LOW
2026-08-09 05:27:33,852,0.312,0.0382,0.3464,34.48,29.07,0.0,2.89,38.74,-5.63,0.0,1,LOW
2026-08-09 05:27:33,853,0.3167,0.0213,0.3399,34.44,28.77,0.0,2.89,38.74,-5.63,0.0,1,LOW
2026-08-09 05:27:33,854,0.3171,0.0483,0.3333,34.4,28.44,0.0,-0.03,40.66,-5.68,0.0,1,LOW
2026-08-09 05:27:33,855,0.3261,0.0289,0.3268,34.36,28.09,0.0,-0.03,40.66,-5.68,0.0,1,LOW
2026-08-09 05:27:33,856,0.3317,0.0299,0.3203,34.32,27.73,0.0,0.38,44.17,-5.53,0.0,1,LOW
2026-08-09 05:27:33,857,0.3313,0.0562,0.3137,34.28,27.35,0.0,0.38,44.17,-5.53,0.0,1,LOW
2026-08-09 05:27:33,858,0.3367,0.05,0.3072,34.24,21.33,0.0,0.49,46.22,-6.08,0.0,0,OK
2026-08-09 05:27:33,859,0.3499,0.0542,0.3007,34.2,16.64,0.0,0.49,46.22,-6.08,0.0,0,OK
2026-08-09 05:27:34,860,0.3298,0.0575,0.2941,34.16,12.98,0.0,-0.14,47.21,-5.78,0.0,0,OK
2026-08-09 05:27:34,861,0.3004,0.0455,0.2876,34.12,10.12,0.0,-0.14,47.21,-5.78,0.0,0,OK
2026-08-09 05:27:34,862,0.2954,0.0523,0.281,34.08,7.9,0.0,-1.8,48.55,-6.82,0.0,0,OK
2026-08-09 05:27:34,863,0.2991,0.0581,0.2745,34.04,6.16,0.0,-1.8,48.55,-6.82,0.0,0,OK
2026-08-09 05:27:34,864,0.3,0.0788,0.268,34.0,4.8,0.0,-3.16,48.89,-6.93,0.0,0,OK
2026-08-09 05:27:34,865,0.2982,0.0902,0.2614,33.96,3.75,0.0,-3.16,48.89,-6.93,0.0,0,OK
2026-08-09 05:27:34,866,0.3088,0.0594,0.2549,33.92,2.92,0.0,-1.31,49.46,-6.53,0.0,0,OK
2026-08-09 05:27:34,867,0.2981,0.071,0.2484,33.88,2.28,0.0,-1.31,49.46,-6.53,0.0,0,OK
2026-08-09 05:27:34,868,0.2937,0.0654,0.2418,33.84,1.78,0.0,-0.85,50.35,-5.75,0.0,0,OK
2026-08-09 05:27:34,869,0.2914,0.0675,0.2353,33.8,1.39,0.0,-0.85,50.35,-5.75,0.0,0,OK
2026-08-09 05:27:34,870,0.3108,0.0745,0.2288,33.77,1.08,0.0,-1.91,50.93,-5.79,0.0,0,OK
2026-08-09 05:27:34,871,0.2948,0.0763,0.2222,33.73,0.84,0.0,-1.91,50.93,-5.79,0.0,0,OK
2026-08-09 05:27:34,872,0.2881,0.06,0.2157,33.69,0.66,0.0,-1.57,50.68,-4.6,0.0,0,OK
2026-08-09 05:27:34,873,0.3002,0.0744,0.2092,33.65,0.51,0.0,-1.57,50.68,-4.6,0.0,0,OK
2026-08-09 05:27:34,874,0.2878,0.0703,0.2026,33.61,0.4,0.0,-0.99,50.97,-4.75,0.0,0,OK
2026-08-09 05:27:34,875,0.2943,0.0785,0.1961,33.57,0.31,0.0,-0.99,50.97,-4.75,0.0,0,OK
2026-08-09 05:27:34,876,0.2604,0.103,0.1895,33.53,0.24,0.0,1.74,54.14,-3.0,0.0,0,OK
2026-08-09 05:27:34,877,0.2489,0.0937,0.183,33.5,0.19,0.0,1.74,54.14,-3.0,0.0,0,OK
2026-08-09 05:27:34,878,0.3205,0.1356,0.1765,33.46,0.15,0.0,3.88,58.69,0.3,0.0,0,OK
2026-08-09 05:27:34,879,0.34,0.1215,0.1699,33.42,0.12,0.0,3.88,58.69,0.3,0.0,0,OK
2026-08-09 05:27:34,880,0.3944,0.1779,0.1634,33.39,0.09,0.0,3.61,61.31,2.22,0.0,0,OK
2026-08-09 05:27:34,881,0.425,0.1532,0.1569,33.36,0.07,0.0,3.61,61.31,2.22,0.0,0,OK
2026-08-09 05:27:34,882,0.4617,0.1401,0.1503,33.32,0.05,0.0,3.35,64.17,4.0,0.0,0,OK
2026-08-09 05:27:34,883,0.5389,0.1199,0.1438,33.28,0.04,0.0,3.35,64.17,4.0,0.0,0,OK
2026-08-09 05:27:34,884,0.5541,0.1572,0.1373,33.24,0.03,0.0,2.26,65.35,4.83,0.0,0,OK
2026-08-09 05:27:34,885,0.5132,0.135,0.1307,33.21,0.03,0.0,2.26,65.35,4.83,0.0,0,OK
2026-08-09 05:27:34,886,0.539,0.1754,0.1242,33.17,0.02,0.0,1.22,66.07,4.2,0.0,0,OK
2026-08-09 05:27:34,887,0.4866,0.1686,0.1176,33.13,0.02,0.0,1.22,66.07,4.2,0.0,0,OK
2026-08-09 05:27:34,888,0.4851,0.1424,0.1111,33.09,0.01,0.0,0.9,64.76,5.81,0.0,0,OK
2026-08-09 05:27:34,889,0.5044,0.1441,0.1046,33.06,0.01,0.0,0.9,64.76,5.81,0.0,0,OK
2026-08-09 05:27:35,890,0.5148,0.1885,0.098,33.02,0.01,0.0,2.91,67.21,6.34,0.0,0,OK
2026-08-09 05:27:35,891,0.4969,0.1367,0.0915,32.98,0.01,0.0,2.91,67.21,6.34,0.0,0,OK
2026-08-09 05:27:35,892,0.4986,0.1488,0.085,32.95,0.0,0.0,-2.21,65.63,3.84,0.0,0,OK
2026-08-09 05:27:35,893,0.4899,0.1505,0.0784,32.91,0.0,0.0,-2.21,65.63,3.84,0.0,0,OK
2026-08-09 05:27:35,894,0.5021,0.1177,0.0719,32.87,0.0,0.0,-1.9,65.52,4.28,0.0,0,OK
2026-08-09 05:27:35,895,0.4943,0.0992,0.0654,32.84,0.0,0.0,-1.9,65.52,4.28,0.0,0,OK
2026-08-09 05:27:35,896,0.4805,0.1308,0.0588,32.8,0.0,0.0,-2.45,64.44,3.23,0.0,0,OK
2026-08-09 05:27:35,897,0.4734,0.1545,0.0523,32.76,0.0,0.0,-2.45,64.44,3.23,0.0,0,OK
2026-08-09 05:27:35,898,0.487,0.107,0.0458,32.73,0.0,0.0,-2.14,64.47,4.89,0.0,0,OK
2026-08-09 05:27:35,899,0.5041,0.1308,0.0392,32.69,0.0,0.0,-2.14,64.47,4.89,0.0,0,OK
2026-08-09 05:27:35,900,0.4852,0.1585,0.0196,32.65,0.0,0.0,-3.03,64.02,2.78,0.0,0,OK
2026-08-09 05:27:35,901,0.487,0.1391,0.0196,32.62,0.0,0.0,-3.03,64.02,2.78,0.0,0,OK
2026-08-09 05:27:35,902,0.4926,0.1776,0.0196,32.58,0.0,0.0,-1.87,63.91,3.67,0.0,0,OK
2026-08-09 05:27:35,903,0.5008,0.1176,0.0196,32.55,0.0,0.0,-1.87,63.91,3.67,0.0,0,OK
2026-08-09 05:27:35,904,0.4894,0.1678,0.0196,32.51,0.0,0.0,-1.83,65.35,5.28,0.0,0,OK
2026-08-09 05:27:35,905,0.4842,0.1496,0.0196,32.47,0.0,0.0,-1.83,65.35,5.28,0.0,0,OK
2026-08-09 05:27:35,906,0.5094,0.1541,0.0196,32.44,0.0,0.0,0.6,65.39,4.37,0.0,0,OK
2026-08-09 05:27:35,907,0.4708,0.1515,0.0196,32.4,0.0,0.0,0.6,65.39,4.37,0.0,0,OK
2026-08-09 05:27:35,908,0.4622,0.145,0.0196,32.37,0.0,0.0,-3.57,63.78,1.78,0.0,0,OK
2026-08-09 05:27:35,909,0.4528,0.1574,0.0196,32.33,0.0,0.0,-3.57,63.78,1.78,0.0,0,OK
2026-08-09 05:27:35,910,0.4415,0.1447,0.0196,32.3,0.0,0.0,-1.23,64.33,3.37,0.0,0,OK
2026-08-09 05:27:35,911,0.4654,0.125,0.0196,32.26,0.0,0.0,-1.23,64.33,3.37,0.0,0,OK
2026-08-09 05:27:35,912,0.5099,0.122,0.0196,32.22,0.01,0.0,-0.0,65.57,4.75,0.02,0,OK
2026-08-09 05:27:35,913,0.4731,0.1397,0.0196,32.19,0.02,0.0,-0.0,65.57,4.75,0.05,0,OK
2026-08-09 05:27:35,914,0.4562,0.1405,0.0196,32.15,0.03,0.0,-5.64,63.23,0.77,0.09,0,OK
2026-08-09 05:27:35,915,0.4168,0.1249,0.0196,32.12,0.06,0.0,-5.64,63.23,0.77,0.14,0,OK
2026-08-09 05:27:35,916,0.4063,0.1428,0.0196,32.08,0.08,0.0,-4.09,63.54,2.2,0.19,0,OK
2026-08-09 05:27:35,917,0.4554,0.1492,0.0196,32.05,0.12,0.0,-4.09,63.54,2.2,0.23,0,OK
2026-08-09 05:27:35,918,0.4644,0.1008,0.0196,32.01,0.15,0.0,-2.82,65.24,1.63,0.28,0,OK
2026-08-09 05:27:35,919,0.4267,0.1023,0.0196,31.98,0.2,0.0,-2.82,65.24,1.63,0.35,0,OK
2026-08-09 05:27:36,920,0.4273,0.1268,0.0196,31.94,0.25,0.0,-3.0,64.71,2.54,0.42,0,OK
2026-08-09 05:27:36,921,0.3994,0.1561,0.0196,31.91,0.3,0.0,-3.0,64.71,2.54,0.48,0,OK
2026-08-09 05:27:36,922,0.4119,0.1506,0.0196,31.88,0.35,0.0,-1.7,64.1,3.67,0.55,0,OK
2026-08-09 05:27:36,923,0.3999,0.1658,0.0196,31.84,0.41,0.0,-1.7,64.1,3.67,0.61,0,OK
2026-08-09 05:27:36,924,0.3925,0.1607,0.0196,31.81,0.47,0.0,0.24,64.06,4.26,0.68,0,OK
2026-08-09 05:27:36,925,0.3982,0.1576,0.0196,31.77,0.53,0.0,0.24,64.06,4.26,0.74,0,OK
2026-08-09 05:27:36,926,0.4045,0.1559,0.0196,31.74,0.59,0.0,-6.13,64.15,0.52,0.81,0,OK
2026-08-09 05:27:36,927,0.4747,0.113,0.0196,31.7,0.65,0.0,-6.13,64.15,0.52,0.87,0,OK
2026-08-09 05:27:36,928,0.5212,0.1324,0.0196,31.67,0.72,0.0,-4.79,65.93,1.23,0.94,0,OK
2026-08-09 05:27:36,929,0.4618,0.1124,0.0196,31.64,0.78,0.0,-4.79,65.93,1.23,1.0,0,OK
2026-08-09 05:27:36,930,0.4948,0.1043,0.0196,31.6,0.84,0.0,-5.85,65.24,2.39,1.07,0,OK
2026-08-09 05:27:36,931,0.5227,0.0934,0.0196,31.57,0.91,0.0,-5.85,65.24,2.39,1.13,0,OK
2026-08-09 05:27:36,932,0.5226,0.1368,0.0196,31.53,0.97,0.0,-3.15,64.1,4.25,1.21,0,OK
2026-08-09 05:27:36,933,0.5508,0.1156,0.0,31.5,1.04,0.0,-3.15,64.1,4.25,1.26,0,OK
2026-08-09 05:27:36,934,0.5566,0.1137,0.0,31.47,1.1,0.0,-5.01,64.37,5.9,1.31,0,OK
2026-08-09 05:27:36,935,0.4709,0.1071,0.0,31.43,1.16,0.0,-5.01,64.37,5.9,1.38,0,OK
2026-08-09 05:27:36,936,0.4762,0.1067,0.0,31.4,1.23,0.0,-6.48,63.2,4.47,1.46,0,OK
2026-08-09 05:27:36,937,0.407,0.1037,0.0,31.37,1.29,0.0,-6.48,63.2,4.47,1.52,0,OK
2026-08-09 05:27:36,938,0.3851,0.0911,0.0,31.33,1.36,0.0,-3.07,64.11,8.75,1.59,0,OK
2026-08-09 05:27:36,939,0.409,0.1394,0.0,31.3,1.42,0.0,-3.07,64.11,8.75,1.65,0,OK
2026-08-09 05:27:36,940,0.3967,0.1103,0.0,31.27,1.49,0.0,-1.31,63.56,9.14,1.72,0,OK
2026-08-09 05:27:36,941,0.354,0.1075,0.0,31.23,1.55,0.0,-1.31,63.56,9.14,1.78,0,OK
2026-08-09 05:27:36,942,0.3716,0.0871,0.0,31.2,1.62,0.0,-6.57,59.76,6.65,1.85,0,OK
2026-08-09 05:27:36,943,0.3981,0.1351,0.0,31.17,1.68,0.0,-6.57,59.76,6.65,1.92,0,OK
2026-08-09 05:27:36,944,0.3482,0.1077,0.0,31.13,1.75,0.0,-8.52,58.2,4.36,1.98,0,OK
2026-08-09 05:27:36,945,0.3764,0.1292,0.0,31.1,1.81,0.0,-8.52,58.2,4.36,2.05,0,OK
2026-08-09 05:27:36,946,0.3512,0.1004,0.0,31.07,1.88,0.0,-10.87,56.59,4.18,2.11,0,OK
2026-08-09 05:27:36,947,0.3666,0.106,0.0,31.03,1.95,0.0,-10.87,56.59,4.18,2.18,0,OK
2026-08-09 05:27:36,948,0.334,0.0951,0.0,31.0,2.01,0.0,-10.33,56.02,2.56,2.24,0,OK
2026-08-09 05:27:36,949,0.34,0.1,0.0,30.97,2.07,0.0,-10.33,56.02,2.56,2.29,0,OK
2026-08-09 05:27:36,950,0.355,0.0931,0.0,30.94,2.13,0.0,-11.63,55.33,2.49,2.34,0,OK
2026-08-09 05:27:37,951,0.3184,0.0938,0.0,30.9,2.19,0.0,-11.63,55.33,2.49,2.42,0,OK
2026-08-09 05:27:37,952,0.2988,0.1138,0.0,30.87,2.26,0.0,-13.41,52.4,0.2,2.48,0,OK
2026-08-09 05:27:37,953,0.3039,0.1462,0.0,30.84,2.32,0.0,-13.41,52.4,0.2,2.55,0,OK
2026-08-09 05:27:37,954,0.3062,0.1223,0.0,30.81,2.39,0.0,-11.96,51.56,0.57,2.62,0,OK
2026-08-09 05:27:37,955,0.2969,0.1011,0.0,30.78,2.45,0.0,-11.96,51.56,0.57,2.69,0,OK
2026-08-09 05:27:37,956,0.28,0.0929,0.0,30.74,2.52,0.0,-10.01,48.04,1.27,2.75,0,OK
2026-08-09 05:27:37,957,0.2724,0.1034,0.0,30.71,2.58,0.0,-10.01,48.04,1.27,2.82,0,OK
2026-08-09 05:27:37,958,0.2944,0.1287,0.0,30.68,2.65,0.0,-10.62,43.41,-0.13,2.87,1,OK
2026-08-09 05:27:37,959,0.2598,0.0753,0.0,30.65,2.71,0.0,-10.62,43.41,-0.13,2.94,1,OK
2026-08-09 05:27:37,960,0.2471,0.0814,0.0,30.61,2.78,0.0,-8.05,38.07,1.3,3.0,1,OK
2026-08-09 05:27:37,961,0.1887,0.0631,0.0,30.58,2.84,0.0,-8.05,38.07,1.3,3.07,1,OK
2026-08-09 05:27:37,962,0.16,0.0618,0.0,30.55,3.2,0.033,-2.63,31.92,2.58,3.13,1,OK
2026-08-09 05:27:37,963,0.1701,0.0545,0.0,30.52,3.32,0.033,-2.63,31.92,2.58,3.19,1,OK
2026-08-09 05:27:37,964,0.1752,0.0599,0.0,30.49,3.41,0.033,1.79,25.89,2.28,3.17,1,OK
2026-08-09 05:27:37,965,0.1887,0.0398,0.0,30.46,3.39,0.0,1.79,25.89,2.28,3.08,1,OK
2026-08-09 05:27:37,966,0.2253,0.0448,0.0,30.42,3.36,0.0,6.76,15.63,1.56,2.95,1,OK
2026-08-09 05:27:37,967,0.2569,0.0456,0.0,30.39,3.33,0.0,6.76,15.63,1.56,2.79,1,OK
2026-08-09 05:27:37,968,0.2691,0.0316,0.0,30.36,3.29,0.0,5.72,-20.58,-2.16,2.61,1,OK
2026-08-09 05:27:37,969,0.2595,0.0236,0.0,30.33,3.23,0.0,5.72,-20.58,-2.16,2.41,1,OK
2026-08-09 05:27:37,970,0.2574,0.0306,0.0,30.3,3.17,0.0,5.02,-31.07,-3.55,2.25,1,OK
2026-08-09 05:27:37,971,0.2765,0.0466,0.0,30.27,3.11,0.0,5.02,-31.07,-3.55,2.13,1,OK
2026-08-09 05:27:37,972,0.3076,0.0548,0.0,30.24,3.05,0.0,3.02,-41.74,-6.14,2.05,1,OK
2026-08-09 05:27:37,973,0.2985,0.0524,0.0,30.21,2.98,0.0,3.02,-41.74,-6.14,1.99,1,OK
2026-08-09 05:27:37,974,0.2847,0.061,0.0,30.18,2.76,0.0,3.65,-47.41,-6.43,1.95,0,OK
2026-08-09 05:27:37,975,0.306,0.0808,0.0,30.14,2.57,0.0,3.65,-47.41,-6.43,1.93,0,OK
2026-08-09 05:27:37,976,0.3486,0.0663,0.0,30.11,2.43,0.0,6.38,-55.14,-10.21,1.93,0,OK
2026-08-09 05:27:37,977,0.3691,0.0519,0.0,30.08,2.32,0.0,6.38,-55.14,-10.21,1.94,0,OK
2026-08-09 05:27:37,978,0.4023,0.0478,0.0,30.05,2.24,0.0,7.78,-57.8,-12.9,1.97,0,OK
2026-08-09 05:27:37,979,0.4251,0.0988,0.0,30.02,2.19,0.0,7.78,-57.8,-12.9,2.0,0,OK
2026-08-09 05:27:37,980,0.4386,0.0671,0.0,29.99,2.16,0.0,8.16,-60.91,-13.41,2.05,0,OK
2026-08-09 05:27:38,981,0.441,0.0972,0.0,29.96,2.14,0.0,8.16,-60.91,-13.41,2.08,0,OK
2026-08-09 05:27:38,982,0.4025,0.0506,0.0,29.93,2.14,0.0,6.1,-59.9,-11.45,2.12,0,OK
2026-08-09 05:27:38,983,0.3552,0.0627,0.0,29.9,2.15,0.0,6.1,-59.9,-11.45,2.19,0,OK
2026-08-09 05:27:38,984,0.3155,0.0985,0.0,29.87,2.17,0.0,6.05,-59.8,-10.8,2.25,0,OK
2026-08-09 05:27:38,985,0.3279,0.0596,0.0,29.84,2.2,0.0,6.05,-59.8,-10.8,2.31,0,OK
2026-08-09 05:27:38,986,0.3013,0.0621,0.0,29.81,2.24,0.0,4.88,-59.94,-9.66,2.37,0,OK
2026-08-09 05:27:38,987,0.2976,0.0673,0.0,29.78,2.29,0.0,4.88,-59.94,-9.66,2.44,0,OK
2026-08-09 05:27:38,988,0.3028,0.111,0.0,29.75,2.33,0.0,2.11,-60.37,-7.8,2.51,0,OK
2026-08-09 05:27:38,989,0.2842,0.1174,0.0,29.72,2.39,0.0,2.11,-60.37,-7.8,2.57,0,OK
2026-08-09 05:27:38,990,0.2886,0.0754,0.0,29.69,2.44,0.0,1.77,-57.75,-6.23,2.64,0,OK
2026-08-09 05:27:38,991,0.241,0.0663,0.0,29.66,2.5,0.0,1.77,-57.75,-6.23,2.71,0,OK
2026-08-09 05:27:38,992,0.2475,0.0652,0.0,29.63,2.56,0.0,1.41,-56.53,-6.84,2.78,0,OK
2026-08-09 05:27:38,993,0.2545,0.0413,0.0,29.6,2.62,0.0,1.41,-56.53,-6.84,2.84,0,OK
2026-08-09 05:27:38,994,0.2569,0.0549,0.0,29.57,2.69,0.0,1.56,-56.9,-5.69,2.91,0,OK
2026-08-09 05:27:38,995,0.2686,0.0647,0.0,29.54,2.75,0.0,1.56,-56.9,-5.69,2.98,0,OK
2026-08-09 05:27:38,996,0.2796,0.0622,0.0,29.51,2.82,0.0,-1.16,-57.93,-4.87,3.05,0,OK
2026-08-09 05:27:38,997,0.2532,0.0527,0.0,29.48,2.88,0.0,-1.16,-57.93,-4.87,3.09,0,OK
2026-08-09 05:27:38,998,0.2466,0.0915,0.0,29.45,2.93,0.0,1.73,-58.65,-5.5,3.13,0,OK
2026-08-09 05:27:38,999,0.293,0.0637,0.0,29.42,2.99,0.0,1.73,-58.65,-5.5,3.21,0,OK
2026-08-09 05:27:38,1000,0.328,0.0805,0.0,29.47,3.06,0.0,-0.54,-60.24,-4.2,3.28,0,OK
2026-08-09 05:27:38,1001,0.3462,0.0938,0.0,29.44,3.12,0.0,-0.54,-60.24,-4.2,3.35,0,OK
2026-08-09 05:27:38,1002,0.2905,0.0663,0.0,29.41,3.19,0.0,1.5,-59.68,-5.01,3.42,0,OK
2026-08-09 05:27:38,1003,0.2791,0.0655,0.0,29.38,3.25,0.0,1.5,-59.68,-5.01,3.48,0,OK
2026-08-09 05:27:38,1004,0.2759,0.0505,0.0,29.35,3.32,0.0,-1.19,-58.39,-2.87,3.55,0,OK
2026-08-09 05:27:38,1005,0.266,0.0477,0.0,29.32,3.38,0.0,-1.19,-58.39,-2.87,3.62,0,OK
2026-08-09 05:27:38,1006,0.2705,0.04,0.0,29.29,3.45,0.0,-2.03,-57.42,-1.02,3.69,0,OK
2026-08-09 05:27:38,1007,0.2548,0.0642,0.0,29.26,3.52,0.0,-2.03,-57.42,-1.02,3.76,0,OK
2026-08-09 05:27:38,1008,0.2492,0.0405,0.0,29.23,3.59,0.0,2.58,-57.48,-2.3,3.83,0,OK
2026-08-09 05:27:38,1009,0.245,0.0673,0.0,29.2,3.65,0.0,2.58,-57.48,-2.3,3.88,0,OK
2026-08-09 05:27:38,1010,0.2379,0.0666,0.0,29.17,3.72,0.0,3.42,-55.25,-0.97,3.94,0,OK
2026-08-09 05:27:39,1011,0.225,0.0532,0.0,29.14,3.78,0.0,3.42,-55.25,-0.97,4.02,0,OK
2026-08-09 05:27:39,1012,0.2392,0.0413,0.0,29.12,3.85,0.0,2.67,-54.4,1.72,4.08,0,OK
2026-08-09 05:27:39,1013,0.2305,0.0506,0.0,29.09,3.91,0.0,2.67,-54.4,1.72,4.12,0,OK
2026-08-09 05:27:39,1014,0.2203,0.0559,0.0,29.06,3.96,0.0,2.73,-52.3,2.29,4.17,0,OK
2026-08-09 05:27:39,1015,0.2249,0.0484,0.0,29.03,4.03,0.0,2.73,-52.3,2.29,4.26,0,OK
2026-08-09 05:27:39,1016,0.2038,0.0602,0.0,29.0,4.09,0.0,2.58,-50.81,3.64,4.32,0,OK
2026-08-09 05:27:39,1017,0.2095,0.0649,0.0,28.97,4.16,0.0,2.58,-50.81,3.64,4.39,0,OK
2026-08-09 05:27:39,1018,0.217,0.0529,0.0,28.94,4.22,0.0,3.14,-50.49,3.9,4.46,0,OK
2026-08-09 05:27:39,1019,0.2182,0.048,0.0,28.92,4.29,0.0,3.14,-50.49,3.9,4.53,0,OK
2026-08-09 05:27:39,1020,0.2061,0.0582,0.0,28.89,4.36,0.0,3.45,-49.71,4.12,4.59,0,OK
2026-08-09 05:27:39,1021,0.2261,0.043,0.0,28.86,4.42,0.0,3.45,-49.71,4.12,4.65,0,OK
2026-08-09 05:27:39,1022,0.2135,0.055,0.0,28.83,4.49,0.0,3.19,-49.65,4.13,4.72,0,OK
2026-08-09 05:27:39,1023,0.2071,0.0453,0.0,28.8,4.55,0.0,3.19,-49.65,4.13,4.78,0,OK
2026-08-09 05:27:39,1024,0.229,0.0513,0.0,28.78,4.61,0.0,4.73,-51.1,2.22,4.84,0,OK
2026-08-09 05:27:39,1025,0.234,0.0531,0.0,28.75,4.67,0.0,4.73,-51.1,2.22,4.88,0,OK
2026-08-09 05:27:39,1026,0.2201,0.047,0.0,28.72,4.72,0.0,3.89,-51.53,3.87,4.91,0,OK
2026-08-09 05:27:39,1027,0.2257,0.0435,0.0,28.69,4.77,0.0,3.89,-51.53,3.87,4.93,0,OK
2026-08-09 05:27:39,1028,0.2179,0.0632,0.0,28.66,4.81,0.0,2.45,-52.05,5.69,4.95,0,OK
2026-08-09 05:27:39,1029,0.1932,0.0439,0.0,28.64,4.84,0.0,2.45,-52.05,5.69,4.96,0,OK
2026-08-09 05:27:39,1030,0.2212,0.0538,0.0,28.61,4.87,0.0,2.5,-51.63,4.99,4.97,0,OK
2026-08-09 05:27:39,1031,0.2058,0.0494,0.0,28.58,4.89,0.0,2.5,-51.63,4.99,4.98,0,OK
2026-08-09 05:27:39,1032,0.2168,0.0618,0.0,28.55,4.91,0.0,3.57,-51.33,3.66,4.98,0,OK
2026-08-09 05:27:39,1033,0.2196,0.0515,0.0,28.52,4.93,0.0,3.57,-51.33,3.66,4.99,0,OK
2026-08-09 05:27:39,1034,0.2189,0.0414,0.0,28.5,4.94,0.0,2.4,-52.28,4.91,4.99,0,OK
2026-08-09 05:27:39,1035,0.2156,0.0707,0.0,28.47,4.95,0.0,2.4,-52.28,4.91,4.99,0,OK
2026-08-09 05:27:39,1036,0.2117,0.0605,0.0,28.44,4.96,0.0,4.88,-52.87,3.3,4.99,0,OK
2026-08-09 05:27:39,1037,0.2372,0.0437,0.0,28.41,4.97,0.0,4.88,-52.87,3.3,5.0,0,OK
2026-08-09 05:27:39,1038,0.214,0.0769,0.0,28.39,4.98,0.0,2.79,-51.27,4.72,5.0,0,OK
2026-08-09 05:27:39,1039,0.2201,0.0649,0.0,28.36,4.98,0.0,2.79,-51.27,4.72,5.0,0,OK
2026-08-09 05:27:39,1040,0.1978,0.0382,0.0,28.33,4.98,0.0,3.54,-52.08,5.09,5.0,0,OK
2026-08-09 05:27:39,1041,0.2198,0.044,0.0,28.31,4.99,0.0,3.54,-52.08,5.09,5.0,0,OK
2026-08-09 05:27:40,1042,0.2129,0.0424,0.0,28.28,4.99,0.0,3.96,-53.1,3.99,5.0,0,OK
2026-08-09 05:27:40,1043,0.2147,0.0861,0.0,28.25,4.99,0.0,3.96,-53.1,3.99,5.0,0,OK
2026-08-09 05:27:40,1044,0.2245,0.0568,0.0,28.22,4.99,0.0,1.59,-54.23,4.66,5.0,0,OK
2026-08-09 05:27:40,1045,0.219,0.0208,0.0,28.2,5.0,0.0,1.59,-54.23,4.66,5.0,0,OK
2026-08-09 05:27:40,1046,0.2252,0.0865,0.0,28.17,5.0,0.0,0.43,-53.87,5.37,5.0,0,OK
2026-08-09 05:27:40,1047,0.2377,0.0327,0.0,28.14,5.0,0.0,0.43,-53.87,5.37,5.0,0,OK
2026-08-09 05:27:40,1048,0.3051,0.0528,0.0,28.12,5.0,0.0,0.09,-58.84,3.31,5.0,0,OK
2026-08-09 05:27:40,1049,0.3373,0.0243,0.0,28.09,5.0,0.0,0.09,-58.84,3.31,5.0,0,OK
2026-08-09 05:27:40,1050,0.3664,0.0427,0.0,28.06,5.0,0.0,0.66,-61.79,1.2,5.0,0,OK
2026-08-09 05:27:40,1051,0.3611,0.0401,0.0,28.04,5.0,0.0,0.66,-61.79,1.2,5.0,0,OK
2026-08-09 05:27:40,1052,0.2951,0.0416,0.0,28.01,5.0,0.0,-0.86,-60.46,0.73,5.0,0,OK
2026-08-09 05:27:40,1053,0.3062,0.0693,0.0,27.98,5.0,0.0,-0.86,-60.46,0.73,5.0,0,OK
2026-08-09 05:27:40,1054,0.324,0.1128,0.0,27.96,5.0,0.0,-2.21,-62.45,1.47,5.0,0,OK
2026-08-09 05:27:40,1055,0.2902,0.087,0.0,27.93,5.0,0.0,-2.21,-62.45,1.47,5.0,0,OK
2026-08-09 05:27:40,1056,0.3189,0.0587,0.0,27.9,5.0,0.0,-1.36,-61.48,2.49,5.0,0,OK
2026-08-09 05:27:40,1057,0.332,0.0985,0.0,27.88,5.0,0.0,-1.36,-61.48,2.49,5.0,0,OK
2026-08-09 05:27:40,1058,0.3067,0.1461,0.0,27.85,5.0,0.0,-1.83,-59.77,1.16,5.0,0,OK
2026-08-09 05:27:40,1059,0.2502,0.0544,0.0,27.83,5.0,0.0,-1.83,-59.77,1.16,5.0,0,OK
2026-08-09 05:27:40,1060,0.3453,0.0536,0.0,27.8,5.0,0.0,-2.48,-61.91,3.95,5.0,0,OK
2026-08-09 05:27:40,1061,0.3216,0.0761,0.0,27.77,5.0,0.0,-2.48,-61.91,3.95,5.0,0,OK
2026-08-09 05:27:40,1062,0.3,0.1327,0.0,27.75,5.0,0.0,-3.0,-60.51,4.06,5.0,0,OK
2026-08-09 05:27:40,1063,0.2697,0.0276,0.0,27.72,5.0,0.0,-3.0,-60.51,4.06,5.0,0,OK
2026-08-09 05:27:40,1064,0.278,0.0346,0.0,27.69,5.0,0.0,-4.0,-58.53,5.23,5.0,0,OK
2026-08-09 05:27:40,1065,0.2482,0.0927,0.0,27.67,5.0,0.0,-4.0,-58.53,5.23,5.0,0,OK
2026-08-09 05:27:40,1066,0.2148,0.0464,0.0,27.64,5.0,0.0,0.24,-57.49,3.19,5.0,0,OK
2026-08-09 05:27:40,1067,0.2437,0.0508,0.0,27.62,5.0,0.0,0.24,-57.49,3.19,5.0,0,OK
2026-08-09 05:27:40,1068,0.2316,0.0194,0.0,27.59,5.0,0.0,-0.41,-57.56,5.3,5.0,0,OK
2026-08-09 05:27:40,1069,0.2374,0.094,0.0,27.57,5.0,0.0,-0.41,-57.56,5.3,5.0,0,OK
2026-08-09 05:27:40,1070,0.2159,0.0449,0.0,27.54,5.0,0.0,-0.25,-60.47,4.11,5.0,0,OK
2026-08-09 05:27:40,1071,0.2436,0.0356,0.0,27.51,5.0,0.0,-0.25,-60.47,4.11,5.0,0,OK
2026-08-09 05:27:41,1072,0.2747,0.0478,0.0,27.49,5.0,0.0,-3.31,-57.46,5.69,5.0,0,OK
2026-08-09 05:27:41,1073,0.2613,0.071,0.0,27.46,5.0,0.0,-3.31,-57.46,5.69,5.0,0,OK
2026-08-09 05:27:41,1074,0.2833,0.0686,0.0,27.44,5.0,0.0,-0.18,-57.16,4.57,5.0,0,OK
2026-08-09 05:27:41,1075,0.2454,0.0721,0.0,27.41,5.0,0.0,-0.18,-57.16,4.57,5.0,0,OK
2026-08-09 05:27:41,1076,0.2522,0.0444,0.0,27.39,5.0,0.0,2.2,-58.19,4.28,5.0,0,OK
2026-08-09 05:27:41,1077,0.2489,0.0755,0.0,27.36,5.0,0.0,2.2,-58.19,4.28,5.0,0,OK
2026-08-09 05:27:41,1078,0.2729,0.1777,0.0,27.34,5.0,0.0,-0.44,-59.35,3.51,5.0,0,OK
2026-08-09 05:27:41,1079,0.2711,0.1651,0.0,27.31,5.0,0.0,-0.44,-59.35,3.51,5.0,0,OK
2026-08-09 05:27:41,1080,0.2546,0.0936,0.0,27.28,5.0,0.0,2.02,-59.07,2.65,5.0,0,OK
2026-08-09 05:27:41,1081,0.256,0.1248,0.0,27.26,5.0,0.0,2.02,-59.07,2.65,5.0,0,OK
2026-08-09 05:27:41,1082,0.2482,0.0994,0.0,27.23,5.0,0.0,3.49,-51.59,2.77,5.0,0,OK
2026-08-09 05:27:41,1083,0.1744,0.0538,0.0,27.21,5.0,0.0,3.49,-51.59,2.77,5.0,0,OK
2026-08-09 05:27:41,1084,0.1525,0.039,0.0,27.18,5.7,0.033,-1.41,-36.13,8.63,5.0,1,OK
2026-08-09 05:27:41,1085,0.154,0.0349,0.0,27.16,6.29,0.065,-1.41,-36.13,8.63,5.0,1,OK
2026-08-09 05:27:41,1086,0.1731,0.0383,0.0,27.13,6.28,0.065,6.81,-6.18,9.12,5.0,1,OK
2026-08-09 05:27:41,1087,0.1625,0.0674,0.0,27.11,6.4,0.098,6.81,-6.18,9.12,5.0,1,OK
2026-08-09 05:27:41,1088,0.1906,0.0599,0.0,27.08,6.45,0.098,-1.08,30.18,9.46,5.0,1,OK
2026-08-09 05:27:41,1089,0.2038,0.0696,0.0,27.06,6.5,0.098,-1.08,30.18,9.46,5.0,1,OK
2026-08-09 05:27:41,1090,0.2564,0.1139,0.0,28.72,6.41,0.0,-3.96,42.85,7.93,5.0,1,OK
2026-08-09 05:27:41,1091,0.2892,0.1247,0.0,28.7,6.32,0.0,-3.96,42.85,7.93,5.0,1,OK
2026-08-09 05:27:41,1092,0.3296,0.1295,0.0,28.67,6.03,0.0,-1.28,53.12,9.87,5.0,0,OK
2026-08-09 05:27:41,1093,0.3823,0.1057,0.0,28.65,5.8,0.0,-1.28,53.12,9.87,5.0,0,OK
2026-08-09 05:27:41,1094,0.4263,0.1489,0.0,28.62,5.63,0.0,2.89,58.04,10.52,5.0,0,OK
2026-08-09 05:27:41,1095,0.447,0.1267,0.0,28.59,5.49,0.0,2.89,58.04,10.52,5.0,0,OK
2026-08-09 05:27:41,1096,0.4261,0.149,0.0,28.57,5.38,0.0,-0.7,62.13,4.35,5.0,0,OK
2026-08-09 05:27:41,1097,0.3791,0.1652,0.0,28.54,5.3,0.0,-0.7,62.13,4.35,5.0,0,OK
2026-08-09 05:27:41,1098,0.4273,0.1198,0.0,28.52,5.23,0.0,-3.57,62.23,1.58,5.0,0,OK
2026-08-09 05:27:41,1099,0.3741,0.1003,0.0,28.49,5.18,0.0,-3.57,62.23,1.58,5.0,0,OK
2026-08-09 05:27:41,1100,0.3292,0.1507,0.0,28.46,5.14,0.0,-3.52,59.43,2.28,5.0,0,OK
2026-08-09 05:27:41,1101,0.3722,0.1271,0.0,28.44,5.11,0.0,-3.52,59.43,2.28,5.0,0,OK
2026-08-09 05:27:42,1102,0.3313,0.115,0.0,28.41,5.09,0.0,-3.09,59.61,2.47,5.0,0,OK
2026-08-09 05:27:42,1103,0.3348,0.1183,0.0,28.39,5.07,0.0,-3.09,59.61,2.47,5.0,0,OK
2026-08-09 05:27:42,1104,0.3439,0.1316,0.0,28.36,5.05,0.0,-1.6,60.49,1.69,5.0,0,OK
2026-08-09 05:27:42,1105,0.331,0.1566,0.0,28.33,5.04,0.0,-1.6,60.49,1.69,5.0,0,OK
2026-08-09 05:27:42,1106,0.3106,0.1352,0.0,28.31,5.03,0.0,-2.91,59.3,-0.59,5.0,0,OK
2026-08-09 05:27:42,1107,0.3011,0.1186,0.0,28.28,5.02,0.0,-2.91,59.3,-0.59,5.0,0,OK
2026-08-09 05:27:42,1108,0.2951,0.1335,0.0,28.26,5.02,0.0,-4.77,58.74,-2.47,5.0,0,OK
2026-08-09 05:27:42,1109,0.2798,0.1332,0.0,28.23,5.02,0.0,-4.77,58.74,-2.47,5.0,0,OK
2026-08-09 05:27:42,1110,0.3028,0.1235,0.0,28.21,5.01,0.0,-4.43,58.2,-2.23,5.0,0,OK
2026-08-09 05:27:42,1111,0.2957,0.1049,0.0,28.18,5.01,0.0,-4.43,58.2,-2.23,5.0,0,OK
2026-08-09 05:27:42,1112,0.2611,0.0905,0.0,28.16,5.01,0.0,-4.13,57.35,-1.8,5.0,0,OK
2026-08-09 05:27:42,1113,0.2644,0.0957,0.0,28.13,5.01,0.0,-4.13,57.35,-1.8,5.0,0,OK
2026-08-09 05:27:42,1114,0.2593,0.0831,0.0,28.11,5.0,0.0,-2.13,55.75,-2.24,5.0,0,OK
2026-08-09 05:27:42,1115,0.247,0.0864,0.0,28.08,5.0,0.0,-2.13,55.75,-2.24,5.0,0,OK
2026-08-09 05:27:42,1116,0.2444,0.0792,0.0,28.06,5.0,0.0,-2.98,56.24,-2.92,5.0,0,OK
2026-08-09 05:27:42,1117,0.2556,0.0687,0.0,28.03,5.0,0.0,-2.98,56.24,-2.92,5.0,0,OK
2026-08-09 05:27:42,1118,0.2348,0.1118,0.0,28.01,5.0,0.0,-2.01,54.44,-3.93,5.0,0,OK
2026-08-09 05:27:42,1119,0.2423,0.0725,0.0,27.98,5.0,0.0,-2.01,54.44,-3.93,5.0,0,OK
2026-08-09 05:27:42,1120,0.2362,0.0808,0.0,28.26,5.0,0.0,-2.1,53.72,-4.1,5.0,0,OK
2026-08-09 05:27:42,1121,0.2436,0.0843,0.0,28.23,5.0,0.0,-2.1,53.72,-4.1,5.0,0,OK
2026-08-09 05:27:42,1122,0.2377,0.1011,0.0,28.21,5.0,0.0,-2.04,54.51,-5.19,5.0,0,OK
2026-08-09 05:27:42,1123,0.2501,0.0932,0.0,28.18,5.0,0.0,-2.04,54.51,-5.19,5.0,0,OK
2026-08-09 05:27:42,1124,0.2471,0.1152,0.0,28.16,5.0,0.0,-2.36,54.13,-4.31,5.0,0,OK
2026-08-09 05:27:42,1125,0.2163,0.0813,0.0,28.13,5.0,0.0,-2.36,54.13,-4.31,5.0,0,OK
2026-08-09 05:27:42,1126,0.2344,0.0658,0.0,28.11,5.0,0.0,-1.27,54.5,-3.76,5.0,0,OK
2026-08-09 05:27:42,1127,0.2373,0.0894,0.0,28.08,5.0,0.0,-1.27,54.5,-3.76,5.0,0,OK
2026-08-09 05:27:42,1128,0.2439,0.1056,0.0,28.06,5.0,0.0,-0.93,55.34,-4.33,5.0,0,OK
2026-08-09 05:27:42,1129,0.2234,0.0883,0.0,28.03,5.0,0.0,-0.93,55.34,-4.33,5.0,0,OK
2026-08-09 05:27:42,1130,0.22,0.068,0.0,28.01,5.0,0.0,-3.07,54.15,-5.15,5.0,0,OK
2026-08-09 05:27:42,1131,0.2402,0.0706,0.0,27.98,5.0,0.0,-3.07,54.15,-5.15,5.0,0,OK
2026-08-09 05:27:43,1132,0.2241,0.0865,0.0,27.96,5.0,0.0,-1.15,54.69,-4.13,5.0,0,OK
2026-08-09 05:27:43,1133,0.2291,0.0958,0.0,27.93,5.0,0.0,-1.15,54.69,-4.13,5.0,0,OK
2026-08-09 05:27:43,1134,0.2488,0.0926,0.0,27.91,5.0,0.0,-2.52,53.95,-4.64,5.0,0,OK
2026-08-09 05:27:43,1135,0.2352,0.0798,0.0,27.88,5.0,0.0,-2.52,53.95,-4.64,5.0,0,OK
2026-08-09 05:27:43,1136,0.2415,0.0777,0.0,27.86,5.0,0.0,-3.41,53.43,-4.83,5.0,0,OK
2026-08-09 05:27:43,1137,0.2191,0.0914,0.0,27.84,5.0,0.0,-3.41,53.43,-4.83,5.0,0,OK
2026-08-09 05:27:43,1138,0.2336,0.0789,0.0,27.81,5.0,0.0,-1.65,54.03,-4.11,5.0,0,OK
2026-08-09 05:27:43,1139,0.2362,0.0861,0.0,27.79,5.0,0.0,-1.65,54.03,-4.11,5.0,0,OK
2026-08-09 05:27:43,1140,0.2254,0.0862,0.0,27.76,5.0,0.0,-0.63,54.27,-3.79,5.0,0,OK
2026-08-09 05:27:43,1141,0.2349,0.0651,0.0,27.74,5.0,0.0,-0.63,54.27,-3.79,5.0,0,OK
2026-08-09 05:27:43,1142,0.2148,0.0785,0.0,27.71,5.0,0.0,-1.93,53.55,-3.77,5.0,0,OK
2026-08-09 05:27:43,1143,0.2399,0.0852,0.0,27.69,5.0,0.0,-1.93,53.55,-3.77,5.0,0,OK
2026-08-09 05:27:43,1144,0.2286,0.0865,0.0,27.67,5.0,0.0,-0.89,54.35,-4.24,5.0,0,OK
2026-08-09 05:27:43,1145,0.2408,0.0902,0.0,27.64,5.0,0.0,-0.89,54.35,-4.24,5.0,0,OK
2026-08-09 05:27:43,1146,0.2271,0.0783,0.0,27.62,5.0,0.0,-1.24,54.61,-4.11,5.0,0,OK
2026-08-09 05:27:43,1147,0.2316,0.0919,0.0,27.59,5.0,0.0,-1.24,54.61,-4.11,5.0,0,OK
2026-08-09 05:27:43,1148,0.2469,0.0973,0.0,27.57,5.0,0.0,0.21,54.58,-2.94,5.0,0,OK
2026-08-09 05:27:43,1149,0.2596,0.0705,0.0,27.55,5.0,0.0,0.21,54.58,-2.94,5.0,0,OK
2026-08-09 05:27:43,1150,0.2692,0.0846,0.0,27.52,5.0,0.0,0.83,54.01,-2.84,5.0,0,OK
2026-08-09 05:27:43,1151,0.2503,0.0831,0.0,27.5,5.0,0.0,0.83,54.01,-2.84,5.0,0,OK
2026-08-09 05:27:43,1152,0.246,0.0691,0.0,27.47,5.0,0.0,0.02,54.88,-3.8,5.0,0,OK
2026-08-09 05:27:43,1153,0.24,0.0876,0.0,27.45,5.0,0.0,0.02,54.88,-3.8,5.0,0,OK
2026-08-09 05:27:43,1154,0.2589,0.0822,0.0,27.43,5.0,0.0,0.76,55.4,-2.11,5.0,0,OK
2026-08-09 05:27:43,1155,0.2791,0.1096,0.0,27.4,5.0,0.0,0.76,55.4,-2.11,5.0,0,OK
2026-08-09 05:27:43,1156,0.2638,0.0824,0.0,27.38,5.0,0.0,-0.53,53.93,-3.41,5.0,0,OK
2026-08-09 05:27:43,1157,0.2377,0.065,0.0,27.35,5.0,0.0,-0.53,53.93,-3.41,5.0,0,OK
2026-08-09 05:27:43,1158,0.2293,0.0806,0.0,27.33,5.0,0.0,1.64,53.87,-1.14,5.0,0,OK
2026-08-09 05:27:43,1159,0.285,0.0922,0.0,27.31,5.0,0.0,1.64,53.87,-1.14,5.0,0,OK
2026-08-09 05:27:43,1160,0.2717,0.0939,0.0,27.28,5.0,0.0,1.24,55.31,-2.61,5.0,0,OK
2026-08-09 05:27:43,1161,0.2666,0.0746,0.0,27.26,5.0,0.0,1.24,55.31,-2.61,5.0,0,OK
2026-08-09 05:27:44,1162,0.2742,0.0733,0.0,27.24,5.0,0.0,0.34,54.83,-2.55,5.0,0,OK
2026-08-09 05:27:44,1163,0.2651,0.0834,0.0,27.21,5.0,0.0,0.34,54.83,-2.55,5.0,0,OK
2026-08-09 05:27:44,1164,0.2698,0.067,0.0,27.19,5.0,0.0,0.97,54.79,-1.6,5.0,0,OK
2026-08-09 05:27:44,1165,0.2788,0.0874,0.0,27.17,5.0,0.0,0.97,54.79,-1.6,5.0,0,OK
2026-08-09 05:27:44,1166,0.271,0.0701,0.0,27.14,5.0,0.0,0.72,54.48,-2.88,5.0,0,OK
2026-08-09 05:27:44,1167,0.2621,0.0672,0.0,27.12,5.0,0.0,0.72,54.48,-2.88,5.0,0,OK
2026-08-09 05:27:44,1168,0.2631,0.0662,0.0,27.1,5.0,0.0,1.65,54.03,-1.98,5.0,0,OK
2026-08-09 05:27:44,1169,0.2724,0.0659,0.0,27.07,5.0,0.0,1.65,54.03,-1.98,5.0,0,OK
2026-08-09 05:27:44,1170,0.2428,0.0797,0.0,27.05,5.0,0.0,1.06,52.94,-2.53,5.0,0,OK
2026-08-09 05:27:44,1171,0.2517,0.0935,0.0,27.03,5.0,0.0,1.06,52.94,-2.53,5.0,0,OK
2026-08-09 05:27:44,1172,0.2527,0.0756,0.0,27.01,5.0,0.0,1.05,53.33,-2.73,5.0,0,OK
2026-08-09 05:27:44,1173,0.2543,0.0814,0.0,26.98,5.0,0.0,1.05,53.33,-2.73,5.0,0,OK
2026-08-09 05:27:44,1174,0.2755,0.0982,0.0,26.96,5.0,0.0,0.16,54.35,-3.54,5.0,0,OK
2026-08-09 05:27:44,1175,0.2322,0.0734,0.0,26.94,5.0,0.0,0.16,54.35,-3.54,5.0,0,OK
2026-08-09 05:27:44,1176,0.3202,0.0835,0.0,26.91,5.0,0.0,2.4,54.09,-1.57,5.0,0,OK
2026-08-09 05:27:44,1177,0.2593,0.0952,0.0,26.89,5.0,0.0,2.4,54.09,-1.57,5.0,0,OK
2026-08-09 05:27:44,1178,0.2775,0.0879,0.0,26.87,5.0,0.0,1.84,53.91,-2.63,5.0,0,OK
2026-08-09 05:27:44,1179,0.2594,0.071,0.0,26.84,5.0,0.0,1.84,53.91,-2.63,5.0,0,OK
2026-08-09 05:27:44,1180,0.2295,0.0776,0.0,26.82,5.0,0.0,3.52,53.57,-1.09,5.0,0,OK
2026-08-09 05:27:44,1181,0.2694,0.0921,0.0,26.8,5.0,0.0,3.52,53.57,-1.09,5.0,0,OK
2026-08-09 05:27:44,1182,0.2707,0.097,0.0,26.78,5.0,0.0,0.73,53.0,-3.42,5.0,0,OK
2026-08-09 05:27:44,1183,0.2199,0.0757,0.0,26.75,5.0,0.0,0.73,53.0,-3.42,5.0,0,OK
2026-08-09 05:27:44,1184,0.2443,0.0773,0.0,26.73,5.0,0.0,0.1,51.71,-3.93,5.0,0,OK
2026-08-09 05:27:44,1185,0.2328,0.0893,0.0,26.71,5.0,0.0,0.1,51.71,-3.93,5.0,0,OK
2026-08-09 05:27:44,1186,0.2445,0.0772,0.0,26.69,5.0,0.0,0.77,50.82,-3.28,5.0,0,OK
2026-08-09 05:27:44,1187,0.2283,0.0774,0.0,26.66,5.0,0.0,0.77,50.82,-3.28,5.0,0,OK
2026-08-09 05:27:44,1188,0.2646,0.0888,0.0,26.64,5.0,0.0,0.09,51.02,-3.79,5.0,0,OK
2026-08-09 05:27:44,1189,0.2526,0.0807,0.0,26.62,5.0,0.0,0.09,51.02,-3.79,5.0,0,OK
2026-08-09 05:27:44,1190,0.2389,0.0967,0.0,26.6,5.0,0.0,2.07,51.67,-2.1,5.0,0,OK
2026-08-09 05:27:44,1191,0.2349,0.0779,0.0,26.57,5.0,0.0,2.07,51.67,-2.1,5.0,0,OK
2026-08-09 05:27:44,1192,0.252,0.0877,0.0,26.55,5.0,0.0,2.36,51.34,-2.53,5.0,0,OK
2026-08-09 05:27:45,1193,0.2301,0.0753,0.0,26.53,5.0,0.0,2.36,51.34,-2.53,5.0,0,OK
2026-08-09 05:27:45,1194,0.2181,0.095,0.0,26.51,5.0,0.0,0.83,50.83,-3.35,5.0,0,OK
2026-08-09 05:27:45,1195,0.2383,0.0809,0.0,26.49,5.0,0.0,0.83,50.83,-3.35,5.0,0,OK
2026-08-09 05:27:45,1196,0.2356,0.1146,0.0,26.46,5.0,0.0,2.09,51.14,-3.1,5.0,0,OK
2026-08-09 05:27:45,1197,0.2224,0.1051,0.0,26.44,5.0,0.0,2.09,51.14,-3.1,5.0,0,OK
2026-08-09 05:27:45,1198,0.2538,0.0804,0.0,26.42,5.0,0.0,1.41,49.67,-3.14,5.0,0,OK
2026-08-09 05:27:45,1199,0.2508,0.0908,0.0,26.4,5.0,0.0,1.41,49.67,-3.14,5.0,0,OK
2026-08-09 05:27:45,1200,0.2612,0.1088,0.0,26.38,5.0,0.0,1.18,49.6,-3.25,5.0,0,OK
2026-08-09 05:27:45,1201,0.2477,0.0835,0.0,26.35,5.0,0.0,1.18,49.6,-3.25,5.0,0,OK
2026-08-09 05:27:45,1202,0.2503,0.1339,0.0,26.33,5.0,0.0,0.9,49.82,-3.94,5.0,0,OK
2026-08-09 05:27:45,1203,0.2249,0.0747,0.0,26.31,5.0,0.0,0.9,49.82,-3.94,5.0,0,OK
2026-08-09 05:27:45,1204,0.2564,0.0785,0.0,26.29,5.0,0.0,1.48,49.39,-3.82,5.0,0,OK
2026-08-09 05:27:45,1205,0.2441,0.0855,0.0,26.27,5.0,0.0,1.48,49.39,-3.82,5.0,0,OK
2026-08-09 05:27:45,1206,0.2247,0.0963,0.0,26.24,5.0,0.0,1.1,48.66,-4.21,5.0,0,OK
2026-08-09 05:27:45,1207,0.2446,0.0979,0.0,26.22,5.0,0.0,1.1,48.66,-4.21,5.0,0,OK
2026-08-09 05:27:45,1208,0.206,0.0665,0.0,26.2,5.0,0.0,-0.37,47.77,-3.9,5.0,0,OK
2026-08-09 05:27:45,1209,0.2131,0.0929,0.0,26.18,5.0,0.0,-0.37,47.77,-3.9,5.0,0,OK
2026-08-09 05:27:45,1210,0.1939,0.0648,0.0,26.16,5.0,0.0,-0.82,42.46,-3.29,5.0,1,OK
2026-08-09 05:27:45,1211,0.222,0.069,0.0,26.14,5.0,0.0,-0.82,42.46,-3.29,5.0,1,OK
2026-08-09 05:27:45,1212,0.237,0.0277,0.0,26.11,5.0,0.0,5.61,34.72,0.69,5.0,1,OK
2026-08-09 05:27:45,1213,0.2796,0.0517,0.0,26.09,5.0,0.0,5.61,34.72,0.69,5.0,1,OK
2026-08-09 05:27:45,1214,0.2804,0.0307,0.0,26.07,5.0,0.0,9.32,28.42,1.43,5.0,1,OK
2026-08-09 05:27:45,1215,0.2923,0.0503,0.0,26.05,5.0,0.0,9.32,28.42,1.43,5.0,1,OK
2026-08-09 05:27:45,1216,0.2855,0.0367,0.0,26.03,5.0,0.0,12.55,23.52,2.81,5.0,1,OK
2026-08-09 05:27:45,1217,0.2862,0.0275,0.0,26.01,5.0,0.0,12.55,23.52,2.81,5.0,1,OK
2026-08-09 05:27:45,1218,0.2853,0.042,0.0,25.99,5.0,0.0,13.73,20.68,3.51,5.0,1,OK
2026-08-09 05:27:45,1219,0.2832,0.052,0.0,25.96,5.0,0.0,13.73,20.68,3.51,5.0,1,OK
2026-08-09 05:27:45,1220,0.2544,0.0454,0.0,25.94,5.0,0.0,14.12,13.38,3.16,5.0,1,OK
2026-08-09 05:27:45,1221,0.2224,0.0442,0.0,25.92,5.0,0.0,14.12,13.38,3.16,5.0,1,OK
2026-08-09 05:27:45,1222,0.1869,0.0409,0.0,25.9,5.0,0.0,17.05,-2.8,1.35,5.0,1,OK
2026-08-09 05:27:46,1223,0.1892,0.0445,0.0,25.88,5.0,0.0,17.05,-2.8,1.35,5.0,1,OK
2026-08-09 05:27:46,1224,0.1815,0.043,0.0,25.86,5.0,0.0,18.48,-4.68,1.23,5.0,1,OK
2026-08-09 05:27:46,1225,0.228,0.0506,0.0,25.84,5.0,0.0,18.48,-4.68,1.23,5.0,1,OK
2026-08-09 05:27:46,1226,0.2591,0.0589,0.0,25.82,5.0,0.0,18.92,-9.89,0.87,5.0,1,OK
2026-08-09 05:27:46,1227,0.2658,0.0466,0.0,25.8,5.0,0.0,18.92,-9.89,0.87,5.0,1,OK
2026-08-09 05:27:46,1228,0.2793,0.0487,0.0,25.77,5.0,0.0,20.89,-10.5,0.56,5.0,1,OK
2026-08-09 05:27:46,1229,0.2944,0.0453,0.0,25.75,5.0,0.0,20.89,-10.5,0.56,5.0,1,OK
2026-08-09 05:27:46,1230,0.2924,0.0492,0.0,25.73,5.0,0.0,21.32,-12.97,0.52,5.0,1,OK
2026-08-09 05:27:46,1231,0.3027,0.0375,0.0,25.71,5.0,0.0,21.32,-12.97,0.52,5.0,1,OK
2026-08-09 05:27:46,1232,0.2934,0.0393,0.0,25.69,5.0,0.0,22.65,-13.45,0.09,5.0,1,OK
2026-08-09 05:27:46,1233,0.303,0.0303,0.0,25.67,5.0,0.0,22.65,-13.45,0.09,5.0,1,OK
2026-08-09 05:27:46,1234,0.2809,0.0391,0.0,25.65,5.0,0.0,21.76,-13.6,0.45,5.0,1,OK
2026-08-09 05:27:46,1235,0.2746,0.0417,0.0,25.63,5.0,0.0,21.76,-13.6,0.45,5.0,1,OK
2026-08-09 05:27:46,1236,0.2839,0.0248,0.0,25.61,5.0,0.0,22.11,-12.31,0.34,5.0,1,OK
2026-08-09 05:27:46,1237,0.2874,0.0379,0.0,25.59,5.0,0.0,22.11,-12.31,0.34,5.0,1,OK
2026-08-09 05:27:46,1238,0.2293,0.02,0.0,25.57,5.0,0.0,22.05,-14.04,-0.05,5.0,1,OK
2026-08-09 05:27:46,1239,0.2092,0.0098,0.0,25.55,5.0,0.0,22.05,-14.04,-0.05,5.0,1,OK
2026-08-09 05:27:46,1240,0.2065,0.0136,0.0,25.36,5.0,0.0,21.74,-12.99,-0.37,5.0,1,OK
2026-08-09 05:27:46,1241,0.2131,0.0247,0.0,25.34,5.0,0.0,21.74,-12.99,-0.37,5.0,1,OK
2026-08-09 05:27:46,1242,0.2577,0.0335,0.0,25.32,5.0,0.0,22.18,-14.49,-0.25,5.0,1,OK
2026-08-09 05:27:46,1243,0.259,0.0169,0.0,25.3,5.0,0.0,22.18,-14.49,-0.25,5.0,1,OK
2026-08-09 05:27:46,1244,0.283,0.0153,0.0,25.28,5.0,0.0,20.71,-15.59,0.49,5.0,1,OK
2026-08-09 05:27:46,1245,0.2715,0.0214,0.0,25.26,5.0,0.0,20.71,-15.59,0.49,5.0,1,OK
2026-08-09 05:27:46,1246,0.2857,0.0137,0.0,25.24,5.0,0.0,21.11,-18.76,0.8,5.0,1,OK
2026-08-09 05:27:46,1247,0.2798,0.0112,0.0,25.22,5.0,0.0,21.11,-18.76,0.8,5.0,1,OK
2026-08-09 05:27:46,1248,0.2863,0.0226,0.0,25.2,5.01,0.0,21.74,-23.99,1.57,5.04,1,OK
2026-08-09 05:27:46,1249,0.3088,0.0077,0.0,25.18,5.04,0.0,21.74,-23.99,1.57,5.13,1,OK
2026-08-09 05:27:46,1250,0.332,0.0099,0.0,25.16,5.1,0.0,19.72,-31.68,2.96,5.33,1,OK
2026-08-09 05:27:46,1251,0.3332,0.0082,0.0,25.14,5.21,0.0,19.72,-31.68,2.96,5.61,1,OK
2026-08-09 05:27:46,1252,0.3304,0.0138,0.0,25.12,5.38,0.0,18.36,-36.13,5.08,5.96,1,OK
2026-08-09 05:27:46,1253,0.314,0.0121,0.0,25.1,5.58,0.0,18.36,-36.13,5.08,6.3,1,OK
2026-08-09 05:27:47,1254,0.3177,0.0155,0.0,25.08,5.82,0.0,20.62,-36.51,5.31,6.66,1,OK
2026-08-09 05:27:47,1255,0.3282,0.0216,0.0,25.06,6.09,0.0,20.62,-36.51,5.31,7.07,1,OK
2026-08-09 05:27:47,1256,0.3334,0.0118,0.0,25.04,6.4,0.0,19.95,-37.6,6.33,7.51,1,OK
2026-08-09 05:27:47,1257,0.3331,0.0242,0.0,25.02,6.74,0.0,19.95,-37.6,6.33,7.94,1,OK
2026-08-09 05:27:47,1258,0.3281,0.0206,0.0,25.0,7.11,0.0,21.16,-37.12,6.7,8.4,1,OK
2026-08-09 05:27:47,1259,0.336,0.0263,0.0,24.98,7.49,0.0,21.16,-37.12,6.7,8.86,1,OK
2026-08-09 05:27:47,1260,0.3373,0.0177,0.0,24.96,7.89,0.0,22.47,-37.79,7.11,9.3,1,OK
2026-08-09 05:27:47,1261,0.3571,0.0154,0.0,24.94,8.29,0.0,22.47,-37.79,7.11,9.73,1,OK
2026-08-09 05:27:47,1262,0.3333,0.0157,0.0,24.92,8.71,0.0,26.7,-38.11,7.23,10.18,1,OK
2026-08-09 05:27:47,1263,0.3264,0.0152,0.0,24.9,9.13,0.0,26.7,-38.11,7.23,10.64,1,OK
2026-08-09 05:27:47,1264,0.3322,0.0186,0.0,24.88,9.56,0.0,32.47,-34.05,5.67,11.07,1,OK
2026-08-09 05:27:47,1265,0.3176,0.0291,0.0,24.86,9.99,0.0,32.47,-34.05,5.67,11.52,1,OK
2026-08-09 05:27:47,1266,0.3203,0.0297,0.0,24.84,10.43,0.0,40.01,-30.77,6.06,11.98,1,OK
2026-08-09 05:27:47,1267,0.3372,0.0317,0.0,24.82,10.87,0.0,40.01,-30.77,6.06,12.44,1,OK
2026-08-09 05:27:47,1268,0.3179,0.0626,0.0,24.8,11.32,0.0,47.71,-28.33,4.93,12.92,1,OK
2026-08-09 05:27:47,1269,0.323,0.0491,0.0,24.78,11.76,0.0,47.71,-28.33,4.93,13.34,1,OK
2026-08-09 05:27:47,1270,0.2964,0.0472,0.0,24.76,12.2,0.0,54.32,-24.32,1.7,13.73,1,OK
2026-08-09 05:27:47,1271,0.3097,0.0443,0.0,24.75,12.63,0.0,54.32,-24.32,1.7,14.15,1,OK
2026-08-09 05:27:47,1272,0.3075,0.018,0.0,24.73,13.03,0.0,52.3,-19.71,3.8,14.46,1,OK
2026-08-09 05:27:47,1273,0.3074,0.039,0.0,24.71,13.41,0.0,52.3,-19.71,3.8,14.76,1,OK
2026-08-09 05:27:47,1274,0.3212,0.0353,0.0,24.69,11.83,0.0,55.78,-16.95,2.96,13.34,1,OK
2026-08-09 05:27:47,1275,0.3076,0.0462,0.0,24.67,12.3,0.0,55.78,-16.95,2.96,13.97,1,OK
2026-08-09 05:27:47,1276,0.3111,0.0417,0.0,24.65,12.78,0.0,56.77,-14.46,2.95,14.5,1,OK
2026-08-09 05:27:47,1277,0.3004,0.0436,0.0,24.63,11.4,0.0,56.77,-14.46,2.95,13.31,1,OK
2026-08-09 05:27:47,1278,0.3139,0.0375,0.0,24.61,11.98,0.0,54.67,-11.16,2.83,14.02,1,OK
2026-08-09 05:27:47,1279,0.3282,0.0432,0.0,24.59,12.57,0.0,54.67,-11.16,2.83,14.64,1,OK
2026-08-09 05:27:47,1280,0.3454,0.041,0.0,24.57,11.29,0.0,50.3,-14.15,0.02,13.45,1,OK
2026-08-09 05:27:48,1281,0.349,0.0386,0.0,24.55,11.95,0.0,50.3,-14.15,0.02,14.3,1,OK
2026-08-09 05:27:48,1282,0.335,0.0352,0.0,24.53,12.59,0.0,53.32,-10.87,3.44,14.86,1,OK
2026-08-09 05:27:48,1283,0.3358,0.0413,0.0,24.51,13.2,0.0,53.32,-10.87,3.44,15.35,1,OK
2026-08-09 05:27:48,1284,0.3421,0.0337,0.0,24.49,13.78,0.0,54.59,-9.25,3.35,15.84,1,OK
2026-08-09 05:27:48,1285,0.337,0.0431,0.0,24.48,14.31,0.0,54.59,-9.25,3.35,16.18,1,OK
2026-08-09 05:27:48,1286,0.3344,0.035,0.0,24.46,14.79,0.0,53.84,-10.03,3.94,16.52,1,OK
2026-08-09 05:27:48,1287,0.3423,0.0392,0.0,24.44,15.27,0.0,53.84,-10.03,3.94,16.95,1,OK
2026-08-09 05:27:48,1288,0.3478,0.0292,0.0,24.42,15.73,0.0,52.52,-9.22,3.45,17.36,1,OK
2026-08-09 05:27:48,1289,0.3346,0.0339,0.0,24.4,16.19,0.0,52.52,-9.22,3.45,17.82,1,OK
2026-08-09 05:27:48,1290,0.3498,0.0174,0.0,24.38,16.64,0.0,49.85,-8.06,4.8,18.25,1,MEDIUM
2026-08-09 05:27:48,1291,0.3506,0.0202,0.0,24.36,17.09,0.0,49.85,-8.06,4.8,18.68,1,MEDIUM
2026-08-09 05:27:48,1292,0.3376,0.0097,0.0,24.34,17.54,0.0,48.94,-9.18,3.96,19.12,1,MEDIUM
2026-08-09 05:27:48,1293,0.3356,0.0084,0.0,24.32,17.99,0.0,48.94,-9.18,3.96,19.6,1,MEDIUM
2026-08-09 05:27:48,1294,0.3454,0.0071,0.0,24.31,18.44,0.0,48.28,-9.1,4.3,20.02,1,MEDIUM
2026-08-09 05:27:48,1295,0.3445,0.0136,0.0,24.29,18.88,0.0,48.28,-9.1,4.3,20.44,1,MEDIUM
2026-08-09 05:27:48,1296,0.3504,0.0162,0.0,24.27,19.31,0.0,47.74,-9.31,3.43,20.84,1,MEDIUM
2026-08-09 05:27:48,1297,0.354,0.0158,0.0,24.25,19.75,0.0,47.74,-9.31,3.43,21.32,1,MEDIUM
2026-08-09 05:27:48,1298,0.3493,0.0193,0.0,24.23,20.18,0.0,47.9,-7.95,3.71,21.69,1,MEDIUM
2026-08-09 05:27:48,1299,0.3448,0.0145,0.0,24.21,20.6,0.0,47.9,-7.95,3.71,22.1,1,MEDIUM
2026-08-09 05:27:48,1300,0.3507,0.0113,0.0,24.19,21.04,0.0,49.05,-6.81,3.7,22.58,1,MEDIUM
2026-08-09 05:27:48,1301,0.3495,0.0199,0.0,24.18,21.45,0.0,49.05,-6.81,3.7,22.93,1,MEDIUM
2026-08-09 05:27:48,1302,0.3404,0.0197,0.0,24.16,21.84,0.0,48.59,-9.1,3.21,23.2,1,MEDIUM
2026-08-09 05:27:48,1303,0.3444,0.0111,0.0,24.14,22.18,0.0,48.59,-9.1,3.21,23.4,1,MEDIUM
2026-08-09 05:27:48,1304,0.3434,0.0167,0.0,24.12,22.48,0.0,48.3,-7.57,4.4,23.55,1,MEDIUM
2026-08-09 05:27:48,1305,0.3514,0.0125,0.0,24.1,22.74,0.0,48.3,-7.57,4.4,23.66,1,MEDIUM
2026-08-09 05:27:48,1306,0.3604,0.0223,0.0,24.08,22.96,0.0,47.63,-8.49,4.98,23.75,1,MEDIUM
2026-08-09 05:27:48,1307,0.3445,0.0161,0.0,24.06,23.15,0.0,47.63,-8.49,4.98,23.81,1,MEDIUM
2026-08-09 05:27:48,1308,0.3411,0.0202,0.0,24.05,23.3,0.0,49.33,-6.93,3.78,23.86,1,MEDIUM
2026-08-09 05:27:48,1309,0.3462,0.0134,0.0,24.03,23.43,0.0,49.33,-6.93,3.78,23.89,1,MEDIUM
2026-08-09 05:27:48,1310,0.3363,0.0256,0.0,24.01,23.54,0.0,50.3,-8.09,3.52,23.92,1,MEDIUM
2026-08-09 05:27:49,1311,0.3259,0.0202,0.0,23.99,23.63,0.0,50.3,-8.09,3.52,23.94,1,MEDIUM
2026-08-09 05:27:49,1312,0.3119,0.0095,0.0,23.97,23.7,0.0,49.57,-8.0,3.71,23.95,1,MEDIUM
2026-08-09 05:27:49,1313,0.3201,0.0111,0.0,23.95,23.76,0.0,49.57,-8.0,3.71,23.97,1,MEDIUM
2026-08-09 05:27:49,1314,0.335,0.0222,0.0,23.94,23.81,0.0,48.38,-7.49,4.03,23.97,1,MEDIUM
2026-08-09 05:27:49,1315,0.3423,0.0189,0.0,23.92,23.84,0.0,48.38,-7.49,4.03,23.98,1,MEDIUM
2026-08-09 05:27:49,1316,0.3424,0.0199,0.0,23.9,23.88,0.0,49.57,-7.63,4.17,23.99,1,MEDIUM
2026-08-09 05:27:49,1317,0.3438,0.015,0.0,23.88,23.9,0.0,49.57,-7.63,4.17,23.99,1,MEDIUM
2026-08-09 05:27:49,1318,0.3507,0.0236,0.0,23.86,23.92,0.0,48.43,-8.33,3.5,23.99,1,MEDIUM
2026-08-09 05:27:49,1319,0.3506,0.0201,0.0,23.85,23.94,0.0,48.43,-8.33,3.5,23.99,1,MEDIUM
2026-08-09 05:27:49,1320,0.3434,0.0253,0.0,23.83,23.95,0.0,49.47,-8.71,3.98,24.0,1,MEDIUM
2026-08-09 05:27:49,1321,0.3511,0.0251,0.0,23.81,23.96,0.0,49.47,-8.71,3.98,24.0,1,MEDIUM
2026-08-09 05:27:49,1322,0.3411,0.0448,0.0,23.79,23.97,0.0,51.48,-11.35,3.99,24.0,1,MEDIUM
2026-08-09 05:27:49,1323,0.3494,0.0399,0.0,23.77,23.97,0.0,51.48,-11.35,3.99,24.0,1,MEDIUM
2026-08-09 05:27:49,1324,0.3491,0.028,0.0,23.76,23.98,0.0,53.34,-11.69,2.94,24.0,1,MEDIUM
2026-08-09 05:27:49,1325,0.3412,0.0406,0.0,23.74,23.98,0.0,53.34,-11.69,2.94,24.0,1,HIGH
2026-08-09 05:27:49,1326,0.3448,0.0324,0.0,23.72,23.99,0.0,53.72,-9.32,2.71,24.0,1,HIGH
2026-08-09 05:27:49,1327,0.3376,0.044,0.0,23.7,23.99,0.0,53.72,-9.32,2.71,24.0,1,HIGH
2026-08-09 05:27:49,1328,0.3461,0.045,0.0,23.68,23.99,0.0,53.18,-10.87,2.2,24.0,1,HIGH
2026-08-09 05:27:49,1329,0.3468,0.0369,0.0,23.67,20.59,0.0,53.18,-10.87,2.2,21.3,1,HIGH
2026-08-09 05:27:49,1330,0.3397,0.0562,0.0,23.65,20.9,0.0,52.55,-12.35,2.34,21.97,1,HIGH
2026-08-09 05:27:49,1331,0.335,0.041,0.0,23.63,18.26,0.0,52.55,-12.35,2.34,20.01,1,HIGH
2026-08-09 05:27:49,1332,0.3256,0.0436,0.0,23.61,18.86,0.0,54.01,-11.96,1.68,21.01,1,HIGH
2026-08-09 05:27:49,1333,0.3252,0.0514,0.0,23.6,19.5,0.0,54.01,-11.96,1.68,21.76,1,HIGH
2026-08-09 05:27:49,1334,0.3196,0.0501,0.0,23.58,14.9,0.0,52.69,-10.79,3.39,17.79,1,HIGH
2026-08-09 05:27:49,1335,0.3147,0.0354,0.0,23.56,15.88,0.0,52.69,-10.79,3.39,19.34,1,HIGH
2026-08-09 05:27:49,1336,0.3232,0.0615,0.0,23.54,14.56,0.0,54.71,-10.69,4.27,18.33,1,HIGH
2026-08-09 05:27:50,1337,0.3475,0.0454,0.0,23.52,13.54,0.0,54.71,-10.69,4.27,17.69,1,HIGH
2026-08-09 05:27:50,1338,0.3364,0.0828,0.0,23.51,11.06,0.0,55.35,-11.93,0.79,15.58,1,HIGH
2026-08-09 05:27:50,1339,0.3384,0.0778,0.0,23.49,10.84,0.0,55.35,-11.93,0.79,15.93,1,HIGH
2026-08-09 05:27:50,1340,0.3316,0.0719,0.0,23.47,10.74,0.0,52.66,-12.53,1.73,16.16,1,HIGH
2026-08-09 05:27:50,1341,0.344,0.0667,0.0,23.45,10.71,0.0,52.66,-12.53,1.73,16.3,1,HIGH
2026-08-09 05:27:50,1342,0.3289,0.0611,0.0,23.44,10.71,0.0,53.14,-14.96,-0.17,16.39,1,HIGH
2026-08-09 05:27:50,1343,0.3295,0.0357,0.0,23.42,12.37,0.0,53.14,-14.96,-0.17,18.29,1,HIGH
2026-08-09 05:27:50,1344,0.328,0.0363,0.0,23.24,7.93,0.0,51.66,-10.62,1.76,13.16,1,HIGH
2026-08-09 05:27:50,1345,0.3401,0.0415,0.0,23.22,9.68,0.0,51.66,-10.62,1.76,15.87,1,HIGH
2026-08-09 05:27:50,1346,0.3408,0.0475,0.0,23.21,11.49,0.0,50.4,-13.53,3.62,17.9,1,HIGH
2026-08-09 05:27:50,1347,0.3468,0.0431,0.0,23.19,13.24,0.0,50.4,-13.53,3.62,19.43,1,HIGH
2026-08-09 05:27:50,1348,0.3346,0.0324,0.0,23.17,14.85,0.0,50.13,-7.94,2.43,20.57,1,HIGH
2026-08-09 05:27:50,1349,0.3025,0.0169,0.0,23.16,16.3,0.0,50.13,-7.94,2.43,21.43,1,HIGH
2026-08-09 05:27:50,1350,0.2937,0.0124,0.0,23.14,17.57,0.0,48.97,-8.47,2.61,22.07,1,HIGH
2026-08-09 05:27:50,1351,0.2848,0.015,0.0,23.12,18.66,0.0,48.97,-8.47,2.61,22.55,1,HIGH
2026-08-09 05:27:50,1352,0.3141,0.0114,0.0,23.1,19.6,0.0,41.77,-6.9,2.22,22.91,1,HIGH
2026-08-09 05:27:50,1353,0.3092,0.0165,0.0,23.09,20.39,0.0,41.77,-6.9,2.22,23.19,1,HIGH
2026-08-09 05:27:50,1354,0.3109,0.0158,0.0,23.07,21.05,0.0,38.83,-4.23,1.86,23.39,1,HIGH
2026-08-09 05:27:50,1355,0.3037,0.0102,0.0,23.05,21.6,0.0,38.83,-4.23,1.86,23.54,1,HIGH
2026-08-09 05:27:51,1356,0.3086,0.0116,0.0,23.04,22.05,0.0,34.8,-4.66,1.32,23.66,1,HIGH
2026-08-09 05:27:51,1357,0.3146,0.0206,0.0,23.02,22.42,0.0,34.8,-4.66,1.32,23.74,1,HIGH
2026-08-09 05:27:51,1358,0.3187,0.0299,0.0,23.0,22.73,0.0,30.75,-5.55,0.82,23.81,1,HIGH
2026-08-09 05:27:51,1359,0.3142,0.0224,0.0,22.99,22.98,0.0,30.75,-5.55,0.82,23.86,1,HIGH
2026-08-09 05:27:51,1360,0.3033,0.0155,0.0,22.97,23.18,0.0,27.57,-3.42,0.38,23.89,1,HIGH
2026-08-09 05:27:51,1361,0.2912,0.0341,0.0,22.95,23.34,0.0,27.57,-3.42,0.38,23.92,1,HIGH
2026-08-09 05:27:51,1362,0.2838,0.0284,0.0,22.93,23.47,0.0,25.36,-1.23,1.03,23.94,1,HIGH
2026-08-09 05:27:51,1363,0.2259,0.0146,0.0,22.92,23.58,0.0,25.36,-1.23,1.03,23.95,1,HIGH
2026-08-09 05:27:51,1364,0.1987,0.0225,0.0,22.9,23.66,0.0,23.17,-2.3,0.31,23.97,1,HIGH
2026-08-09 05:27:51,1365,0.1888,0.0163,0.0,22.88,23.73,0.0,23.17,-2.3,0.31,23.97,1,HIGH
2026-08-09 05:27:51,1366,0.1865,0.0126,0.0,22.87,23.79,0.0,20.53,-4.41,-0.13,23.98,1,HIGH
2026-08-09 05:27:51,1367,0.2299,0.0155,0.0,22.85,23.83,0.0,20.53,-4.41,-0.13,23.99,1,HIGH
2026-08-09 05:27:51,1368,0.233,0.0206,0.0,22.83,23.87,0.0,18.27,-4.62,-0.62,23.99,1,HIGH
2026-08-09 05:27:51,1369,0.2616,0.0147,0.0,22.82,23.89,0.0,18.27,-4.62,-0.62,23.99,1,HIGH
2026-08-09 05:27:51,1370,0.2562,0.0177,0.0,22.8,23.92,0.0,17.63,-3.92,-1.03,23.99,1,HIGH
2026-08-09 05:27:51,1371,0.2571,0.0313,0.0,22.78,23.93,0.0,17.63,-3.92,-1.03,24.0,1,HIGH
2026-08-09 05:27:51,1372,0.2677,0.0193,0.0,22.77,23.95,0.0,15.89,-5.18,-1.32,24.0,1,HIGH
2026-08-09 05:27:51,1373,0.273,0.0195,0.0,22.75,23.96,0.0,15.89,-5.18,-1.32,24.0,1,HIGH
2026-08-09 05:27:51,1374,0.2612,0.0306,0.0,22.73,23.97,0.0,14.24,-3.49,-1.47,24.0,1,HIGH
2026-08-09 05:27:51,1375,0.2606,0.0257,0.0,22.72,23.97,0.0,14.24,-3.49,-1.47,24.0,1,HIGH
2026-08-09 05:27:51,1376,0.2722,0.0226,0.0,22.7,23.98,0.0,14.3,-3.99,-1.43,24.0,1,HIGH
2026-08-09 05:27:51,1377,0.2637,0.0314,0.0,22.69,23.98,0.0,14.3,-3.99,-1.43,24.0,1,HIGH
2026-08-09 05:27:51,1378,0.2593,0.0348,0.0,22.67,23.99,0.0,13.42,-5.86,-2.02,24.0,1,HIGH
2026-08-09 05:27:51,1379,0.2714,0.0295,0.0,22.65,23.99,0.0,13.42,-5.86,-2.02,24.0,1,HIGH
2026-08-09 05:27:51,1380,0.2507,0.0241,0.0,22.64,23.99,0.0,13.23,-2.26,-1.87,24.0,1,HIGH
2026-08-09 05:27:51,1381,0.2579,0.0254,0.0,22.62,23.99,0.0,13.23,-2.26,-1.87,24.0,1,HIGH
2026-08-09 05:27:51,1382,0.2707,0.0253,0.0,22.6,24.0,0.0,13.51,-5.18,-2.31,24.0,1,HIGH
2026-08-09 05:27:51,1383,0.2573,0.0127,0.0,22.59,23.99,0.0,13.51,-5.18,-2.31,23.93,1,HIGH
2026-08-09 05:27:51,1384,0.2727,0.0311,0.0,22.57,23.96,0.0,14.03,-1.76,-2.24,23.46,1,HIGH
2026-08-09 05:27:51,1385,0.2543,0.028,0.0,22.55,23.88,0.0,14.03,-1.76,-2.24,22.66,1,HIGH
2026-08-09 05:27:52,1386,0.2616,0.0421,0.0,22.54,23.74,0.0,14.8,-3.27,-2.17,21.59,1,HIGH
2026-08-09 05:27:52,1387,0.2593,0.0305,0.0,22.52,23.54,0.0,14.8,-3.27,-2.17,20.3,1,HIGH
2026-08-09 05:27:52,1388,0.2746,0.0322,0.0,22.51,23.25,0.0,15.38,-5.86,-2.83,18.82,1,HIGH
2026-08-09 05:27:52,1389,0.2696,0.0295,0.0,22.49,22.89,0.0,15.38,-5.86,-2.83,17.21,1,HIGH
2026-08-09 05:27:52,1390,0.2746,0.0297,0.0,22.47,22.45,0.0,13.81,-4.25,-2.19,15.45,1,HIGH
2026-08-09 05:27:52,1391,0.2642,0.0323,0.0,22.46,21.92,0.0,13.81,-4.25,-2.19,13.62,1,HIGH
2026-08-09 05:27:52,1392,0.2606,0.0344,0.0,22.44,21.3,0.0,13.65,-1.34,-1.88,11.69,1,HIGH
2026-08-09 05:27:52,1393,0.2483,0.0329,0.0,22.42,20.61,0.0,13.65,-1.34,-1.88,9.71,1,HIGH
2026-08-09 05:27:52,1394,0.2516,0.0295,0.0,22.41,19.69,0.0,12.53,-3.06,-1.52,5.34,1,HIGH
2026-08-09 05:27:52,1395,0.2682,0.0261,0.0,22.39,18.69,0.0,12.53,-3.06,-1.52,2.94,1,HIGH
2026-08-09 05:27:52,1396,0.2689,0.0296,0.0,22.38,17.66,0.0,14.88,-5.74,-2.66,1.62,1,HIGH
2026-08-09 05:27:52,1397,0.259,0.0347,0.0,22.36,16.65,0.0,14.88,-5.74,-2.66,0.89,1,HIGH
2026-08-09 05:27:52,1398,0.2667,0.0334,0.0,22.34,15.68,0.0,14.25,-6.54,-2.42,0.49,1,HIGH
2026-08-09 05:27:52,1399,0.2636,0.0308,0.0,22.33,14.76,0.0,14.25,-6.54,-2.42,0.27,1,HIGH
2026-08-09 05:27:52,1400,0.2577,0.0252,0.0,22.31,13.88,0.0,13.1,-5.09,-2.07,0.15,1,HIGH
2026-08-09 05:27:52,1401,0.2603,0.0329,0.0,22.3,13.05,0.0,13.1,-5.09,-2.07,0.08,1,HIGH
2026-08-09 05:27:52,1402,0.2622,0.0343,0.0,22.28,12.27,0.0,13.96,-5.23,-1.99,0.04,1,HIGH
2026-08-09 05:27:52,1403,0.2715,0.0279,0.0,22.27,11.54,0.0,13.96,-5.23,-1.99,0.02,1,HIGH
2026-08-09 05:27:52,1404,0.2545,0.0331,0.0,22.25,10.85,0.0,12.68,-6.98,-2.52,0.01,1,HIGH
2026-08-09 05:27:52,1405,0.2568,0.0279,0.0,22.23,10.2,0.0,12.68,-6.98,-2.52,0.01,1,HIGH
2026-08-09 05:27:52,1406,0.2515,0.028,0.0,22.22,9.59,0.0,12.09,-3.03,-1.89,0.0,1,HIGH
2026-08-09 05:27:52,1407,0.263,0.0352,0.0,22.2,9.01,0.0,12.09,-3.03,-1.89,0.0,1,HIGH
2026-08-09 05:27:52,1408,0.2635,0.0322,0.0,22.19,8.47,0.0,14.29,-2.66,-2.03,0.0,1,HIGH
2026-08-09 05:27:52,1409,0.2534,0.0407,0.0,22.17,7.96,0.0,14.29,-2.66,-2.03,0.0,1,HIGH
2026-08-09 05:27:52,1410,0.2608,0.0307,0.0,22.15,7.48,0.0,11.41,-5.02,-2.41,0.0,1,HIGH
2026-08-09 05:27:52,1411,0.2599,0.043,0.0,22.14,7.04,0.0,11.41,-5.02,-2.41,0.0,1,HIGH
2026-08-09 05:27:52,1412,0.2532,0.0317,0.0,22.12,6.61,0.0,11.79,-8.33,-2.29,0.0,1,HIGH
2026-08-09 05:27:52,1413,0.2529,0.0294,0.0,22.11,6.22,0.0,11.79,-8.33,-2.29,0.0,1,HIGH
2026-08-09 05:27:52,1414,0.2366,0.0348,0.0,22.09,5.84,0.0,12.71,-6.21,-2.32,0.0,1,HIGH
2026-08-09 05:27:52,1415,0.2136,0.0326,0.0,22.08,5.49,0.0,12.71,-6.21,-2.32,0.0,1,HIGH
2026-08-09 05:27:53,1416,0.1781,0.0201,0.0,22.06,5.16,0.0,10.71,-6.74,-2.34,0.0,1,HIGH
2026-08-09 05:27:53,1417,0.1738,0.0343,0.0,22.05,4.85,0.0,10.71,-6.74,-2.34,0.0,1,HIGH
2026-08-09 05:27:53,1418,0.1807,0.0404,0.0,22.03,4.56,0.0,11.21,-6.29,-2.46,0.0,1,HIGH
2026-08-09 05:27:53,1419,0.191,0.0292,0.0,22.01,4.29,0.0,11.21,-6.29,-2.46,0.0,1,HIGH
2026-08-09 05:27:53,1420,0.2021,0.034,0.0,22.0,4.03,0.0,11.02,-8.45,-2.14,0.0,1,HIGH
2026-08-09 05:27:53,1421,0.2048,0.0337,0.0,21.98,3.79,0.0,11.02,-8.45,-2.14,0.0,1,HIGH
2026-08-09 05:27:53,1422,0.2313,0.0372,0.0,21.97,3.56,0.0,14.02,-6.05,-2.34,0.0,1,HIGH
2026-08-09 05:27:53,1423,0.2244,0.0396,0.0,21.95,3.35,0.0,14.02,-6.05,-2.34,0.0,1,HIGH
2026-08-09 05:27:53,1424,0.2338,0.0255,0.0,21.94,3.15,0.0,11.53,-8.59,-2.22,0.0,1,HIGH
2026-08-09 05:27:53,1425,0.2247,0.026,0.0,21.92,2.96,0.0,11.53,-8.59,-2.22,0.0,1,HIGH
2026-08-09 05:27:53,1426,0.2381,0.0298,0.0,21.91,2.78,0.0,11.47,-9.87,-2.61,0.0,1,HIGH
2026-08-09 05:27:53,1427,0.2446,0.0368,0.0,21.89,2.61,0.0,11.47,-9.87,-2.61,0.0,1,HIGH
2026-08-09 05:27:53,1428,0.2475,0.0272,0.0,21.88,2.46,0.0,12.48,-8.03,-2.15,0.0,1,HIGH
2026-08-09 05:27:53,1429,0.2433,0.0347,0.0,21.86,2.31,0.0,12.48,-8.03,-2.15,0.0,1,HIGH
2026-08-09 05:27:53,1430,0.2575,0.0224,0.0,21.85,2.17,0.0,12.74,-10.01,-2.66,0.0,1,HIGH
2026-08-09 05:27:53,1431,0.2794,0.0239,0.0,21.83,2.04,0.0,12.74,-10.01,-2.66,0.0,1,HIGH
2026-08-09 05:27:53,1432,0.2667,0.028,0.0,21.81,1.92,0.0,12.01,-9.77,-2.26,0.0,1,HIGH
2026-08-09 05:27:53,1433,0.2689,0.0328,0.0,21.8,1.8,0.0,12.01,-9.77,-2.26,0.0,1,HIGH
2026-08-09 05:27:53,1434,0.2627,0.0309,0.0,21.78,1.7,0.0,11.44,-11.06,-2.11,0.0,1,HIGH
2026-08-09 05:27:53,1435,0.2667,0.0272,0.0,21.77,1.59,0.0,11.44,-11.06,-2.11,0.0,1,HIGH
2026-08-09 05:27:53,1436,0.2626,0.0269,0.0,21.75,1.5,0.0,11.2,-10.78,-2.48,0.0,1,HIGH
2026-08-09 05:27:53,1437,0.2753,0.0272,0.0,21.74,1.41,0.0,11.2,-10.78,-2.48,0.0,1,OK
2026-08-09 05:27:53,1438,0.2735,0.0305,0.0,21.72,1.32,0.0,12.7,-13.03,-2.63,0.0,1,OK
2026-08-09 05:27:53,1439,0.2866,0.0192,0.0,21.71,1.24,0.0,12.7,-13.03,-2.63,0.0,1,OK
2026-08-09 05:27:53,1440,0.2839,0.0353,0.0,21.69,1.17,0.0,12.4,-12.55,-2.66,0.0,1,OK
2026-08-09 05:27:53,1441,0.2655,0.0269,0.0,21.68,1.1,0.0,12.4,-12.55,-2.66,0.0,1,OK
2026-08-09 05:27:53,1442,0.2817,0.0287,0.0,21.66,1.03,0.0,12.58,-12.17,-2.77,0.0,1,OK
2026-08-09 05:27:53,1443,0.2846,0.0248,0.0,21.65,0.97,0.0,12.58,-12.17,-2.77,0.0,1,OK
2026-08-09 05:27:53,1444,0.2684,0.0364,0.0,21.63,0.91,0.0,12.22,-10.94,-2.43,0.0,1,OK
2026-08-09 05:27:53,1445,0.2704,0.0299,0.0,21.62,0.86,0.0,12.22,-10.94,-2.43,0.0,1,OK
2026-08-09 05:27:53,1446,0.2801,0.0276,0.0,21.6,0.81,0.0,12.51,-11.07,-2.41,0.0,1,OK
2026-08-09 05:27:54,1447,0.2752,0.0389,0.0,21.59,0.76,0.0,12.51,-11.07,-2.41,0.0,1,OK
2026-08-09 05:27:54,1448,0.245,0.0264,0.0,21.57,0.71,0.0,12.87,-11.38,-2.71,0.0,1,OK
2026-08-09 05:27:54,1449,0.1939,0.0332,0.0,21.56,0.67,0.0,12.87,-11.38,-2.71,0.0,1,OK
2026-08-09 05:27:54,1450,0.1812,0.026,0.0,21.54,0.63,0.0,11.48,-10.59,-2.28,0.0,1,OK
2026-08-09 05:27:54,1451,0.1965,0.0317,0.0,21.53,0.59,0.0,11.48,-10.59,-2.28,0.0,1,OK
2026-08-09 05:27:54,1452,0.1928,0.0292,0.0,21.51,0.56,0.0,12.48,-11.45,-2.14,0.0,1,OK
2026-08-09 05:27:54,1453,0.2144,0.0337,0.0,21.5,0.52,0.0,12.48,-11.45,-2.14,0.0,1,OK
2026-08-09 05:27:54,1454,0.218,0.0346,0.0,21.48,0.49,0.0,12.13,-7.9,-1.98,0.0,1,OK
2026-08-09 05:27:54,1455,0.2337,0.0441,0.0,21.47,0.46,0.0,12.13,-7.9,-1.98,0.0,1,OK
2026-08-09 05:27:54,1456,0.2462,0.0191,0.0,21.46,0.43,0.0,13.69,-10.98,-2.59,0.0,1,OK
2026-08-09 05:27:54,1457,0.2533,0.0314,0.0,21.44,0.41,0.0,13.69,-10.98,-2.59,0.0,1,OK
2026-08-09 05:27:54,1458,0.2673,0.022,0.0,21.43,0.38,0.0,16.72,-10.53,-3.08,0.0,1,OK
2026-08-09 05:27:54,1459,0.265,0.0099,0.0,21.41,0.36,0.0,16.72,-10.53,-3.08,0.0,1,OK
2026-08-09 05:27:54,1460,0.2665,0.0286,0.0,21.4,0.34,0.0,19.69,-8.26,-2.57,0.0,1,OK
2026-08-09 05:27:54,1461,0.2698,0.0271,0.0,21.45,0.32,0.0,19.69,-8.26,-2.57,0.0,1,OK
2026-08-09 05:27:54,1462,0.2892,0.0167,0.0,21.44,0.3,0.0,21.24,-6.11,-1.85,0.0,1,OK
2026-08-09 05:27:54,1463,0.2992,0.0219,0.0,21.42,0.28,0.0,21.24,-6.11,-1.85,0.0,1,OK
2026-08-09 05:27:54,1464,0.3001,0.018,0.0,21.41,0.26,0.0,22.3,-6.83,-0.96,0.0,1,OK
2026-08-09 05:27:54,1465,0.311,0.016,0.0,21.39,0.25,0.0,22.3,-6.83,-0.96,0.0,1,OK
2026-08-09 05:27:54,1466,0.3104,0.0093,0.0,21.38,0.23,0.0,27.34,-2.74,-0.27,0.0,1,OK
2026-08-09 05:27:54,1467,0.3247,0.028,0.0,21.37,0.22,0.0,27.34,-2.74,-0.27,0.0,1,OK
2026-08-09 05:27:54,1468,0.3097,0.0213,0.0,21.35,0.21,0.0,28.83,-2.63,1.08,0.0,1,OK
2026-08-09 05:27:54,1469,0.3116,0.0276,0.0,21.34,0.19,0.0,28.83,-2.63,1.08,0.0,1,OK
2026-08-09 05:27:54,1470,0.3131,0.0159,0.0,21.32,0.18,0.0,33.4,-0.34,1.12,0.0,1,OK
2026-08-09 05:27:54,1471,0.3126,0.0233,0.0,21.31,0.17,0.0,33.4,-0.34,1.12,0.0,1,OK
2026-08-09 05:27:54,1472,0.3154,0.0314,0.0,21.29,0.16,0.0,34.74,-0.91,1.6,0.0,1,OK
2026-08-09 05:27:54,1473,0.3073,0.0145,0.0,21.28,0.15,0.0,34.74,-0.91,1.6,0.0,1,OK
2026-08-09 05:27:54,1474,0.3143,0.0104,0.0,21.26,0.14,0.0,38.68,-3.46,1.04,0.0,1,OK
2026-08-09 05:27:54,1475,0.3228,0.022,0.0,21.25,0.13,0.0,38.68,-3.46,1.04,0.0,1,OK
2026-08-09 05:27:54,1476,0.3151,0.0213,0.0,21.23,0.13,0.0,42.87,-5.14,1.46,0.0,1,OK
2026-08-09 05:27:55,1477,0.3174,0.0099,0.0,21.22,0.12,0.0,42.87,-5.14,1.46,0.0,1,OK
2026-08-09 05:27:55,1478,0.3144,0.0304,0.0,21.21,0.11,0.0,49.97,-6.01,0.95,0.0,1,OK
2026-08-09 05:27:55,1479,0.3204,0.0334,0.0,21.19,0.1,0.0,49.97,-6.01,0.95,0.0,1,OK
2026-08-09 05:27:55,1480,0.3269,0.0394,0.0,21.18,0.08,0.0,50.44,-9.81,1.02,0.0,1,OK
2026-08-09 05:27:55,1481,0.333,0.0295,0.0,21.16,0.07,0.0,50.44,-9.81,1.02,0.0,1,OK
2026-08-09 05:27:55,1482,0.3149,0.0471,0.0,21.15,0.06,0.0,52.24,-10.05,1.79,0.0,1,OK
2026-08-09 05:27:55,1483,0.3338,0.0726,0.0,21.13,0.05,0.0,52.24,-10.05,1.79,0.0,1,OK
2026-08-09 05:27:55,1484,0.3038,0.061,0.0,21.12,0.04,0.0,52.07,-13.67,1.35,0.03,1,OK
2026-08-09 05:27:55,1485,0.3125,0.0563,0.0,21.11,0.06,0.0,52.07,-13.67,1.35,0.14,1,OK
2026-08-09 05:27:55,1486,0.3271,0.0657,0.0,21.09,0.1,0.0,51.19,-14.07,-5.17,0.34,1,OK
2026-08-09 05:27:55,1487,0.3211,0.0474,0.0,21.08,0.2,0.0,51.19,-14.07,-5.17,0.6,1,OK
2026-08-09 05:27:55,1488,0.3204,0.0692,0.0,21.06,0.33,0.0,52.38,-14.92,-0.04,0.88,1,OK
2026-08-09 05:27:55,1489,0.3327,0.0536,0.0,21.05,0.48,0.0,52.38,-14.92,-0.04,1.18,1,OK
2026-08-09 05:27:55,1490,0.3253,0.0577,0.0,21.04,0.57,0.0,51.66,-16.02,1.7,1.38,1,OK
2026-08-09 05:27:55,1491,0.3066,0.0611,0.0,21.02,0.86,0.0,51.66,-16.02,1.7,1.88,1,OK
2026-08-09 05:27:55,1492,0.3332,0.0382,0.0,21.01,1.04,0.0,49.6,-13.88,2.93,2.12,1,OK
2026-08-09 05:27:56,1493,0.3049,0.0642,0.0,20.99,1.22,0.0,49.6,-13.88,2.93,2.44,1,OK
2026-08-09 05:27:56,1494,0.3309,0.0615,0.0,20.98,1.62,0.0,52.32,-11.96,1.54,3.04,1,OK
2026-08-09 05:27:56,1495,0.3577,0.0839,0.0,20.97,1.79,0.0,52.32,-11.96,1.54,3.26,1,OK
2026-08-09 05:27:56,1496,0.3229,0.0477,0.0,20.95,2.26,0.0,50.93,-11.53,3.67,3.89,1,OK
2026-08-09 05:27:56,1497,0.3276,0.0465,0.0,20.94,2.74,0.0,50.93,-11.53,3.67,4.47,1,OK
2026-08-09 05:27:56,1498,0.3418,0.063,0.0,20.92,3.24,0.0,51.63,-14.62,1.28,5.03,1,OK
2026-08-09 05:27:56,1499,0.3465,0.0402,0.0,20.91,3.75,0.0,51.63,-14.62,1.28,5.56,1,OK
2026-08-09 05:27:56,1500,0.3039,0.0537,0.0,20.9,3.69,0.0,51.35,-14.46,-0.96,5.45,1,OK
2026-08-09 05:27:56,1501,0.3522,0.0537,0.0,20.88,4.22,0.0,51.35,-14.46,-0.96,6.11,1,OK
2026-08-09 05:27:56,1502,0.3413,0.0489,0.0,20.87,4.77,0.0,51.69,-13.3,1.81,6.72,1,OK
2026-08-09 05:27:56,1503,0.3319,0.0435,0.0,20.85,5.32,0.0,51.69,-13.3,1.81,7.28,1,OK
2026-08-09 05:27:56,1504,0.3405,0.0479,0.0,20.84,5.06,0.0,49.96,-12.28,3.2,6.96,1,OK
2026-08-09 05:27:56,1505,0.3411,0.0591,0.0,20.83,5.63,0.0,49.96,-12.28,3.2,7.64,1,OK
2026-08-09 05:27:56,1506,0.3513,0.0341,0.0,20.81,6.22,0.0,51.06,-12.87,1.26,8.33,1,OK
2026-08-09 05:27:56,1507,0.3213,0.0347,0.0,20.8,5.89,0.0,51.06,-12.87,1.26,8.01,1,OK
2026-08-09 05:27:56,1508,0.3337,0.0446,0.0,20.78,6.54,0.0,50.64,-12.06,3.85,8.83,1,OK
2026-08-09 05:27:56,1509,0.3309,0.0509,0.0,20.77,7.2,0.0,50.64,-12.06,3.85,9.55,1,OK
2026-08-09 05:27:56,1510,0.3384,0.0552,0.0,20.76,7.87,0.0,50.7,-13.18,2.25,10.24,1,OK
2026-08-09 05:27:56,1511,0.3308,0.0478,0.0,20.74,7.34,0.0,50.7,-13.18,2.25,9.67,1,OK
2026-08-09 05:27:56,1512,0.3433,0.0491,0.0,20.73,8.04,0.0,50.51,-14.5,0.97,10.53,1,OK
2026-08-09 05:27:56,1513,0.3364,0.029,0.0,20.72,7.56,0.0,50.51,-14.5,0.97,10.11,1,OK
2026-08-09 05:27:56,1514,0.3439,0.044,0.0,20.7,8.33,0.0,50.1,-12.8,2.27,11.08,1,OK
2026-08-09 05:27:56,1515,0.3421,0.0423,0.0,20.69,9.12,0.0,50.1,-12.8,2.27,11.92,1,OK
2026-08-09 05:27:57,1516,0.3128,0.0404,0.0,20.67,8.52,0.0,51.87,-11.43,2.75,11.25,1,OK
2026-08-09 05:27:57,1517,0.3317,0.0499,0.0,20.66,9.33,0.0,51.87,-11.43,2.75,12.2,1,OK
2026-08-09 05:27:57,1518,0.3325,0.049,0.0,20.65,10.17,0.0,51.62,-12.49,2.32,13.14,1,OK
2026-08-09 05:27:57,1519,0.336,0.0342,0.0,20.63,9.48,0.0,51.62,-12.49,2.32,12.43,1,OK
2026-08-09 05:27:57,1520,0.345,0.0378,0.0,20.62,10.36,0.0,49.75,-13.42,1.91,13.5,1,OK
2026-08-09 05:27:57,1521,0.344,0.0517,0.0,20.61,11.25,0.0,49.75,-13.42,1.91,14.41,1,OK
2026-08-09 05:27:57,1522,0.3457,0.0543,0.0,20.59,12.12,0.0,48.93,-14.81,3.52,15.21,1,OK
2026-08-09 05:27:57,1523,0.3247,0.0287,0.0,20.58,11.17,0.0,48.93,-14.81,3.52,14.22,1,OK
2026-08-09 05:27:57,1524,0.3365,0.0458,0.0,20.57,12.07,0.0,51.88,-12.05,0.35,15.29,1,OK
2026-08-09 05:27:57,1525,0.3167,0.0547,0.0,20.55,11.19,0.0,51.88,-12.05,0.35,14.49,1,OK
2026-08-09 05:27:57,1526,0.3275,0.0428,0.0,20.54,12.19,0.0,49.93,-13.63,1.03,15.71,1,OK
2026-08-09 05:27:57,1527,0.3551,0.0485,0.0,20.53,13.19,0.0,49.93,-13.63,1.03,16.73,1,OK
2026-08-09 05:27:57,1528,0.3504,0.0544,0.0,20.51,14.17,0.0,52.42,-11.6,3.47,17.64,1,OK
2026-08-09 05:27:57,1529,0.328,0.028,0.0,20.5,13.0,0.0,52.42,-11.6,3.47,16.38,1,OK
2026-08-09 05:27:57,1530,0.3212,0.0225,0.0,20.49,14.02,0.0,50.25,-12.02,2.3,17.64,1,OK
2026-08-09 05:27:57,1531,0.3326,0.0432,0.0,20.47,15.03,0.0,50.25,-12.02,2.3,18.63,1,OK
2026-08-09 05:27:57,1532,0.3205,0.0457,0.0,20.46,13.8,0.0,50.99,-11.13,1.23,17.4,1,OK
2026-08-09 05:27:57,1533,0.3546,0.0589,0.0,20.45,14.87,0.0,50.99,-11.13,1.23,18.7,1,OK
2026-08-09 05:27:57,1534,0.3457,0.0465,0.0,20.43,15.96,0.0,51.87,-13.36,1.25,19.82,1,OK
2026-08-09 05:27:57,1535,0.3374,0.0457,0.0,20.42,17.01,0.0,51.87,-13.36,1.25,20.73,1,OK
2026-08-09 05:27:57,1536,0.3205,0.0317,0.0,20.41,15.5,0.0,49.48,-13.64,1.14,19.19,1,OK
2026-08-09 05:27:57,1537,0.354,0.0507,0.0,20.39,16.58,0.0,49.48,-13.64,1.14,20.39,1,OK
2026-08-09 05:27:57,1538,0.3435,0.0403,0.0,20.38,17.61,0.0,49.69,-13.13,2.3,21.29,1,OK
2026-08-09 05:27:58,1539,0.294,0.0514,0.0,20.37,15.98,0.0,49.69,-13.13,2.3,19.57,1,OK
2026-08-09 05:27:58,1540,0.3499,0.05,0.0,20.35,17.02,0.0,50.65,-14.73,1.92,20.68,1,MEDIUM
2026-08-09 05:27:58,1541,0.335,0.0439,0.0,20.34,18.01,0.0,50.65,-14.73,1.92,21.51,1,MEDIUM
2026-08-09 05:27:58,1542,0.3346,0.0459,0.0,20.33,18.91,0.0,52.59,-13.09,2.94,22.13,1,MEDIUM
2026-08-09 05:27:58,1543,0.3457,0.055,0.0,20.31,19.72,0.0,52.59,-13.09,2.94,22.6,1,MEDIUM
2026-08-09 05:27:58,1544,0.3253,0.0497,0.0,20.3,17.57,0.0,50.21,-12.31,1.15,20.41,1,MEDIUM
2026-08-09 05:27:58,1545,0.3388,0.0417,0.0,20.29,18.39,0.0,50.21,-12.31,1.15,21.31,1,MEDIUM
2026-08-09 05:27:58,1546,0.347,0.0515,0.0,20.27,19.18,0.0,50.99,-12.75,1.12,21.98,1,MEDIUM
2026-08-09 05:27:58,1547,0.3577,0.0458,0.0,20.26,19.91,0.0,50.99,-12.75,1.12,22.48,1,MEDIUM
2026-08-09 05:27:58,1548,0.3365,0.0397,0.0,20.25,20.56,0.0,50.75,-11.42,2.85,22.86,1,MEDIUM
2026-08-09 05:27:58,1549,0.3518,0.0478,0.0,20.23,21.13,0.0,50.75,-11.42,2.85,23.15,1,MEDIUM
2026-08-09 05:27:58,1550,0.3227,0.0381,0.0,20.29,18.57,0.0,49.15,-17.18,0.54,20.76,1,MEDIUM
2026-08-09 05:27:58,1551,0.3475,0.0546,0.0,20.28,19.23,0.0,49.15,-17.18,0.54,21.57,1,MEDIUM
2026-08-09 05:27:58,1552,0.3344,0.0414,0.0,20.27,19.88,0.0,51.44,-11.35,1.45,22.18,1,MEDIUM
2026-08-09 05:27:58,1553,0.3443,0.0359,0.0,20.25,20.49,0.0,51.44,-11.35,1.45,22.63,1,MEDIUM
2026-08-09 05:27:58,1554,0.3362,0.0453,0.0,20.24,21.03,0.0,49.06,-11.82,3.1,22.97,1,MEDIUM
2026-08-09 05:27:58,1555,0.3503,0.0441,0.0,20.23,21.52,0.0,49.06,-11.82,3.1,23.23,1,MEDIUM
2026-08-09 05:27:58,1556,0.3475,0.0442,0.0,20.22,21.94,0.0,51.24,-12.13,3.49,23.42,1,MEDIUM
2026-08-09 05:27:58,1557,0.329,0.0337,0.0,20.2,22.29,0.0,51.24,-12.13,3.49,23.57,1,MEDIUM
2026-08-09 05:27:58,1558,0.3238,0.0466,0.0,20.19,19.41,0.0,51.06,-13.11,1.95,21.02,1,MEDIUM
2026-08-09 05:27:58,1559,0.3392,0.0473,0.0,20.18,19.93,0.0,51.06,-13.11,1.95,21.77,1,MEDIUM
2026-08-09 05:27:58,1560,0.3505,0.0357,0.0,20.16,20.45,0.0,50.46,-12.94,2.1,22.33,1,MEDIUM
2026-08-09 05:27:58,1561,0.3434,0.0293,0.0,20.15,20.96,0.0,50.46,-12.94,2.1,22.74,1,MEDIUM
2026-08-09 05:27:58,1562,0.3328,0.0393,0.0,20.14,18.41,0.0,50.71,-10.61,3.12,20.5,1,MEDIUM
2026-08-09 05:27:59,1563,0.3212,0.0241,0.0,20.12,14.14,0.0,50.71,-10.61,3.12,17.11,1,MEDIUM
2026-08-09 05:27:59,1564,0.3397,0.0293,0.0,20.11,15.17,0.0,49.46,-13.67,1.45,18.83,1,MEDIUM
2026-08-09 05:27:59,1565,0.3548,0.0389,0.0,20.1,16.26,0.0,49.46,-13.67,1.45,20.12,1,MEDIUM
2026-08-09 05:27:59,1566,0.3404,0.0467,0.0,20.09,17.32,0.0,49.47,-12.41,3.18,21.09,1,MEDIUM
2026-08-09 05:27:59,1567,0.3462,0.0443,0.0,20.07,18.31,0.0,49.47,-12.41,3.18,21.82,1,MEDIUM
2026-08-09 05:27:59,1568,0.3481,0.0497,0.0,20.06,19.2,0.0,50.73,-9.7,3.15,22.36,1,MEDIUM
2026-08-09 05:27:59,1569,0.3439,0.0414,0.0,20.05,19.99,0.0,50.73,-9.7,3.15,22.77,1,MEDIUM
2026-08-09 05:27:59,1570,0.3409,0.0392,0.0,20.04,20.67,0.0,51.87,-11.06,2.52,23.08,1,MEDIUM
2026-08-09 05:27:59,1571,0.3455,0.0385,0.0,20.02,21.25,0.0,51.87,-11.06,2.52,23.31,1,MEDIUM
2026-08-09 05:27:59,1572,0.3413,0.041,0.0,20.01,21.74,0.0,50.61,-11.36,2.61,23.48,1,MEDIUM
2026-08-09 05:27:59,1573,0.3385,0.0406,0.0,20.0,22.15,0.0,50.61,-11.36,2.61,23.61,1,MEDIUM
2026-08-09 05:27:59,1574,0.3273,0.012,0.0,19.98,19.32,0.0,48.6,-9.86,4.55,21.05,1,MEDIUM
2026-08-09 05:27:59,1575,0.33,0.0475,0.0,19.97,19.86,0.0,48.6,-9.86,4.55,21.79,1,MEDIUM
2026-08-09 05:27:59,1576,0.3414,0.0486,0.0,19.96,20.41,0.0,50.5,-12.39,1.89,22.34,1,MEDIUM
2026-08-09 05:27:59,1577,0.3282,0.0513,0.0,19.95,20.92,0.0,50.5,-12.39,1.89,22.76,1,MEDIUM
2026-08-09 05:27:59,1578,0.3504,0.0296,0.0,19.93,18.38,0.0,50.97,-11.17,2.06,20.51,1,MEDIUM
2026-08-09 05:27:59,1579,0.3385,0.0482,0.0,19.92,19.04,0.0,50.97,-11.17,2.06,21.38,1,MEDIUM
2026-08-09 05:27:59,1580,0.3441,0.0429,0.0,19.91,19.7,0.0,50.4,-12.34,2.89,22.04,1,MEDIUM
2026-08-09 05:27:59,1581,0.3326,0.0344,0.0,19.9,17.47,0.0,50.4,-12.34,2.89,20.05,1,MEDIUM
2026-08-09 05:27:59,1582,0.3603,0.0484,0.0,19.88,18.26,0.0,50.89,-11.77,1.77,21.04,1,MEDIUM
2026-08-09 05:27:59,1583,0.3559,0.0352,0.0,19.87,19.03,0.0,50.89,-11.77,1.77,21.78,1,MEDIUM
2026-08-09 05:27:59,1584,0.3436,0.0503,0.0,19.86,19.76,0.0,50.16,-12.64,2.52,22.33,1,MEDIUM
2026-08-09 05:27:59,1585,0.334,0.0329,0.0,19.85,17.55,0.0,50.16,-12.64,2.52,20.24,1,MEDIUM
2026-08-09 05:27:59,1586,0.3444,0.0517,0.0,19.83,18.35,0.0,51.39,-13.55,1.57,21.18,1,MEDIUM
2026-08-09 05:27:59,1587,0.3551,0.0481,0.0,19.82,19.13,0.0,51.39,-13.55,1.57,21.88,1,MEDIUM
2026-08-09 05:27:59,1588,0.3471,0.0508,0.0,19.81,19.85,0.0,50.49,-12.54,2.06,22.41,1,MEDIUM
2026-08-09 05:27:59,1589,0.3441,0.0358,0.0,19.8,20.5,0.0,50.49,-12.54,2.06,22.81,1,MEDIUM
2026-08-09 05:28:00,1590,0.3571,0.0424,0.0,19.78,21.07,0.0,50.26,-14.32,2.44,23.11,1,MEDIUM
2026-08-09 05:28:00,1591,0.3251,0.0237,0.0,19.77,21.57,0.0,50.26,-14.32,2.44,23.33,1,MEDIUM
2026-08-09 05:28:00,1592,0.3373,0.0409,0.0,19.76,21.99,0.0,52.53,-16.43,0.85,23.5,1,MEDIUM
2026-08-09 05:28:00,1593,0.3383,0.0356,0.0,19.75,22.35,0.0,52.53,-16.43,0.85,23.62,1,MEDIUM
2026-08-09 05:28:00,1594,0.324,0.0351,0.0,19.73,22.65,0.0,51.47,-12.5,2.54,23.72,1,MEDIUM
2026-08-09 05:28:00,1595,0.345,0.0403,0.0,19.72,22.9,0.0,51.47,-12.5,2.54,23.79,1,MEDIUM
2026-08-09 05:28:00,1596,0.337,0.0484,0.0,19.71,23.11,0.0,50.91,-14.94,2.63,23.84,1,MEDIUM
2026-08-09 05:28:00,1597,0.3156,0.0345,0.0,19.7,19.99,0.0,50.91,-14.94,2.63,21.2,1,MEDIUM
2026-08-09 05:28:00,1598,0.3449,0.0411,0.0,19.68,20.41,0.0,51.41,-11.21,3.59,21.9,1,MEDIUM
2026-08-09 05:28:00,1599,0.3152,0.0377,0.0,19.67,17.92,0.0,51.41,-11.21,3.59,19.96,1,MEDIUM
2026-08-09 05:28:00,1600,0.3318,0.0376,0.0,19.66,18.59,0.0,50.56,-13.16,2.43,20.97,1,MEDIUM
2026-08-09 05:28:00,1601,0.3558,0.0496,0.0,19.65,19.28,0.0,50.56,-13.16,2.43,21.73,1,MEDIUM
2026-08-09 05:28:00,1602,0.3354,0.0577,0.0,19.64,19.94,0.0,50.53,-13.41,2.79,22.3,1,MEDIUM
2026-08-09 05:28:00,1603,0.3434,0.0381,0.0,19.62,20.56,0.0,50.53,-13.41,2.79,22.72,1,MEDIUM
2026-08-09 05:28:00,1604,0.3449,0.0389,0.0,19.61,21.1,0.0,49.94,-13.49,3.57,23.04,1,MEDIUM
2026-08-09 05:28:00,1605,0.3486,0.0495,0.0,19.6,18.54,0.0,49.94,-13.49,3.57,20.69,1,MEDIUM
2026-08-09 05:28:00,1606,0.317,0.0194,0.0,19.59,16.52,0.0,48.31,-10.4,5.68,19.19,1,MEDIUM
2026-08-09 05:28:00,1607,0.339,0.0456,0.0,19.57,17.37,0.0,48.31,-10.4,5.68,20.39,1,MEDIUM
2026-08-09 05:28:00,1608,0.3263,0.0516,0.0,19.56,18.23,0.0,52.06,-13.02,1.4,21.29,1,MEDIUM
2026-08-09 05:28:00,1609,0.3103,0.0377,0.0,19.55,12.21,0.0,52.06,-13.02,1.4,15.81,1,MEDIUM
2026-08-09 05:28:00,1610,0.3391,0.0502,0.0,19.54,13.45,0.0,51.23,-12.5,1.15,17.86,1,MEDIUM
2026-08-09 05:28:00,1611,0.3411,0.0495,0.0,19.53,14.76,0.0,51.23,-12.5,1.15,19.39,1,MEDIUM
2026-08-09 05:28:01,1612,0.3317,0.0507,0.0,19.51,13.83,0.0,49.65,-11.13,2.69,18.36,1,MEDIUM
2026-08-09 05:28:01,1613,0.3217,0.0491,0.0,19.5,15.13,0.0,49.65,-11.13,2.69,19.77,1,MEDIUM
2026-08-09 05:28:01,1614,0.3223,0.0524,0.0,19.49,12.21,0.0,51.77,-14.44,0.94,16.71,1,MEDIUM
2026-08-09 05:28:01,1615,0.2881,0.0298,0.0,19.48,11.76,0.0,51.77,-14.44,0.94,16.66,1,MEDIUM
2026-08-09 05:28:01,1616,0.309,0.04,0.0,19.47,8.64,0.0,50.25,-14.21,-0.17,13.67,1,MEDIUM
2026-08-09 05:28:01,1617,0.2874,0.0407,0.0,19.45,8.97,0.0,50.25,-14.21,-0.17,14.72,1,MEDIUM
2026-08-09 05:28:01,1618,0.3013,0.0297,0.0,19.44,10.74,0.0,52.7,-7.5,0.84,17.04,1,MEDIUM
2026-08-09 05:28:01,1619,0.2911,0.0253,0.0,19.43,12.51,0.0,52.7,-7.5,0.84,18.78,1,MEDIUM
2026-08-09 05:28:01,1620,0.296,0.0146,0.0,19.42,14.18,0.0,52.83,-7.76,1.75,20.08,1,MEDIUM
2026-08-09 05:28:01,1621,0.2823,0.0158,0.0,19.41,15.69,0.0,52.83,-7.76,1.75,21.06,1,MEDIUM
2026-08-09 05:28:01,1622,0.2928,0.0123,0.0,19.39,17.03,0.0,52.48,-8.87,2.23,21.8,1,MEDIUM
2026-08-09 05:28:01,1623,0.2981,0.0245,0.0,19.38,18.2,0.0,52.48,-8.87,2.23,22.35,1,MEDIUM
2026-08-09 05:28:01,1624,0.2846,0.0139,0.0,19.37,19.21,0.0,51.96,-7.61,3.1,22.76,1,MEDIUM
2026-08-09 05:28:01,1625,0.2822,0.0109,0.0,19.36,20.06,0.0,51.96,-7.61,3.1,23.07,1,MEDIUM
2026-08-09 05:28:01,1626,0.2882,0.0218,0.0,19.35,20.77,0.0,53.06,-8.35,4.27,23.3,1,MEDIUM
2026-08-09 05:28:01,1627,0.2917,0.0087,0.0,19.33,18.36,0.0,53.06,-8.35,4.27,20.86,1,MEDIUM
2026-08-09 05:28:01,1628,0.289,0.0179,0.0,19.32,19.08,0.0,51.76,-8.87,4.27,21.64,1,MEDIUM
2026-08-09 05:28:01,1629,0.2889,0.0181,0.0,19.31,19.77,0.0,51.76,-8.87,4.27,22.23,1,MEDIUM
2026-08-09 05:28:01,1630,0.3004,0.014,0.0,19.3,20.41,0.0,55.18,-5.48,3.22,22.67,1,MEDIUM
2026-08-09 05:28:01,1631,0.2872,0.023,0.0,19.29,20.98,0.0,55.18,-5.48,3.22,23.01,1,MEDIUM
2026-08-09 05:28:01,1632,0.2772,0.0026,0.0,19.27,21.48,0.0,53.22,-7.82,2.83,23.25,1,MEDIUM
2026-08-09 05:28:01,1633,0.2871,0.0001,0.0,19.26,21.91,0.0,53.22,-7.82,2.83,23.44,1,MEDIUM
2026-08-09 05:28:02,1634,0.296,0.0106,0.0,19.25,22.28,0.0,51.62,-9.03,2.83,23.58,1,MEDIUM
2026-08-09 05:28:02,1635,0.2881,0.0008,0.0,19.24,22.59,0.0,51.62,-9.03,2.83,23.69,1,MEDIUM
2026-08-09 05:28:02,1636,0.2876,0.0008,0.0,19.23,22.85,0.0,53.44,-7.87,3.01,23.76,1,MEDIUM
2026-08-09 05:28:02,1637,0.3009,0.0042,0.0,19.22,23.06,0.0,53.44,-7.87,3.01,23.82,1,MEDIUM
2026-08-09 05:28:02,1638,0.2907,0.0029,0.0,19.2,23.24,0.0,53.75,-8.38,2.96,23.87,1,MEDIUM
2026-08-09 05:28:02,1639,0.2948,0.0095,0.0,19.19,23.38,0.0,53.75,-8.38,2.96,23.9,1,MEDIUM
2026-08-09 05:28:02,1640,0.2872,0.0207,0.0,19.18,23.5,0.0,52.71,-8.12,2.49,23.93,1,MEDIUM
2026-08-09 05:28:02,1641,0.2917,0.0071,0.0,19.17,23.6,0.0,52.71,-8.12,2.49,23.94,1,MEDIUM
2026-08-09 05:28:02,1642,0.2928,0.0063,0.0,19.16,23.68,0.0,54.29,-7.54,3.35,23.96,1,MEDIUM
2026-08-09 05:28:02,1643,0.2817,0.0059,0.0,19.15,23.74,0.0,54.29,-7.54,3.35,23.97,1,MEDIUM
2026-08-09 05:28:02,1644,0.2924,0.0063,0.0,19.13,23.79,0.0,54.05,-8.28,2.2,23.98,1,MEDIUM
2026-08-09 05:28:02,1645,0.2813,0.0179,0.0,19.12,23.84,0.0,54.05,-8.28,2.2,23.98,1,MEDIUM
2026-08-09 05:28:02,1646,0.2841,0.004,0.0,19.16,23.87,0.0,54.15,-8.26,3.71,23.99,1,MEDIUM
2026-08-09 05:28:02,1647,0.2886,0.0097,0.0,19.15,23.9,0.0,54.15,-8.26,3.71,23.99,1,MEDIUM
2026-08-09 05:28:02,1648,0.289,0.0147,0.0,19.14,23.92,0.0,54.26,-8.42,3.54,23.99,1,MEDIUM
2026-08-09 05:28:02,1649,0.2791,0.0143,0.0,19.13,23.93,0.0,54.26,-8.42,3.54,23.99,1,MEDIUM
2026-08-09 05:28:02,1650,0.2946,0.0054,0.0,19.12,23.95,0.0,54.13,-8.49,2.64,24.0,1,MEDIUM
2026-08-09 05:28:02,1651,0.2809,0.0048,0.0,19.11,23.96,0.0,54.13,-8.49,2.64,24.0,1,MEDIUM
2026-08-09 05:28:02,1652,0.2872,0.0043,0.0,19.09,23.97,0.0,54.81,-6.48,3.18,24.0,1,MEDIUM
2026-08-09 05:28:02,1653,0.277,0.0031,0.0,19.08,23.97,0.0,54.81,-6.48,3.18,24.0,1,MEDIUM
2026-08-09 05:28:02,1654,0.2769,0.0119,0.0,19.07,23.98,0.0,53.61,-7.44,1.96,24.0,1,MEDIUM
2026-08-09 05:28:02,1655,0.2921,0.0063,0.0,19.06,23.98,0.0,53.61,-7.44,1.96,24.0,1,HIGH
2026-08-09 05:28:02,1656,0.2936,0.0039,0.0,19.05,23.99,0.0,54.44,-6.83,2.97,24.0,1,HIGH
2026-08-09 05:28:02,1657,0.2901,0.0023,0.0,19.04,23.99,0.0,54.44,-6.83,2.97,24.0,1,HIGH
2026-08-09 05:28:02,1658,0.2886,0.0042,0.0,19.03,23.99,0.0,52.71,-7.64,3.03,24.0,1,HIGH
2026-08-09 05:28:02,1659,0.2912,0.0016,0.0,19.01,23.99,0.0,52.71,-7.64,3.03,24.0,1,HIGH
2026-08-09 05:28:02,1660,0.2882,0.0033,0.0,19.0,23.99,0.0,53.66,-7.28,3.24,24.0,1,HIGH
2026-08-09 05:28:02,1661,0.2884,0.007,0.0,18.99,24.0,0.0,53.66,-7.28,3.24,24.0,1,HIGH
2026-08-09 05:28:02,1662,0.2865,0.0136,0.0,18.98,24.0,0.0,53.81,-8.5,2.91,24.0,1,HIGH
2026-08-09 05:28:02,1663,0.2829,0.001,0.0,18.97,24.0,0.0,53.81,-8.5,2.91,24.0,1,HIGH
2026-08-09 05:28:03,1664,0.2918,0.0306,0.0,18.96,24.0,0.0,53.54,-8.36,3.44,24.0,1,HIGH
2026-08-09 05:28:03,1665,0.2827,0.0187,0.0,18.95,24.0,0.0,53.54,-8.36,3.44,24.0,1,HIGH
2026-08-09 05:28:03,1666,0.2783,0.0022,0.0,18.93,24.0,0.0,55.17,-7.97,4.34,24.0,1,HIGH
2026-08-09 05:28:03,1667,0.2836,0.0205,0.0,18.92,24.0,0.0,55.17,-7.97,4.34,24.0,1,HIGH
2026-08-09 05:28:03,1668,0.2886,0.0194,0.0,18.91,24.0,0.0,54.86,-9.29,2.23,24.0,1,HIGH
2026-08-09 05:28:03,1669,0.2878,0.0179,0.0,18.9,24.0,0.0,54.86,-9.29,2.23,24.0,1,HIGH
2026-08-09 05:28:03,1670,0.2939,0.0138,0.0,18.89,24.0,0.0,53.37,-7.96,3.6,24.0,1,HIGH
2026-08-09 05:28:03,1671,0.2868,0.0023,0.0,18.88,24.0,0.0,53.37,-7.96,3.6,24.0,1,HIGH
2026-08-09 05:28:03,1672,0.2892,0.0133,0.0,18.87,24.0,0.0,52.89,-8.24,3.65,24.0,1,HIGH
2026-08-09 05:28:03,1673,0.2986,0.008,0.0,18.85,24.0,0.0,52.89,-8.24,3.65,24.0,1,HIGH
2026-08-09 05:28:03,1674,0.2894,0.0155,0.0,18.84,24.0,0.0,54.1,-8.49,3.25,24.0,1,HIGH
2026-08-09 05:28:03,1675,0.2902,0.0048,0.0,18.83,24.0,0.0,54.1,-8.49,3.25,24.0,1,HIGH
2026-08-09 05:28:03,1676,0.2905,0.0034,0.0,18.82,24.0,0.0,55.0,-7.23,2.87,24.0,1,HIGH
2026-08-09 05:28:03,1677,0.2847,0.0063,0.0,18.81,24.0,0.0,55.0,-7.23,2.87,24.0,1,HIGH
2026-08-09 05:28:03,1678,0.2967,0.0121,0.0,18.8,24.0,0.0,53.96,-7.2,3.77,24.0,1,HIGH
2026-08-09 05:28:03,1679,0.3043,0.0018,0.0,18.79,24.0,0.0,53.96,-7.2,3.77,24.0,1,HIGH
2026-08-09 05:28:03,1680,0.2829,0.0096,0.0,18.78,24.0,0.0,53.62,-8.52,2.9,24.0,1,HIGH
2026-08-09 05:28:03,1681,0.3072,0.006,0.0,18.76,24.0,0.0,53.62,-8.52,2.9,24.0,1,HIGH
2026-08-09 05:28:03,1682,0.3096,0.0087,0.0,18.75,24.0,0.0,54.39,-7.01,2.76,24.0,1,HIGH
2026-08-09 05:28:03,1683,0.3017,0.0101,0.0,18.74,24.0,0.0,54.39,-7.01,2.76,24.0,1,HIGH
2026-08-09 05:28:03,1684,0.3074,0.0103,0.0,18.73,24.0,0.0,53.8,-8.55,2.23,24.0,1,HIGH
2026-08-09 05:28:03,1685,0.2993,0.0175,0.0,18.72,24.0,0.0,53.8,-8.55,2.23,24.0,1,HIGH
2026-08-09 05:28:03,1686,0.2983,0.012,0.0,18.71,24.0,0.0,53.83,-8.72,2.42,24.0,1,HIGH
2026-08-09 05:28:03,1687,0.2976,0.0061,0.0,18.7,24.0,0.0,53.83,-8.72,2.42,24.0,1,HIGH
2026-08-09 05:28:03,1688,0.305,0.0045,0.0,18.69,24.0,0.0,53.2,-8.41,2.25,24.0,1,HIGH
2026-08-09 05:28:03,1689,0.3074,0.0044,0.0,18.68,24.0,0.0,53.2,-8.41,2.25,24.0,1,HIGH
2026-08-09 05:28:03,1690,0.3138,0.0339,0.0,18.67,24.0,0.0,52.47,-9.51,4.29,24.0,1,HIGH
2026-08-09 05:28:03,1691,0.3026,0.0138,0.0,18.65,24.0,0.0,52.47,-9.51,4.29,24.0,1,HIGH
2026-08-09 05:28:03,1692,0.3111,0.0008,0.0,18.64,24.0,0.0,52.99,-8.0,2.9,24.0,1,HIGH
2026-08-09 05:28:03,1693,0.3081,0.0069,0.0,18.63,24.0,0.0,52.99,-8.0,2.9,24.0,1,HIGH
2026-08-09 05:28:03,1694,0.3271,0.0053,0.0,18.62,24.0,0.0,49.91,-8.1,3.3,24.0,1,HIGH
2026-08-09 05:28:04,1695,0.3296,0.0043,0.0,18.61,24.0,0.0,49.91,-8.1,3.3,24.0,1,HIGH
2026-08-09 05:28:04,1696,0.3254,0.0048,0.0,18.6,24.0,0.0,47.35,-7.16,2.25,24.0,1,HIGH
2026-08-09 05:28:04,1697,0.3249,0.0042,0.0,18.59,24.0,0.0,47.35,-7.16,2.25,24.0,1,HIGH
2026-08-09 05:28:04,1698,0.3109,0.0082,0.0,18.58,24.0,0.0,44.55,-7.14,1.09,24.0,1,HIGH
2026-08-09 05:28:04,1699,0.3027,0.0331,0.0,18.57,24.0,0.0,44.55,-7.14,1.09,24.0,1,HIGH
2026-08-09 05:28:04,1700,0.2741,0.0398,0.0,18.56,24.0,0.0,38.8,-3.85,-0.35,24.0,1,HIGH
2026-08-09 05:28:04,1701,0.2641,0.0386,0.0,18.54,24.0,0.0,38.8,-3.85,-0.35,24.0,1,HIGH
2026-08-09 05:28:04,1702,0.2777,0.0307,0.0,18.53,24.0,0.0,34.73,-3.4,-0.16,24.0,1,HIGH
2026-08-09 05:28:04,1703,0.28,0.0556,0.0,18.52,24.0,0.0,34.73,-3.4,-0.16,24.0,1,HIGH
2026-08-09 05:28:04,1704,0.2879,0.0456,0.0,18.51,24.0,0.0,29.42,-3.21,-1.26,24.0,1,HIGH
2026-08-09 05:28:04,1705,0.2978,0.0332,0.0,18.5,24.0,0.0,29.42,-3.21,-1.26,24.0,1,HIGH
2026-08-09 05:28:04,1706,0.2896,0.0394,0.0,18.49,24.0,0.0,26.34,-3.84,-2.23,24.0,1,HIGH
2026-08-09 05:28:04,1707,0.2912,0.0351,0.0,18.48,24.0,0.0,26.34,-3.84,-2.23,24.0,1,HIGH
2026-08-09 05:28:04,1708,0.2973,0.047,0.0,18.47,24.0,0.0,22.05,-6.96,-3.34,24.0,1,HIGH
2026-08-09 05:28:04,1709,0.2858,0.0369,0.0,18.46,24.0,0.0,22.05,-6.96,-3.34,24.0,1,HIGH
2026-08-09 05:28:04,1710,0.2858,0.036,0.0,18.45,24.0,0.0,18.75,-10.85,-4.66,24.0,1,HIGH
2026-08-09 05:28:04,1711,0.28,0.041,0.0,18.44,24.0,0.0,18.75,-10.85,-4.66,24.0,1,HIGH
2026-08-09 05:28:04,1712,0.2216,0.0347,0.0,18.43,24.0,0.0,16.26,-10.95,-5.23,24.0,1,HIGH
2026-08-09 05:28:04,1713,0.2052,0.0347,0.0,18.41,24.0,0.0,16.26,-10.95,-5.23,24.0,1,HIGH
2026-08-09 05:28:04,1714,0.213,0.0221,0.0,18.4,24.0,0.0,14.54,-11.81,-5.07,24.0,1,HIGH
2026-08-09 05:28:04,1715,0.2216,0.0243,0.0,18.39,24.0,0.0,14.54,-11.81,-5.07,24.0,1,HIGH
2026-08-09 05:28:04,1716,0.2395,0.036,0.0,18.38,24.0,0.0,14.76,-12.41,-6.16,24.0,1,HIGH
2026-08-09 05:28:04,1717,0.2431,0.0407,0.0,18.37,24.0,0.0,14.76,-12.41,-6.16,24.0,1,HIGH
2026-08-09 05:28:04,1718,0.2639,0.0309,0.0,18.36,24.0,0.0,13.22,-15.16,-6.77,24.0,1,HIGH
2026-08-09 05:28:04,1719,0.2627,0.0339,0.0,18.35,24.0,0.0,13.22,-15.16,-6.77,24.0,1,HIGH
2026-08-09 05:28:04,1720,0.2635,0.0295,0.0,18.34,24.0,0.0,13.33,-14.79,-7.15,24.0,1,HIGH
2026-08-09 05:28:04,1721,0.2732,0.0319,0.0,18.33,24.0,0.0,13.33,-14.79,-7.15,24.0,1,HIGH
2026-08-09 05:28:04,1722,0.258,0.0402,0.0,18.32,24.0,0.0,15.36,-9.02,-7.07,24.0,1,HIGH
2026-08-09 05:28:04,1723,0.2495,0.0463,0.0,18.31,24.0,0.0,15.36,-9.02,-7.07,24.0,1,HIGH
2026-08-09 05:28:04,1724,0.2538,0.0367,0.0,18.3,24.0,0.0,14.35,-10.82,-7.3,24.0,1,HIGH
2026-08-09 05:28:05,1725,0.2425,0.0371,0.0,18.29,24.0,0.0,14.35,-10.82,-7.3,24.0,1,HIGH
2026-08-09 05:28:05,1726,0.2345,0.032,0.0,18.28,24.0,0.0,14.21,-11.58,-7.45,24.0,1,HIGH
2026-08-09 05:28:05,1727,0.1867,0.0304,0.0,18.27,24.0,0.0,14.21,-11.58,-7.45,24.0,1,HIGH
2026-08-09 05:28:05,1728,0.1757,0.0244,0.0,18.25,24.0,0.0,12.25,-9.0,-8.45,24.0,1,HIGH
2026-08-09 05:28:05,1729,0.1732,0.0272,0.0,18.24,24.0,0.0,12.25,-9.0,-8.45,24.0,1,HIGH
2026-08-09 05:28:05,1730,0.188,0.0315,0.0,18.23,24.0,0.0,13.68,-7.75,-7.9,24.0,1,HIGH
2026-08-09 05:28:05,1731,0.1895,0.0269,0.0,18.22,24.0,0.0,13.68,-7.75,-7.9,24.0,1,HIGH
2026-08-09 05:28:05,1732,0.2128,0.019,0.0,18.21,24.0,0.0,15.41,-6.26,-7.35,24.0,1,HIGH
2026-08-09 05:28:05,1733,0.2038,0.0297,0.0,18.2,24.0,0.0,15.41,-6.26,-7.35,24.0,1,HIGH
2026-08-09 05:28:05,1734,0.2264,0.0294,0.0,18.19,24.0,0.0,12.81,-7.02,-7.65,24.0,1,HIGH
2026-08-09 05:28:05,1735,0.2261,0.0345,0.0,18.18,24.0,0.0,12.81,-7.02,-7.65,24.0,1,HIGH
2026-08-09 05:28:05,1736,0.2328,0.0298,0.0,18.17,24.0,0.0,13.46,-5.25,-7.65,24.0,1,HIGH
2026-08-09 05:28:05,1737,0.2283,0.0234,0.0,18.16,24.0,0.0,13.46,-5.25,-7.65,24.0,1,HIGH
2026-08-09 05:28:05,1738,0.2193,0.0231,0.0,18.15,24.0,0.0,14.23,-2.83,-7.68,24.0,1,HIGH
2026-08-09 05:28:05,1739,0.2435,0.0159,0.0,18.14,24.0,0.0,14.23,-2.83,-7.68,24.0,1,HIGH
2026-08-09 05:28:05,1740,0.2346,0.023,0.0,18.13,24.0,0.0,14.01,-3.46,-7.86,24.0,1,HIGH
2026-08-09 05:28:05,1741,0.2278,0.021,0.0,18.12,24.0,0.0,14.01,-3.46,-7.86,24.0,1,HIGH
2026-08-09 05:28:05,1742,0.2315,0.0249,0.0,18.11,24.0,0.0,13.04,-3.47,-8.14,24.0,1,HIGH
2026-08-09 05:28:05,1743,0.2363,0.0268,0.0,18.1,24.0,0.0,13.04,-3.47,-8.14,24.0,1,HIGH
2026-08-09 05:28:05,1744,0.2339,0.0233,0.0,18.09,24.0,0.0,14.13,-2.81,-7.85,24.0,1,HIGH
2026-08-09 05:28:05,1745,0.247,0.0234,0.0,18.08,24.0,0.0,14.13,-2.81,-7.85,24.0,1,HIGH
2026-08-09 05:28:05,1746,0.2379,0.0213,0.0,18.07,23.99,0.0,13.11,-4.52,-8.49,23.92,1,HIGH
2026-08-09 05:28:05,1747,0.2285,0.0205,0.0,18.06,23.96,0.0,13.11,-4.52,-8.49,23.44,1,HIGH
2026-08-09 05:28:05,1748,0.2235,0.0262,0.0,18.05,23.88,0.0,13.64,-5.56,-8.31,22.64,1,HIGH
2026-08-09 05:28:05,1749,0.2393,0.0208,0.0,18.04,23.74,0.0,13.64,-5.56,-8.31,21.57,1,HIGH
2026-08-09 05:28:05,1750,0.2426,0.0215,0.0,18.03,23.54,0.0,14.29,-5.1,-8.13,20.31,1,HIGH
2026-08-09 05:28:05,1751,0.2479,0.0258,0.0,18.02,23.26,0.0,14.29,-5.1,-8.13,18.85,1,HIGH
2026-08-09 05:28:05,1752,0.2312,0.0154,0.0,18.0,22.9,0.0,12.76,-5.98,-8.18,17.27,1,HIGH
2026-08-09 05:28:05,1753,0.2543,0.0274,0.0,17.99,22.46,0.0,12.76,-5.98,-8.18,15.55,1,HIGH
2026-08-09 05:28:05,1754,0.2392,0.0204,0.0,17.98,21.93,0.0,12.63,-4.15,-8.01,13.74,1,HIGH
2026-08-09 05:28:06,1755,0.2232,0.0331,0.0,17.97,21.33,0.0,12.63,-4.15,-8.01,11.82,1,HIGH
2026-08-09 05:28:06,1756,0.2348,0.0296,0.0,17.96,20.64,0.0,11.89,-6.46,-8.46,9.86,1,HIGH
2026-08-09 05:28:06,1757,0.2261,0.0341,0.0,17.95,19.73,0.0,11.89,-6.46,-8.46,5.42,1,HIGH
2026-08-09 05:28:06,1758,0.2381,0.0336,0.0,17.94,18.72,0.0,12.77,-8.07,-8.43,2.98,1,HIGH
2026-08-09 05:28:06,1759,0.2131,0.0206,0.0,17.93,17.7,0.0,12.77,-8.07,-8.43,1.64,1,HIGH
2026-08-09 05:28:06,1760,0.2261,0.0298,0.0,17.92,16.69,0.0,13.03,-5.4,-7.89,0.9,1,HIGH
2026-08-09 05:28:06,1761,0.2177,0.0226,0.0,17.91,15.72,0.0,13.03,-5.4,-7.89,0.5,1,HIGH
2026-08-09 05:28:06,1762,0.2382,0.0294,0.0,17.9,14.79,0.0,13.54,-5.84,-7.95,0.27,1,HIGH
2026-08-09 05:28:06,1763,0.2393,0.0273,0.0,17.89,13.91,0.0,13.54,-5.84,-7.95,0.15,1,HIGH
2026-08-09 05:28:06,1764,0.2345,0.0233,0.0,17.88,13.08,0.0,12.54,-5.85,-7.92,0.08,1,HIGH
2026-08-09 05:28:06,1765,0.2172,0.0294,0.0,17.87,12.3,0.0,12.54,-5.85,-7.92,0.05,1,HIGH
2026-08-09 05:28:06,1766,0.239,0.0309,0.0,17.92,11.56,0.0,12.5,-8.6,-8.05,0.02,1,HIGH
2026-08-09 05:28:06,1767,0.236,0.0233,0.0,17.91,10.87,0.0,12.5,-8.6,-8.05,0.01,1,HIGH
2026-08-09 05:28:06,1768,0.2286,0.0286,0.0,17.9,10.22,0.0,12.89,-5.65,-7.94,0.01,1,HIGH
2026-08-09 05:28:06,1769,0.2312,0.022,0.0,17.89,9.61,0.0,12.89,-5.65,-7.94,0.0,1,HIGH
2026-08-09 05:28:06,1770,0.2409,0.0329,0.0,17.88,9.03,0.0,13.42,-6.2,-7.34,0.0,1,HIGH
2026-08-09 05:28:06,1771,0.2514,0.0328,0.0,17.87,8.49,0.0,13.42,-6.2,-7.34,0.0,1,HIGH
2026-08-09 05:28:06,1772,0.239,0.0188,0.0,17.86,7.98,0.0,12.68,-4.56,-7.05,0.0,1,HIGH
2026-08-09 05:28:06,1773,0.2451,0.0362,0.0,17.85,7.5,0.0,12.68,-4.56,-7.05,0.0,1,HIGH
2026-08-09 05:28:06,1774,0.2411,0.0259,0.0,17.84,7.05,0.0,12.37,-7.84,-7.34,0.0,1,HIGH
2026-08-09 05:28:06,1775,0.2227,0.0256,0.0,17.83,6.63,0.0,12.37,-7.84,-7.34,0.0,1,HIGH
2026-08-09 05:28:06,1776,0.2451,0.0309,0.0,17.82,6.23,0.0,12.23,-6.73,-7.49,0.0,1,HIGH
2026-08-09 05:28:06,1777,0.2497,0.0268,0.0,17.81,5.86,0.0,12.23,-6.73,-7.49,0.0,1,HIGH
2026-08-09 05:28:06,1778,0.2495,0.0279,0.0,17.8,5.5,0.0,13.1,-7.68,-7.05,0.0,1,HIGH
2026-08-09 05:28:06,1779,0.2332,0.0332,0.0,17.79,5.17,0.0,13.1,-7.68,-7.05,0.0,1,HIGH
2026-08-09 05:28:06,1780,0.2414,0.0205,0.0,17.78,4.86,0.0,11.98,-8.31,-6.54,0.0,1,HIGH
2026-08-09 05:28:06,1781,0.2235,0.0253,0.0,17.77,4.57,0.0,11.98,-8.31,-6.54,0.0,1,HIGH
2026-08-09 05:28:06,1782,0.2267,0.0197,0.0,17.76,4.3,0.0,11.16,-11.26,-6.36,0.0,1,HIGH
2026-08-09 05:28:06,1783,0.2381,0.0222,0.0,17.75,4.04,0.0,11.16,-11.26,-6.36,0.0,1,HIGH
2026-08-09 05:28:06,1784,0.2369,0.0229,0.0,17.74,3.8,0.0,11.04,-11.31,-6.58,0.0,1,HIGH
2026-08-09 05:28:06,1785,0.2365,0.028,0.0,17.73,3.57,0.0,11.04,-11.31,-6.58,0.0,1,HIGH
2026-08-09 05:28:07,1786,0.232,0.0191,0.0,17.72,3.36,0.0,11.81,-11.2,-6.72,0.0,1,HIGH
2026-08-09 05:28:07,1787,0.2182,0.023,0.0,17.71,3.15,0.0,11.81,-11.2,-6.72,0.0,1,HIGH
2026-08-09 05:28:07,1788,0.2457,0.0247,0.0,17.7,2.96,0.0,11.14,-12.02,-6.23,0.0,1,HIGH
2026-08-09 05:28:07,1789,0.2283,0.031,0.0,17.69,2.79,0.0,11.14,-12.02,-6.23,0.0,1,HIGH
2026-08-09 05:28:07,1790,0.235,0.0278,0.0,17.68,2.62,0.0,11.88,-9.25,-6.0,0.0,1,HIGH
2026-08-09 05:28:07,1791,0.2299,0.0345,0.0,17.67,2.46,0.0,11.88,-9.25,-6.0,0.0,1,HIGH
2026-08-09 05:28:07,1792,0.2294,0.0284,0.0,17.66,2.31,0.0,10.84,-12.28,-5.94,0.0,1,HIGH
2026-08-09 05:28:07,1793,0.2217,0.0356,0.0,17.65,2.18,0.0,10.84,-12.28,-5.94,0.0,1,HIGH
2026-08-09 05:28:07,1794,0.2181,0.0216,0.0,17.64,2.05,0.0,12.17,-8.71,-5.36,0.0,1,HIGH
2026-08-09 05:28:07,1795,0.2298,0.0304,0.0,17.63,1.92,0.0,12.17,-8.71,-5.36,0.0,1,HIGH
2026-08-09 05:28:07,1796,0.2378,0.0295,0.0,17.62,1.81,0.0,11.53,-10.86,-5.35,0.0,1,HIGH
2026-08-09 05:28:07,1797,0.242,0.0379,0.0,17.61,1.7,0.0,11.53,-10.86,-5.35,0.0,1,HIGH
2026-08-09 05:28:07,1798,0.2337,0.0397,0.0,17.6,1.6,0.0,10.65,-5.05,-4.69,0.0,1,HIGH
2026-08-09 05:28:07,1799,0.2207,0.0473,0.0,17.59,1.5,0.0,10.65,-5.05,-4.69,0.0,1,HIGH
2026-08-09 05:28:07,1800,0.2265,0.0347,0.0,17.58,1.41,0.0,10.4,2.44,-3.91,0.0,1,OK
2026-08-09 05:28:07,1801,0.2262,0.0336,0.0,17.57,1.33,0.0,10.4,2.44,-3.91,0.0,1,OK
2026-08-09 05:28:07,1802,0.2243,0.0366,0.0,17.57,1.25,0.0,9.63,8.06,-4.01,0.0,1,OK
2026-08-09 05:28:07,1803,0.2421,0.0324,0.0,17.56,1.17,0.0,9.63,8.06,-4.01,0.0,1,OK
2026-08-09 05:28:07,1804,0.2395,0.0411,0.0,17.55,1.1,0.0,9.14,17.27,-2.92,0.0,1,OK
2026-08-09 05:28:07,1805,0.2386,0.042,0.0,17.54,1.04,0.0,9.14,17.27,-2.92,0.0,1,OK
2026-08-09 05:28:07,1806,0.2446,0.0584,0.0,17.53,0.97,0.0,8.39,19.75,-2.79,0.0,1,OK
2026-08-09 05:28:07,1807,0.2371,0.0361,0.0,17.52,0.91,0.0,8.39,19.75,-2.79,0.0,1,OK
2026-08-09 05:28:07,1808,0.2387,0.0413,0.0,17.51,0.86,0.0,7.53,21.51,-1.82,0.0,1,OK
2026-08-09 05:28:07,1809,0.25,0.0412,0.0,17.5,0.81,0.0,7.53,21.51,-1.82,0.0,1,OK
2026-08-09 05:28:07,1810,0.2499,0.0545,0.0,17.49,0.76,0.0,7.09,24.54,-2.0,0.0,1,OK
2026-08-09 05:28:07,1811,0.2471,0.0502,0.0,17.48,0.71,0.0,7.09,24.54,-2.0,0.0,1,OK
2026-08-09 05:28:07,1812,0.2491,0.0482,0.0,17.47,0.67,0.0,5.46,25.12,-2.22,0.0,1,OK
2026-08-09 05:28:07,1813,0.258,0.049,0.0,17.46,0.63,0.0,5.46,25.12,-2.22,0.0,1,OK
2026-08-09 05:28:07,1814,0.2569,0.0602,0.0,17.45,0.59,0.0,6.07,27.52,-2.39,0.0,1,OK
2026-08-09 05:28:07,1815,0.2664,0.0668,0.0,17.44,0.56,0.0,6.07,27.52,-2.39,0.0,1,OK
2026-08-09 05:28:08,1816,0.2611,0.0529,0.0,17.43,0.52,0.0,5.87,28.78,-1.76,0.0,1,OK
2026-08-09 05:28:08,1817,0.2601,0.0598,0.0,17.42,0.49,0.0,5.87,28.78,-1.76,0.0,1,OK
2026-08-09 05:28:08,1818,0.2597,0.0549,0.0,17.41,0.46,0.0,5.24,28.56,-2.36,0.0,1,OK
2026-08-09 05:28:08,1819,0.271,0.0419,0.0,17.4,0.44,0.0,5.24,28.56,-2.36,0.0,1,OK
2026-08-09 05:28:08,1820,0.2613,0.0331,0.0,17.39,0.41,0.0,4.72,30.52,-1.47,0.0,1,OK
2026-08-09 05:28:08,1821,0.2615,0.0476,0.0,17.38,0.38,0.0,4.72,30.52,-1.47,0.0,1,OK
2026-08-09 05:28:08,1822,0.2565,0.0729,0.0,17.37,0.36,0.0,4.31,32.05,-1.56,0.0,1,OK
2026-08-09 05:28:08,1823,0.28,0.0522,0.0,17.36,0.34,0.0,4.31,32.05,-1.56,0.0,1,OK
2026-08-09 05:28:08,1824,0.2542,0.0468,0.0,17.35,0.32,0.0,5.16,32.47,-1.25,0.0,1,OK
2026-08-09 05:28:08,1825,0.2575,0.0446,0.0,17.34,0.3,0.0,5.16,32.47,-1.25,0.0,1,OK
2026-08-09 05:28:08,1826,0.2362,0.0375,0.0,17.33,0.28,0.0,3.73,30.61,-1.42,0.0,1,OK
2026-08-09 05:28:08,1827,0.2142,0.0502,0.0,17.32,0.27,0.0,3.73,30.61,-1.42,0.0,1,OK
2026-08-09 05:28:08,1828,0.2002,0.0318,0.0,17.32,0.25,0.0,3.86,33.3,-1.18,0.0,1,OK
2026-08-09 05:28:08,1829,0.188,0.0427,0.0,17.31,0.23,0.0,3.86,33.3,-1.18,0.0,1,OK
2026-08-09 05:28:08,1830,0.1994,0.0508,0.0,17.3,0.22,0.0,1.25,33.57,-1.52,0.0,1,OK
2026-08-09 05:28:08,1831,0.1938,0.055,0.0,17.29,0.21,0.0,1.25,33.57,-1.52,0.0,1,OK
2026-08-09 05:28:08,1832,0.198,0.053,0.0,17.28,0.19,0.0,2.82,34.77,-0.92,0.0,1,OK
2026-08-09 05:28:08,1833,0.2147,0.0328,0.0,17.27,0.18,0.0,2.82,34.77,-0.92,0.0,1,OK
2026-08-09 05:28:08,1834,0.2037,0.0604,0.0,17.26,0.17,0.0,1.6,36.26,-2.15,0.0,1,OK
2026-08-09 05:28:08,1835,0.225,0.0473,0.0,17.25,0.16,0.0,1.6,36.26,-2.15,0.0,1,OK
2026-08-09 05:28:08,1836,0.2272,0.0426,0.0,17.24,0.15,0.0,1.4,35.63,-1.25,0.0,1,OK
2026-08-09 05:28:08,1837,0.2368,0.0485,0.0,17.23,0.14,0.0,1.4,35.63,-1.25,0.0,1,OK
2026-08-09 05:28:08,1838,0.2304,0.0517,0.0,17.22,0.13,0.0,1.96,36.32,-0.78,0.0,1,OK
2026-08-09 05:28:08,1839,0.2336,0.0648,0.0,17.21,0.13,0.0,1.96,36.32,-0.78,0.0,1,OK
2026-08-09 05:28:08,1840,0.2268,0.0351,0.0,17.2,0.12,0.0,0.62,35.66,-1.23,0.0,1,OK
2026-08-09 05:28:08,1841,0.2304,0.0656,0.0,17.19,0.11,0.0,0.62,35.66,-1.23,0.0,1,OK
2026-08-09 05:28:08,1842,0.2174,0.0297,0.0,17.18,0.1,0.0,0.56,35.04,-1.64,0.0,1,OK
2026-08-09 05:28:08,1843,0.1829,0.0498,0.0,17.17,0.1,0.0,0.56,35.04,-1.64,0.0,1,OK
2026-08-09 05:28:08,1844,0.1883,0.0373,0.0,17.17,0.09,0.0,0.68,33.36,-1.6,0.0,1,OK
2026-08-09 05:28:08,1845,0.1893,0.0437,0.0,17.16,0.09,0.0,0.68,33.36,-1.6,0.0,1,OK
2026-08-09 05:28:09,1846,0.2158,0.046,0.0,17.15,0.08,0.0,2.74,30.88,-1.78,0.0,1,OK
2026-08-09 05:28:09,1847,0.2257,0.0426,0.0,17.14,0.08,0.0,2.74,30.88,-1.78,0.0,1,OK
2026-08-09 05:28:09,1848,0.224,0.0582,0.0,17.13,0.07,0.0,3.27,29.97,-1.69,0.0,1,OK
2026-08-09 05:28:09,1849,0.2452,0.0723,0.0,17.12,0.07,0.0,3.27,29.97,-1.69,0.0,1,OK
2026-08-09 05:28:09,1850,0.2348,0.0628,0.0,17.11,0.06,0.0,5.7,27.37,-1.12,0.0,1,OK
2026-08-09 05:28:09,1851,0.243,0.0432,0.0,17.1,0.06,0.0,5.7,27.37,-1.12,0.0,1,OK
2026-08-09 05:28:09,1852,0.229,0.0497,0.0,17.09,0.06,0.0,7.01,23.8,-1.49,0.0,1,OK
2026-08-09 05:28:09,1853,0.2348,0.0435,0.0,17.08,0.05,0.0,7.01,23.8,-1.49,0.0,1,OK
2026-08-09 05:28:09,1854,0.2324,0.0362,0.0,17.07,0.05,0.0,8.12,21.3,-0.94,0.0,1,OK
2026-08-09 05:28:09,1855,0.2286,0.0369,0.0,17.06,0.05,0.0,8.12,21.3,-0.94,0.0,1,OK
2026-08-09 05:28:09,1856,0.2072,0.0445,0.0,17.05,0.04,0.0,9.03,17.83,-1.33,0.0,1,OK
2026-08-09 05:28:09,1857,0.2184,0.027,0.0,17.05,0.04,0.0,9.03,17.83,-1.33,0.0,1,OK
2026-08-09 05:28:09,1858,0.2212,0.0346,0.0,17.04,0.04,0.0,10.73,14.5,-0.53,0.0,1,OK
2026-08-09 05:28:09,1859,0.2115,0.0297,0.0,17.03,0.04,0.0,10.73,14.5,-0.53,0.0,1,OK
2026-08-09 05:28:09,1860,0.2056,0.0244,0.0,17.02,0.03,0.0,10.23,10.38,-1.7,0.0,1,OK
2026-08-09 05:28:09,1861,0.2276,0.0398,0.0,17.01,0.03,0.0,10.23,10.38,-1.7,0.0,1,OK
2026-08-09 05:28:09,1862,0.2111,0.0334,0.0,17.01,0.03,0.0,11.5,-2.13,-2.71,0.0,1,OK
2026-08-09 05:28:09,1863,0.2089,0.0333,0.0,17.01,0.03,0.0,11.5,-2.13,-2.71,0.0,1,OK
2026-08-09 05:28:09,1864,0.2055,0.0308,0.0,17.01,0.03,0.0,10.83,-9.53,-3.8,0.0,1,OK
2026-08-09 05:28:09,1865,0.2184,0.0401,0.0,17.01,0.03,0.0,10.83,-9.53,-3.8,0.0,1,OK
2026-08-09 05:28:09,1866,0.2129,0.0273,0.0,17.01,0.02,0.0,9.78,-17.82,-4.49,0.0,1,OK
2026-08-09 05:28:09,1867,0.2183,0.0208,0.0,17.01,0.02,0.0,9.78,-17.82,-4.49,0.0,1,OK
2026-08-09 05:28:09,1868,0.2185,0.0313,0.0,17.01,0.02,0.0,11.74,-18.73,-5.52,0.0,1,OK
2026-08-09 05:28:09,1869,0.2132,0.0204,0.0,17.01,0.02,0.0,11.74,-18.73,-5.52,0.0,1,OK
2026-08-09 05:28:09,1870,0.2129,0.0246,0.0,17.01,0.02,0.0,12.15,-19.68,-5.96,0.0,1,OK
2026-08-09 05:28:09,1871,0.2031,0.0228,0.0,17.01,0.02,0.0,12.15,-19.68,-5.96,0.0,1,OK
2026-08-09 05:28:09,1872,0.216,0.0155,0.0,17.01,0.02,0.0,12.56,-20.81,-5.65,0.0,1,OK
2026-08-09 05:28:09,1873,0.2212,0.0058,0.0,17.01,0.02,0.0,12.56,-20.81,-5.65,0.0,1,OK
2026-08-09 05:28:09,1874,0.2207,0.0085,0.0,17.01,0.01,0.0,12.64,-24.16,-6.25,0.0,1,OK
2026-08-09 05:28:09,1875,0.2342,0.0254,0.0,17.01,0.01,0.0,12.64,-24.16,-6.25,0.0,1,OK
2026-08-09 05:28:09,1876,0.2367,0.0217,0.0,17.01,0.01,0.0,13.21,-26.87,-7.69,0.0,1,OK
2026-08-09 05:28:10,1877,0.2629,0.0204,0.0,17.01,0.01,0.0,13.21,-26.87,-7.69,0.0,1,OK
2026-08-09 05:28:10,1878,0.2518,0.0354,0.0,17.01,0.01,0.0,10.22,-34.76,-8.66,0.0,1,OK
2026-08-09 05:28:10,1879,0.2604,0.0253,0.0,17.01,0.01,0.0,10.22,-34.76,-8.66,0.0,1,OK
2026-08-09 05:28:10,1880,0.2747,0.0266,0.0,17.01,0.01,0.0,9.73,-36.45,-8.84,0.0,1,OK
2026-08-09 05:28:10,1881,0.2828,0.0305,0.0,17.01,0.01,0.0,9.73,-36.45,-8.84,0.0,1,OK
2026-08-09 05:28:10,1882,0.2622,0.0251,0.0,17.01,0.01,0.0,10.49,-39.25,-9.34,0.0,1,OK
2026-08-09 05:28:10,1883,0.253,0.0407,0.0,17.01,0.01,0.0,10.49,-39.25,-9.34,0.0,1,OK
2026-08-09 05:28:10,1884,0.2572,0.0222,0.0,17.01,0.01,0.0,10.8,-40.47,-8.92,0.0,1,OK
2026-08-09 05:28:10,1885,0.2569,0.043,0.0,17.01,0.01,0.0,10.8,-40.47,-8.92,0.0,1,OK
2026-08-09 05:28:10,1886,0.2597,0.0398,0.0,16.0,0.01,0.0,10.22,-40.59,-9.26,0.0,1,OK
2026-08-09 05:28:10,1887,0.2782,0.0319,0.0,16.0,0.01,0.0,10.22,-40.59,-9.26,0.0,1,OK
2026-08-09 05:28:10,1888,0.279,0.0275,0.0,16.0,0.01,0.0,11.3,-40.69,-9.52,0.0,1,OK
2026-08-09 05:28:10,1889,0.2929,0.0281,0.0,16.0,0.01,0.0,11.3,-40.69,-9.52,0.0,1,OK
2026-08-09 05:28:10,1890,0.2788,0.0267,0.0,16.0,0.01,0.0,10.62,-40.0,-8.13,0.0,1,OK
2026-08-09 05:28:10,1891,0.2911,0.0412,0.0,16.0,0.01,0.0,10.62,-40.0,-8.13,0.0,1,OK
2026-08-09 05:28:10,1892,0.3117,0.0317,0.0,16.0,0.0,0.0,13.03,-41.21,-9.11,0.0,1,OK
2026-08-09 05:28:10,1893,0.2869,0.0399,0.0,16.0,0.0,0.0,13.03,-41.21,-9.11,0.0,1,OK
2026-08-09 05:28:10,1894,0.2979,0.0343,0.0,16.0,0.0,0.0,13.37,-41.58,-9.58,0.0,1,OK
2026-08-09 05:28:10,1895,0.2963,0.0491,0.0,16.0,0.0,0.0,13.37,-41.58,-9.58,0.0,1,OK
2026-08-09 05:28:10,1896,0.2969,0.0363,0.0,16.0,0.0,0.0,16.13,-39.98,-9.98,0.0,1,OK
2026-08-09 05:28:10,1897,0.2948,0.0495,0.0,16.0,0.0,0.0,16.13,-39.98,-9.98,0.0,1,OK
2026-08-09 05:28:10,1898,0.3076,0.0274,0.0,16.0,0.0,0.0,15.92,-38.94,-8.93,0.0,1,OK
2026-08-09 05:28:10,1899,0.298,0.0347,0.0,16.0,0.0,0.0,15.92,-38.94,-8.93,0.0,1,OK
2026-08-09 05:28:10,1900,0.2949,0.0339,0.0,16.0,0.0,0.0,16.34,-38.88,-8.29,0.0,1,OK
2026-08-09 05:28:10,1901,0.2931,0.0283,0.0,16.0,0.0,0.0,16.34,-38.88,-8.29,0.0,1,OK
2026-08-09 05:28:10,1902,0.3017,0.0317,0.0,16.0,0.0,0.0,17.01,-35.34,-8.35,0.0,1,OK
2026-08-09 05:28:10,1903,0.3042,0.0204,0.0,16.0,0.0,0.0,17.01,-35.34,-8.35,0.0,1,OK
2026-08-09 05:28:10,1904,0.3113,0.0243,0.0,16.0,0.0,0.0,19.28,-31.78,-8.23,0.0,1,OK
2026-08-09 05:28:10,1905,0.3208,0.0175,0.0,16.0,0.0,0.0,19.28,-31.78,-8.23,0.0,1,OK
2026-08-09 05:28:10,1906,0.3243,0.0251,0.0,16.0,0.0,0.0,23.41,-28.54,-8.18,0.0,1,OK
2026-08-09 05:28:11,1907,0.3213,0.0181,0.0,16.0,0.0,0.0,23.41,-28.54,-8.18,0.0,1,OK
2026-08-09 05:28:11,1908,0.3237,0.0101,0.0,16.0,0.0,0.0,22.68,-26.98,-6.42,0.0,1,OK
2026-08-09 05:28:11,1909,0.3222,0.0168,0.0,16.0,0.0,0.0,22.68,-26.98,-6.42,0.0,1,OK
2026-08-09 05:28:11,1910,0.3094,0.0111,0.0,16.0,0.0,0.0,27.72,-23.15,-6.52,0.0,1,OK
2026-08-09 05:28:11,1911,0.3294,0.0075,0.0,16.0,0.0,0.0,27.72,-23.15,-6.52,0.0,1,OK
2026-08-09 05:28:11,1912,0.3086,0.015,0.0,16.0,0.0,0.0,29.69,-21.94,-6.5,0.0,1,OK
2026-08-09 05:28:11,1913,0.3083,0.0095,0.0,16.0,0.0,0.0,29.69,-21.94,-6.5,0.0,1,OK
2026-08-09 05:28:11,1914,0.3085,0.0123,0.0,16.0,0.0,0.0,28.55,-21.13,-5.35,0.0,1,OK
2026-08-09 05:28:11,1915,0.3042,0.012,0.0,16.0,0.0,0.0,28.55,-21.13,-5.35,0.0,1,OK
2026-08-09 05:28:11,1916,0.314,0.0165,0.0,16.0,0.0,0.0,27.64,-20.89,-5.43,0.0,1,OK
2026-08-09 05:28:11,1917,0.3197,0.0084,0.0,16.0,0.0,0.0,27.64,-20.89,-5.43,0.0,1,OK
2026-08-09 05:28:11,1918,0.2982,0.0112,0.0,16.0,0.0,0.0,26.45,-19.03,-4.97,0.0,1,OK
2026-08-09 05:28:11,1919,0.2959,0.0058,0.0,16.0,0.0,0.0,26.45,-19.03,-4.97,0.0,1,OK
2026-08-09 05:28:11,1920,0.2616,0.0206,0.0,16.0,0.0,0.0,25.0,-18.38,-4.85,0.0,1,OK
2026-08-09 05:28:11,1921,0.2224,0.027,0.0,16.0,0.0,0.0,25.0,-18.38,-4.85,0.0,1,OK
2026-08-09 05:28:11,1922,0.2203,0.0316,0.0,16.0,0.0,0.0,22.26,-20.69,-4.39,0.0,1,OK
2026-08-09 05:28:11,1923,0.2277,0.033,0.0,16.0,0.0,0.0,22.26,-20.69,-4.39,0.0,1,OK
2026-08-09 05:28:11,1924,0.2716,0.0247,0.0,16.0,0.0,0.0,22.07,-18.83,-4.71,0.0,1,OK
2026-08-09 05:28:11,1925,0.264,0.0175,0.0,16.0,0.0,0.0,22.07,-18.83,-4.71,0.0,1,OK
2026-08-09 05:28:11,1926,0.2871,0.0135,0.0,16.0,0.0,0.0,21.02,-20.64,-5.07,0.0,1,OK
2026-08-09 05:28:11,1927,0.2824,0.0158,0.0,16.0,0.0,0.0,21.02,-20.64,-5.07,0.0,1,OK
2026-08-09 05:28:11,1928,0.2775,0.0182,0.0,16.0,0.02,0.0,19.72,-18.59,-4.78,0.07,1,OK
2026-08-09 05:28:11,1929,0.2753,0.0132,0.0,16.0,0.06,0.0,19.72,-18.59,-4.78,0.21,1,OK
2026-08-09 05:28:11,1930,0.2783,0.0182,0.0,16.0,0.14,0.0,19.96,-19.41,-5.39,0.43,1,OK
2026-08-09 05:28:11,1931,0.2844,0.0206,0.0,16.0,0.26,0.0,19.96,-19.41,-5.39,0.67,1,OK
2026-08-09 05:28:11,1932,0.2941,0.0204,0.0,16.0,0.28,0.0,17.46,-19.61,-5.58,0.37,1,OK
2026-08-09 05:28:11,1933,0.2822,0.0197,0.0,16.0,0.28,0.0,17.46,-19.61,-5.58,0.2,1,OK
2026-08-09 05:28:11,1934,0.2807,0.0149,0.0,16.0,0.27,0.0,18.79,-16.95,-5.41,0.11,1,OK
2026-08-09 05:28:11,1935,0.2871,0.0263,0.0,16.0,0.25,0.0,18.79,-16.95,-5.41,0.06,1,OK
2026-08-09 05:28:11,1936,0.2774,0.0219,0.0,16.0,0.24,0.0,17.83,-16.73,-5.72,0.03,1,OK
2026-08-09 05:28:12,1937,0.2777,0.0183,0.0,16.0,0.23,0.0,17.83,-16.73,-5.72,0.02,1,OK
2026-08-09 05:28:12,1938,0.2758,0.0183,0.0,16.0,0.21,0.0,17.94,-16.51,-6.49,0.01,1,OK
2026-08-09 05:28:12,1939,0.2763,0.0227,0.0,16.0,0.2,0.0,17.94,-16.51,-6.49,0.01,1,OK
2026-08-09 05:28:12,1940,0.2874,0.0212,0.0,16.0,0.19,0.0,18.37,-14.9,-5.99,0.0,1,OK
2026-08-09 05:28:12,1941,0.2689,0.0143,0.0,16.0,0.18,0.0,18.37,-14.9,-5.99,0.0,1,OK
2026-08-09 05:28:12,1942,0.2688,0.0329,0.0,16.0,0.17,0.0,17.35,-17.07,-6.46,0.0,1,OK
2026-08-09 05:28:12,1943,0.2861,0.0216,0.0,16.0,0.16,0.0,17.35,-17.07,-6.46,0.0,1,OK
2026-08-09 05:28:12,1944,0.255,0.025,0.0,16.0,0.15,0.0,17.17,-15.97,-6.81,0.0,1,OK
2026-08-09 05:28:12,1945,0.2522,0.0194,0.0,16.0,0.14,0.0,17.17,-15.97,-6.81,0.0,1,OK
2026-08-09 05:28:12,1946,0.2554,0.0327,0.0,16.0,0.13,0.0,16.73,-17.16,-6.88,0.0,1,OK
2026-08-09 05:28:12,1947,0.2464,0.015,0.0,16.0,0.12,0.0,16.73,-17.16,-6.88,0.0,1,OK
2026-08-09 05:28:12,1948,0.2531,0.0193,0.0,16.0,0.12,0.0,16.24,-14.94,-6.7,0.0,1,OK
2026-08-09 05:28:12,1949,0.2515,0.0226,0.0,16.0,0.11,0.0,16.24,-14.94,-6.7,0.0,1,OK
2026-08-09 05:28:12,1950,0.25,0.0289,0.0,16.0,0.1,0.0,17.71,-13.71,-6.98,0.0,1,OK
2026-08-09 05:28:12,1951,0.2628,0.0177,0.0,15.0,0.1,0.0,17.71,-13.71,-6.98,0.0,1,OK
2026-08-09 05:28:12,1952,0.2458,0.0255,0.0,15.0,0.09,0.0,16.31,-14.69,-6.71,0.0,1,OK
2026-08-09 05:28:12,1953,0.2484,0.0195,0.0,15.0,0.09,0.0,16.31,-14.69,-6.71,0.0,1,OK
2026-08-09 05:28:12,1954,0.2643,0.0138,0.0,15.0,0.08,0.0,16.03,-15.54,-7.0,0.0,1,OK
2026-08-09 05:28:12,1955,0.2501,0.0183,0.0,15.0,0.08,0.0,16.03,-15.54,-7.0,0.0,1,OK
2026-08-09 05:28:12,1956,0.2515,0.0187,0.0,15.0,0.07,0.0,16.4,-12.35,-6.9,0.0,1,OK
2026-08-09 05:28:12,1957,0.2582,0.0134,0.0,15.0,0.07,0.0,16.4,-12.35,-6.9,0.0,1,OK
2026-08-09 05:28:12,1958,0.2542,0.0192,0.0,15.0,0.06,0.0,16.55,-13.88,-6.92,0.0,1,OK
2026-08-09 05:28:12,1959,0.2408,0.0215,0.0,15.0,0.06,0.0,16.55,-13.88,-6.92,0.0,1,OK
2026-08-09 05:28:12,1960,0.2381,0.0182,0.0,15.0,0.06,0.0,15.74,-15.03,-6.93,0.0,1,OK
2026-08-09 05:28:12,1961,0.2472,0.0257,0.0,15.0,0.05,0.0,15.74,-15.03,-6.93,0.0,1,OK
2026-08-09 05:28:12,1962,0.2512,0.0188,0.0,15.0,0.05,0.0,15.79,-12.15,-6.75,0.0,1,OK
2026-08-09 05:28:12,1963,0.2413,0.0218,0.0,15.0,0.05,0.0,15.79,-12.15,-6.75,0.0,1,OK
2026-08-09 05:28:12,1964,0.2433,0.0205,0.0,15.0,0.04,0.0,15.83,-13.13,-7.11,0.0,1,OK
2026-08-09 05:28:12,1965,0.2469,0.0243,0.0,15.0,0.04,0.0,15.83,-13.13,-7.11,0.0,1,OK
