timestamp,frame,ear,mar,perclos,blink_rate,score,microsleep_duration,pose_pitch,pose_yaw,pose_roll,pose_score,eyes_reliable,alert_level
2026-08-09 05:24:44,0,0.2142,0.1131,0.0,,0.0,0.0,-1.93,9.21,3.05,0.0,1,OK
2026-08-09 05:24:44,1,0.1982,0.1018,0.0,,0.0,0.0,-1.93,9.21,3.05,0.0,1,OK
2026-08-09 05:24:44,2,0.21,0.0991,0.0,,0.0,0.0,-2.44,11.58,3.33,0.0,1,OK
2026-08-09 05:24:44,3,0.2171,0.1004,0.0,,0.0,0.0,-2.44,11.58,3.33,0.0,1,OK
2026-08-09 05:24:44,4,0.2045,0.0839,0.0,,0.0,0.0,0.55,12.94,3.15,0.0,1,OK
2026-08-09 05:24:44,5,0.1992,0.0547,0.0,,0.0,0.0,0.55,12.94,3.15,0.0,1,OK
2026-08-09 05:24:44,6,0.2,0.0453,0.0,,0.0,0.0,-1.37,14.42,2.85,0.0,1,OK
2026-08-09 05:24:44,7,0.222,0.0544,0.0,,0.0,0.0,-1.37,14.42,2.85,0.0,1,OK
2026-08-09 05:24:44,8,0.2308,0.0322,0.0,,0.0,0.0,-1.56,14.4,2.23,0.0,1,OK
2026-08-09 05:24:44,9,0.2531,0.0064,0.0,,0.0,0.0,-1.56,14.4,2.23,0.0,1,OK
2026-08-09 05:24:44,10,0.2872,0.0879,0.0,,0.0,0.0,-8.79,11.82,1.49,0.0,1,OK
2026-08-09 05:24:44,11,0.3054,0.074,0.0,,0.0,0.0,-8.79,11.82,1.49,0.0,1,OK
2026-08-09 05:24:44,12,0.3149,0.1115,0.0,,0.0,0.0,2.77,2.26,0.61,0.0,1,OK
2026-08-09 05:24:44,13,0.2872,0.0976,0.0,,0.0,0.0,2.77,2.26,0.61,0.0,1,OK
2026-08-09 05:24:44,14,0.2861,0.086,0.0,,0.0,0.0,-8.02,2.59,0.41,0.0,1,OK
2026-08-09 05:24:44,15,0.2939,0.0767,0.0,,0.0,0.0,-8.02,2.59,0.41,0.0,1,OK
2026-08-09 05:24:44,16,0.2327,0.0643,0.0,,0.0,0.0,-9.29,2.48,1.65,0.0,1,OK
2026-08-09 05:24:44,17,0.217,0.06,0.0,,0.0,0.0,-9.29,2.48,1.65,0.0,1,OK
2026-08-09 05:24:45,18,0.2414,0.0351,0.0,,0.0,0.0,-2.35,4.58,3.08,0.0,1,OK
2026-08-09 05:24:45,19,0.2371,0.027,0.0,,0.0,0.0,-2.35,4.58,3.08,0.0,1,OK
2026-08-09 05:24:45,20,0.2218,0.0089,0.0,,0.0,0.0,18.54,1.47,3.06,0.0,1,OK
2026-08-09 05:24:45,21,0.2068,0.0062,0.0,,0.0,0.0,18.54,1.47,3.06,0.0,1,OK
2026-08-09 05:24:45,22,0.2541,0.0106,0.0,,0.0,0.0,23.45,-1.66,1.92,0.0,1,OK
2026-08-09 05:24:45,23,0.2855,0.0178,0.0,,0.0,0.0,23.45,-1.66,1.92,0.0,1,OK
2026-08-09 05:24:45,24,0.3051,0.016,0.0,,0.0,0.0,13.24,1.3,2.23,0.0,1,OK
2026-08-09 05:24:45,25,0.3392,0.0136,0.0,,0.0,0.0,13.24,1.3,2.23,0.0,1,OK
2026-08-09 05:24:45,26,0.3468,0.0146,0.0,,0.0,0.0,13.46,3.02,2.92,0.0,1,OK
2026-08-09 05:24:45,27,0.3428,0.0198,0.0,,0.0,0.0,13.46,3.02,2.92,0.0,1,OK
2026-08-09 05:24:45,28,0.3227,0.0183,0.0,,0.0,0.0,9.02,3.0,2.73,0.0,1,OK
2026-08-09 05:24:45,29,0.3292,0.0176,0.0,,0.0,0.0,9.02,3.0,2.73,0.0,1,OK
2026-08-09 05:24:45,30,0.3486,0.0222,0.0,,0.0,0.0,10.8,2.93,4.51,0.0,1,OK
2026-08-09 05:24:45,31,0.3484,0.0191,0.0,,0.0,0.0,10.8,2.93,4.51,0.0,1,OK
2026-08-09 05:24:45,32,0.343,0.0223,0.0,,0.0,0.0,11.72,1.87,3.13,0.0,1,OK
2026-08-09 05:24:45,33,0.3356,0.0179,0.0,,0.0,0.0,11.72,1.87,3.13,0.0,1,OK
2026-08-09 05:24:45,34,0.3392,0.03,0.0,,0.0,0.0,13.42,0.88,2.66,0.0,1,OK
2026-08-09 05:24:45,35,0.3384,0.0209,0.0,,0.0,0.0,13.42,0.88,2.66,0.0,1,OK
2026-08-09 05:24:45,36,0.323,0.012,0.0,,0.0,0.0,19.47,-2.5,3.06,0.0,1,OK
2026-08-09 05:24:45,37,0.3527,0.0118,0.0,,0.0,0.0,19.47,-2.5,3.06,0.0,1,OK
2026-08-09 05:24:45,38,0.3419,0.0251,0.0,,0.0,0.0,-1.25,12.07,2.39,0.0,1,OK
2026-08-09 05:24:45,39,0.3645,0.0466,0.0,,0.0,0.0,-1.25,12.07,2.39,0.0,1,OK
2026-08-09 05:24:45,40,0.336,0.0798,0.0,,0.0,0.0,-4.61,19.67,2.46,0.0,1,OK
2026-08-09 05:24:45,41,0.33,0.0954,0.0,,0.0,0.0,-4.61,19.67,2.46,0.0,1,OK
2026-08-09 05:24:45,42,0.2992,0.2266,0.0,,0.0,0.0,1.85,15.31,3.21,0.0,1,OK
2026-08-09 05:24:45,43,0.2664,0.0789,0.0,,0.0,0.0,1.85,15.31,3.21,0.0,1,OK
2026-08-09 05:24:45,44,0.203,0.0711,0.0,,0.0,0.0,1.49,14.82,1.16,0.0,1,OK
2026-08-09 05:24:45,45,0.1467,0.0713,0.0,,1.63,0.033,1.49,14.82,1.16,0.0,1,OK
2026-08-09 05:24:45,46,0.1951,0.0173,0.0,,1.56,0.033,-2.75,14.04,0.34,0.0,1,OK
2026-08-09 05:24:45,47,0.2149,0.0204,0.0,,1.5,0.033,-2.75,14.04,0.34,0.0,1,OK
2026-08-09 05:24:46,48,0.23,0.0195,0.0,,1.41,0.0,-0.15,16.27,0.5,0.0,1,OK
2026-08-09 05:24:46,49,0.2461,0.0113,0.0,,1.33,0.0,-0.15,16.27,0.5,0.0,1,OK
2026-08-09 05:24:46,50,0.2372,0.0065,0.0,,1.25,0.0,-1.72,11.69,0.67,0.0,1,OK
2026-08-09 05:24:46,51,0.2294,0.0155,0.0,,1.17,0.0,-1.72,11.69,0.67,0.0,1,OK
2026-08-09 05:24:46,52,0.2384,0.0136,0.0,,1.1,0.0,-2.54,8.6,-0.28,0.0,1,OK
2026-08-09 05:24:46,53,0.2499,0.0154,0.0,,1.04,0.0,-2.54,8.6,-0.28,0.0,1,OK
2026-08-09 05:24:46,54,0.229,0.0019,0.0,,0.97,0.0,-4.51,7.29,-0.18,0.0,1,OK
2026-08-09 05:24:46,55,0.2342,0.0002,0.0,,0.92,0.0,-4.51,7.29,-0.18,0.0,1,OK
2026-08-09 05:24:46,56,0.226,0.0016,0.0,,0.86,0.0,-6.38,6.69,-0.09,0.0,1,OK
2026-08-09 05:24:46,57,0.2221,0.0043,0.0,,0.81,0.0,-6.38,6.69,-0.09,0.0,1,OK
2026-08-09 05:24:46,58,0.2313,0.0087,0.0,,0.76,0.0,-6.58,4.59,-0.12,0.0,1,OK
2026-08-09 05:24:46,59,0.2207,0.0062,0.0,,0.72,0.0,-6.58,4.59,-0.12,0.0,1,OK
2026-08-09 05:24:46,60,0.204,0.0058,0.0,,0.67,0.0,-8.3,3.12,-1.05,0.0,1,OK
2026-08-09 05:24:46,61,0.2224,0.0015,0.0,,0.63,0.0,-8.3,3.12,-1.05,0.0,1,OK
2026-08-09 05:24:46,62,0.2252,0.003,0.0,,0.59,0.0,-6.78,4.77,-1.63,0.0,1,OK
2026-08-09 05:24:46,63,0.2208,0.0046,0.0,,0.56,0.0,-6.78,4.77,-1.63,0.0,1,OK
2026-08-09 05:24:46,64,0.1576,0.002,0.0,,1.52,0.033,-8.86,6.17,-1.59,0.0,1,OK
2026-08-09 05:24:46,65,0.1081,0.0034,0.0,,4.85,0.065,-8.86,6.17,-1.59,0.0,1,OK
2026-08-09 05:24:46,66,0.1059,0.0032,0.0448,,7.68,0.098,-10.36,7.32,-1.34,0.0,1,OK
2026-08-09 05:24:46,67,0.0913,0.0076,0.0588,,10.43,0.131,-10.36,7.32,-1.34,0.0,1,OK
2026-08-09 05:24:46,68,0.1308,0.0073,0.0725,,11.04,0.163,-10.66,5.69,-2.28,0.0,1,OK
2026-08-09 05:24:46,69,0.1509,0.0024,0.0857,,10.93,0.196,-10.66,5.69,-2.28,0.0,1,OK
2026-08-09 05:24:46,70,0.1739,0.0034,0.0986,,10.55,0.228,-10.02,9.75,-2.05,0.0,1,OK
2026-08-09 05:24:46,71,0.2075,0.0049,0.0972,,10.14,0.228,-10.02,9.75,-2.05,0.0,1,OK
2026-08-09 05:24:46,72,0.2168,0.0025,0.0959,,9.77,0.228,-8.39,9.6,-1.92,0.0,1,OK
2026-08-09 05:24:46,73,0.2242,0.009,0.0946,,9.18,0.0,-8.39,9.6,-1.92,0.0,1,OK
2026-08-09 05:24:46,74,0.2271,0.0046,0.0933,,8.63,0.0,-7.78,12.42,-1.57,0.0,1,OK
2026-08-09 05:24:46,75,0.2256,0.004,0.0921,,8.11,0.0,-7.78,12.42,-1.57,0.0,1,OK
2026-08-09 05:24:46,76,0.2175,0.0011,0.0909,,7.62,0.0,-7.26,12.06,-0.79,0.0,1,OK
2026-08-09 05:24:46,77,0.2321,0.0011,0.0897,,7.17,0.0,-7.26,12.06,-0.79,0.0,1,OK
2026-08-09 05:24:47,78,0.2341,0.002,0.0886,,6.74,0.0,-7.42,14.33,-0.89,0.0,1,OK
2026-08-09 05:24:47,79,0.2347,0.009,0.0875,,6.33,0.0,-7.42,14.33,-0.89,0.0,1,OK
2026-08-09 05:24:47,80,0.2431,0.0044,0.0864,,5.95,0.0,-8.61,11.34,-0.61,0.0,1,OK
2026-08-09 05:24:47,81,0.2229,0.003,0.0854,,5.6,0.0,-8.61,11.34,-0.61,0.0,1,OK
2026-08-09 05:24:47,82,0.2298,0.0068,0.0843,,5.26,0.0,-6.69,14.22,-0.15,0.0,1,OK
2026-08-09 05:24:47,83,0.2319,0.0026,0.0833,,4.94,0.0,-6.69,14.22,-0.15,0.0,1,OK
2026-08-09 05:24:47,84,0.2148,0.0084,0.0824,,4.65,0.0,-7.46,12.78,-0.24,0.0,1,OK
2026-08-09 05:24:47,85,0.2321,0.0041,0.0814,,4.37,0.0,-7.46,12.78,-0.24,0.0,1,OK
2026-08-09 05:24:47,86,0.2409,0.0005,0.0805,,4.11,0.0,-7.89,13.22,-0.2,0.0,1,OK
2026-08-09 05:24:47,87,0.22,0.0113,0.0795,,3.86,0.0,-7.89,13.22,-0.2,0.0,1,OK
2026-08-09 05:24:47,88,0.2264,0.021,0.0787,,3.63,0.0,-8.32,11.8,-0.35,0.0,1,OK
2026-08-09 05:24:47,89,0.2195,0.0107,0.0778,,3.41,0.0,-8.32,11.8,-0.35,0.0,1,OK
2026-08-09 05:24:47,90,0.2275,0.0319,0.0769,,3.21,0.0,-7.6,15.45,-0.32,0.0,1,OK
2026-08-09 05:24:47,91,0.2251,0.0491,0.0761,,3.01,0.0,-7.6,15.45,-0.32,0.0,1,OK
2026-08-09 05:24:47,92,0.2286,0.0738,0.0753,,2.83,0.0,-7.08,18.49,-0.63,0.0,1,OK
2026-08-09 05:24:47,93,0.2221,0.1598,0.0745,,2.66,0.0,-7.08,18.49,-0.63,0.0,1,OK
2026-08-09 05:24:47,94,0.2263,0.1178,0.0737,,2.5,0.0,-5.82,20.49,-0.06,0.0,1,OK
2026-08-09 05:24:47,95,0.2134,0.1112,0.0729,,2.35,0.0,-5.82,20.49,-0.06,0.0,1,OK
2026-08-09 05:24:47,96,0.212,0.1303,0.0722,,2.21,0.0,-4.09,19.62,0.13,0.0,1,OK
2026-08-09 05:24:47,97,0.2103,0.1316,0.0714,,2.08,0.0,-4.09,19.62,0.13,0.0,1,OK
2026-08-09 05:24:47,98,0.2178,0.1169,0.0707,,1.95,0.0,-3.45,17.43,0.85,0.0,1,OK
2026-08-09 05:24:47,99,0.226,0.1068,0.07,,1.84,0.0,-3.45,17.43,0.85,0.0,1,OK
2026-08-09 05:24:47,100,0.2051,0.0993,0.0693,,1.73,0.0,-5.52,16.71,0.47,0.0,1,OK
2026-08-09 05:24:47,101,0.1124,0.0897,0.0686,,4.68,0.033,-5.52,16.71,0.47,0.0,1,OK
2026-08-09 05:24:47,102,0.1085,0.0534,0.068,,7.3,0.065,-9.45,15.46,-0.79,0.0,1,OK
2026-08-09 05:24:47,103,0.0916,0.0501,0.0962,,10.01,0.098,-9.45,15.46,-0.79,0.0,1,OK
2026-08-09 05:24:47,104,0.1229,0.062,0.1048,,11.09,0.13,-9.32,13.58,-0.55,0.0,1,OK
2026-08-09 05:24:47,105,0.1448,0.0441,0.1132,,11.14,0.163,-9.32,13.58,-0.55,0.0,1,OK
2026-08-09 05:24:47,106,0.1768,0.054,0.1215,,10.8,0.195,-8.47,14.87,-0.51,0.0,1,OK
2026-08-09 05:24:47,107,0.1832,0.032,0.1204,,10.47,0.195,-8.47,14.87,-0.51,0.0,1,OK
2026-08-09 05:24:48,108,0.1949,0.0322,0.1193,,10.16,0.195,-9.31,10.73,0.15,0.0,1,OK
2026-08-09 05:24:48,109,0.2138,0.0448,0.1182,,9.66,0.0,-9.31,10.73,0.15,0.0,1,OK
2026-08-09 05:24:48,110,0.2025,0.0332,0.1171,,9.18,0.0,-9.54,10.91,0.11,0.0,1,OK
2026-08-09 05:24:48,111,0.2297,0.0454,0.1161,,8.73,0.0,-9.54,10.91,0.11,0.0,1,OK
2026-08-09 05:24:48,112,0.2274,0.0297,0.115,,8.29,0.0,-8.82,8.67,0.88,0.0,1,OK
2026-08-09 05:24:48,113,0.217,0.0322,0.114,,7.88,0.0,-8.82,8.67,0.88,0.0,1,OK
2026-08-09 05:24:48,114,0.2166,0.0313,0.113,,7.48,0.0,-9.96,6.95,0.53,0.0,1,OK
2026-08-09 05:24:48,115,0.2138,0.0509,0.1121,,7.11,0.0,-9.96,6.95,0.53,0.0,1,OK
2026-08-09 05:24:48,116,0.2111,0.0308,0.1111,,6.75,0.0,-9.81,5.58,0.46,0.0,1,OK
2026-08-09 05:24:48,117,0.2185,0.0244,0.1102,,6.4,0.0,-9.81,5.58,0.46,0.0,1,OK
2026-08-09 05:24:48,118,0.2174,0.0271,0.1092,,6.08,0.0,-9.83,7.43,0.93,0.0,1,OK
2026-08-09 05:24:48,119,0.2233,0.0104,0.1083,,5.76,0.0,-9.83,7.43,0.93,0.0,1,OK
2026-08-09 05:24:48,120,0.2149,0.0151,0.1074,,5.46,0.0,-9.54,4.84,1.64,0.0,1,OK
2026-08-09 05:24:48,121,0.202,0.0226,0.1066,,5.17,0.0,-9.54,4.84,1.64,0.0,1,OK
2026-08-09 05:24:48,122,0.2267,0.0092,0.1057,,4.9,0.0,-8.74,7.9,1.61,0.0,1,OK
2026-08-09 05:24:48,123,0.2171,0.0081,0.1048,,4.63,0.0,-8.74,7.9,1.61,0.0,1,OK
2026-08-09 05:24:48,124,0.2242,0.003,0.104,,4.38,0.0,-7.15,7.35,1.19,0.0,1,OK
2026-08-09 05:24:48,125,0.229,0.0097,0.1032,,4.13,0.0,-7.15,7.35,1.19,0.0,1,OK
2026-08-09 05:24:48,126,0.2243,0.0008,0.1024,,3.9,0.0,-8.45,5.69,1.44,0.0,1,OK
2026-08-09 05:24:48,127,0.2196,0.0021,0.1016,,3.67,0.0,-8.45,5.69,1.44,0.0,1,OK
2026-08-09 05:24:48,128,0.2192,0.0009,0.1008,,3.46,0.0,-7.98,5.15,1.97,0.0,1,OK
2026-08-09 05:24:48,129,0.2209,0.0026,0.1,,3.25,0.0,-7.98,5.15,1.97,0.0,1,OK
2026-08-09 05:24:48,130,0.208,0.0052,0.0992,,3.06,0.0,-8.64,2.83,2.0,0.0,1,OK
2026-08-09 05:24:48,131,0.2238,0.0023,0.0985,,2.87,0.0,-8.64,2.83,2.0,0.0,1,OK
2026-08-09 05:24:48,132,0.2171,0.0045,0.0977,,2.7,0.0,-8.67,3.01,1.79,0.0,1,OK
2026-08-09 05:24:48,133,0.2153,0.0068,0.097,,2.54,0.0,-8.67,3.01,1.79,0.0,1,OK
2026-08-09 05:24:48,134,0.2052,0.0033,0.0963,,2.39,0.0,-8.32,4.66,1.91,0.0,1,OK
2026-08-09 05:24:48,135,0.2188,0.006,0.0956,,2.24,0.0,-8.32,4.66,1.91,0.0,1,OK
2026-08-09 05:24:48,136,0.2049,0.0072,0.0949,,2.11,0.0,-7.98,2.66,1.68,0.0,1,OK
2026-08-09 05:24:48,137,0.2043,0.0167,0.0942,,1.98,0.0,-7.98,2.66,1.68,0.0,1,OK
2026-08-09 05:24:48,138,0.1913,0.0037,0.0935,,1.86,0.0,-8.54,3.77,1.87,0.0,1,OK
2026-08-09 05:24:49,139,0.1146,0.0066,0.0929,,4.67,0.033,-8.54,3.77,1.87,0.0,1,OK
2026-08-09 05:24:49,140,0.097,0.0025,0.0922,,7.85,0.065,-8.32,8.06,1.49,0.0,1,OK
2026-08-09 05:24:49,141,0.0999,0.0171,0.1127,,10.6,0.098,-8.32,8.06,1.49,0.0,1,OK
2026-08-09 05:24:49,142,0.1081,0.0154,0.1189,,12.59,0.13,-10.35,2.35,1.38,0.0,1,OK
2026-08-09 05:24:49,143,0.1119,0.0328,0.125,,14.21,0.163,-10.35,2.35,1.38,0.0,1,OK
2026-08-09 05:24:49,144,0.1407,0.0216,0.131,,14.29,0.195,-7.73,7.46,1.06,0.0,1,OK
2026-08-09 05:24:49,145,0.1471,0.0079,0.137,,14.29,0.228,-7.73,7.46,1.06,0.0,1,OK
2026-08-09 05:24:49,146,0.1641,0.0149,0.1429,,14.13,0.26,-8.04,6.03,1.14,0.0,1,OK
2026-08-09 05:24:49,147,0.165,0.013,0.1486,,14.03,0.293,-8.04,6.03,1.14,0.0,1,OK
2026-08-09 05:24:49,148,0.1813,0.0144,0.1477,,13.77,0.293,-8.28,4.3,1.63,0.0,1,OK
2026-08-09 05:24:49,149,0.195,0.0128,0.1467,,13.52,0.293,-8.28,4.3,1.63,0.0,1,OK
2026-08-09 05:24:49,150,0.1899,0.0173,0.1457,,12.98,0.0,-7.94,6.59,1.68,0.0,1,OK
2026-08-09 05:24:49,151,0.2015,0.0023,0.1447,,12.47,0.0,-7.94,6.59,1.68,0.0,1,OK
2026-08-09 05:24:49,152,0.2088,0.0031,0.1438,,11.98,0.0,-6.37,4.16,2.44,0.0,1,OK
2026-08-09 05:24:49,153,0.2129,0.0025,0.1438,,11.53,0.0,-6.37,4.16,2.44,0.0,1,OK
2026-08-09 05:24:49,154,0.2214,0.0309,0.1438,,11.1,0.0,-4.63,5.72,2.59,0.0,1,OK
2026-08-09 05:24:49,155,0.2022,0.0034,0.1438,,10.7,0.0,-4.63,5.72,2.59,0.0,1,OK
2026-08-09 05:24:49,156,0.2123,0.018,0.1438,,10.32,0.0,-2.18,8.59,2.57,0.0,1,OK
2026-08-09 05:24:49,157,0.2071,0.0081,0.1438,,9.96,0.0,-2.18,8.59,2.57,0.0,1,OK
2026-08-09 05:24:49,158,0.2197,0.0257,0.1438,,9.63,0.0,-1.3,8.0,2.99,0.0,1,OK
2026-08-09 05:24:49,159,0.2224,0.016,0.1438,,9.31,0.0,-1.3,8.0,2.99,0.0,1,OK
2026-08-09 05:24:49,160,0.2239,0.0219,0.1438,,9.02,0.0,1.68,8.74,3.38,0.0,1,OK
2026-08-09 05:24:49,161,0.2252,0.0166,0.1438,,8.74,0.0,1.68,8.74,3.38,0.0,1,OK
2026-08-09 05:24:49,162,0.2271,0.0268,0.1438,,8.48,0.0,4.88,10.83,3.07,0.0,1,OK
2026-08-09 05:24:49,163,0.2406,0.0257,0.1438,,8.23,0.0,4.88,10.83,3.07,0.0,1,OK
2026-08-09 05:24:49,164,0.2393,0.0335,0.1438,,8.0,0.0,6.4,12.32,3.44,0.0,1,OK
2026-08-09 05:24:49,165,0.2429,0.0263,0.1438,,7.78,0.0,6.4,12.32,3.44,0.0,1,OK
2026-08-09 05:24:49,166,0.2584,0.0389,0.1438,,7.58,0.0,8.62,16.11,3.94,0.0,1,OK
2026-08-09 05:24:49,167,0.259,0.0369,0.1438,,7.39,0.0,8.62,16.11,3.94,0.0,1,OK
2026-08-09 05:24:49,168,0.2619,0.0348,0.1438,,7.21,0.0,9.71,13.17,3.8,0.0,1,OK
2026-08-09 05:24:50,169,0.2633,0.0239,0.1438,,7.04,0.0,9.71,13.17,3.8,0.0,1,OK
2026-08-09 05:24:50,170,0.2813,0.0236,0.1438,,6.88,0.0,11.53,13.51,4.11,0.0,1,OK
2026-08-09 05:24:50,171,0.2803,0.03,0.1438,,6.73,0.0,11.53,13.51,4.11,0.0,1,OK
2026-08-09 05:24:50,172,0.2889,0.0232,0.1438,,6.59,0.0,11.58,14.82,3.93,0.0,1,OK
2026-08-09 05:24:50,173,0.2889,0.0204,0.1438,,6.45,0.0,11.58,14.82,3.93,0.0,1,OK
2026-08-09 05:24:50,174,0.2993,0.0272,0.1438,,6.33,0.0,13.62,11.56,3.68,0.0,1,OK
2026-08-09 05:24:50,175,0.2987,0.0213,0.1438,,6.21,0.0,13.62,11.56,3.68,0.0,1,OK
2026-08-09 05:24:50,176,0.3074,0.0103,0.1438,,6.1,0.0,16.03,4.63,3.2,0.0,1,OK
2026-08-09 05:24:50,177,0.2944,0.0203,0.1438,,6.0,0.0,16.03,4.63,3.2,0.0,1,OK
2026-08-09 05:24:50,178,0.3026,0.0148,0.1438,,5.9,0.0,16.89,7.35,3.52,0.0,1,OK
2026-08-09 05:24:50,179,0.293,0.021,0.1438,,5.81,0.0,16.89,7.35,3.52,0.0,1,OK
2026-08-09 05:24:50,180,0.2918,0.0227,0.1438,,5.72,0.0,17.43,7.39,3.47,0.0,1,OK
2026-08-09 05:24:50,181,0.3048,0.0152,0.1438,,5.64,0.0,17.43,7.39,3.47,0.0,1,OK
2026-08-09 05:24:50,182,0.2851,0.0191,0.1438,,5.57,0.0,17.74,6.56,3.71,0.0,1,OK
2026-08-09 05:24:50,183,0.2977,0.0326,0.1438,,5.5,0.0,17.74,6.56,3.71,0.0,1,OK
2026-08-09 05:24:50,184,0.3008,0.0232,0.1438,,5.43,0.0,17.49,2.27,3.18,0.0,1,OK
2026-08-09 05:24:50,185,0.2967,0.0232,0.1438,,5.37,0.0,17.49,2.27,3.18,0.0,1,OK
2026-08-09 05:24:50,186,0.2927,0.018,0.1438,,5.31,0.0,16.84,4.55,3.3,0.0,1,OK
2026-08-09 05:24:50,187,0.2975,0.0203,0.1438,,5.25,0.0,16.84,4.55,3.3,0.0,1,OK
2026-08-09 05:24:50,188,0.2948,0.014,0.1438,,5.2,0.0,17.41,1.73,2.83,0.0,1,OK
2026-08-09 05:24:50,189,0.2799,0.0247,0.1438,,5.15,0.0,17.41,1.73,2.83,0.0,1,OK
2026-08-09 05:24:50,190,0.2296,0.0167,0.1438,,5.1,0.0,15.7,2.54,2.72,0.0,1,OK
2026-08-09 05:24:50,191,0.2301,0.035,0.1438,,5.06,0.0,15.7,2.54,2.72,0.0,1,OK
2026-08-09 05:24:50,192,0.2242,0.0259,0.1438,,5.02,0.0,14.41,4.24,2.73,0.0,1,OK
2026-08-09 05:24:50,193,0.227,0.0283,0.1438,,4.98,0.0,14.41,4.24,2.73,0.0,1,OK
2026-08-09 05:24:50,194,0.2245,0.0228,0.1438,,4.94,0.0,14.55,3.06,2.41,0.0,1,OK
2026-08-09 05:24:50,195,0.2336,0.0291,0.1438,,4.91,0.0,14.55,3.06,2.41,0.0,1,OK
2026-08-09 05:24:50,196,0.2246,0.0372,0.1438,,4.88,0.0,13.34,4.36,2.37,0.0,1,OK
2026-08-09 05:24:50,197,0.2036,0.0336,0.1438,,4.85,0.0,13.34,4.36,2.37,0.0,1,OK
2026-08-09 05:24:50,198,0.2037,0.0341,0.1438,,4.82,0.0,12.5,4.27,2.64,0.0,1,OK
2026-08-09 05:24:50,199,0.189,0.0378,0.1438,,4.79,0.0,12.5,4.27,2.64,0.0,1,OK
2026-08-09 05:24:51,200,0.1731,0.0312,0.1438,,5.02,0.033,12.23,-7.78,2.18,0.0,1,OK
2026-08-09 05:24:51,201,0.1812,0.0241,0.1438,,5.01,0.033,12.23,-7.78,2.18,0.0,1,OK
2026-08-09 05:24:51,202,0.173,0.0239,0.1438,,5.31,0.065,11.25,-0.58,2.75,0.0,1,OK
2026-08-09 05:24:51,203,0.1767,0.0207,0.1438,,5.49,0.098,11.25,-0.58,2.75,0.0,1,OK
2026-08-09 05:24:51,204,0.1828,0.0172,0.1429,,5.58,0.097,9.95,-10.33,1.62,0.0,1,OK
2026-08-09 05:24:51,205,0.1756,0.0279,0.1429,,5.85,0.13,9.95,-10.33,1.62,0.0,1,OK
2026-08-09 05:24:51,206,0.1614,0.0279,0.1429,,6.88,0.162,8.65,-17.04,1.84,0.0,1,OK
2026-08-09 05:24:51,207,0.1661,0.0215,0.1623,,7.99,0.194,8.65,-17.04,1.84,0.0,1,OK
2026-08-09 05:24:51,208,0.1749,0.0523,0.1688,,8.69,0.227,9.12,-16.25,2.15,0.0,1,OK
2026-08-09 05:24:51,209,0.1665,0.0179,0.1753,,9.92,0.259,9.12,-16.25,2.15,0.0,1,OK
2026-08-09 05:24:51,210,0.1691,0.0284,0.1818,,11.0,0.291,7.63,-13.64,2.54,0.0,1,OK
2026-08-09 05:24:51,211,0.1706,0.0444,0.1883,,12.04,0.324,7.63,-13.64,2.54,0.0,1,OK
2026-08-09 05:24:51,212,0.1636,0.0291,0.1948,,13.46,0.356,6.88,-13.52,2.96,0.0,1,OK
2026-08-09 05:24:51,213,0.1581,0.0415,0.2013,,15.1,0.389,6.88,-13.52,2.96,0.0,1,OK
2026-08-09 05:24:51,214,0.1808,0.0176,0.2013,,15.44,0.389,7.26,-14.97,2.51,0.0,1,OK
2026-08-09 05:24:51,215,0.1566,0.0386,0.2013,,16.85,0.421,7.26,-14.97,2.51,0.0,1,OK
2026-08-09 05:24:51,216,0.1714,0.0348,0.2013,,17.32,0.453,7.52,-13.72,2.93,0.0,1,OK
2026-08-09 05:24:51,217,0.159,0.0311,0.2208,,18.86,0.486,7.52,-13.72,2.93,0.0,1,OK
2026-08-09 05:24:51,218,0.1682,0.0331,0.2208,,19.72,0.518,7.64,-15.1,2.79,0.0,1,OK
2026-08-09 05:24:51,219,0.1594,0.0289,0.2208,,20.95,0.551,7.64,-15.1,2.79,0.0,1,OK
2026-08-09 05:24:51,220,0.1603,0.0277,0.2208,,21.98,0.583,7.76,-15.84,3.01,0.0,1,OK
2026-08-09 05:24:51,221,0.1624,0.0331,0.2208,,22.8,0.615,7.76,-15.84,3.01,0.0,1,OK
2026-08-09 05:24:51,222,0.1518,0.0339,0.2078,,23.81,0.648,7.13,-15.65,2.9,0.0,1,OK
2026-08-09 05:24:51,223,0.1632,0.028,0.2143,,24.28,0.68,7.13,-15.65,2.9,0.0,1,OK
2026-08-09 05:24:51,224,0.1647,0.0295,0.2208,,24.84,0.712,6.62,-17.48,2.9,0.0,1,OK
2026-08-09 05:24:51,225,0.1727,0.0342,0.2273,,25.15,0.745,6.62,-17.48,2.9,0.0,1,OK
2026-08-09 05:24:51,226,0.1635,0.0272,0.2338,,26.1,0.777,6.68,-17.44,3.13,0.0,1,OK
2026-08-09 05:24:51,227,0.1732,0.0309,0.2403,,26.62,0.81,6.68,-17.44,3.13,0.0,1,OK
2026-08-09 05:24:51,228,0.1705,0.0204,0.2468,,27.43,0.842,6.77,-16.24,3.13,0.0,1,OK
2026-08-09 05:24:51,229,0.1905,0.0348,0.2468,,27.74,0.842,6.77,-16.24,3.13,0.0,1,OK
2026-08-09 05:24:52,230,0.2322,0.0291,0.2468,,27.98,0.842,9.01,-17.31,2.14,0.0,1,OK
2026-08-09 05:24:52,231,0.2491,0.0328,0.2468,,27.18,0.0,9.01,-17.31,2.14,0.0,1,OK
2026-08-09 05:24:52,232,0.2463,0.0286,0.2468,,26.43,0.0,7.83,-18.15,2.43,0.0,1,OK
2026-08-09 05:24:52,233,0.2697,0.0454,0.2468,,25.72,0.0,7.83,-18.15,2.43,0.0,1,OK
2026-08-09 05:24:52,234,0.2553,0.0511,0.2468,,25.06,0.0,8.75,9.24,4.81,0.0,1,OK
2026-08-09 05:24:52,235,0.2418,0.0294,0.2468,,24.44,0.0,8.75,9.24,4.81,0.0,1,OK
2026-08-09 05:24:52,236,0.2652,0.0386,0.2468,,23.85,0.0,7.49,-17.59,2.31,0.0,1,OK
2026-08-09 05:24:52,237,0.2727,0.0271,0.2468,,23.3,0.0,7.49,-17.59,2.31,0.0,1,OK
2026-08-09 05:24:52,238,0.2608,0.0331,0.2468,,22.78,0.0,7.12,-17.51,2.23,0.0,1,OK
2026-08-09 05:24:52,239,0.2525,0.0493,0.2468,,22.3,0.0,7.12,-17.51,2.23,0.0,1,OK
2026-08-09 05:24:52,240,0.2667,0.0438,0.2468,,21.84,0.0,7.71,-17.71,2.07,0.0,1,OK
2026-08-09 05:24:52,241,0.275,0.0264,0.2468,,21.41,0.0,7.71,-17.71,2.07,0.0,1,OK
2026-08-09 05:24:52,242,0.2611,0.0352,0.2468,,21.0,0.0,7.38,-18.71,2.2,0.0,1,OK
2026-08-09 05:24:52,243,0.2698,0.0354,0.2468,,20.63,0.0,7.38,-18.71,2.2,0.0,1,OK
2026-08-09 05:24:52,244,0.262,0.0421,0.2468,,20.27,0.0,7.16,-17.49,2.1,0.0,1,OK
2026-08-09 05:24:52,245,0.2673,0.0216,0.2468,,19.93,0.0,7.16,-17.49,2.1,0.0,1,OK
2026-08-09 05:24:52,246,0.2659,0.0217,0.2468,,19.62,0.0,6.97,-16.33,2.38,0.0,1,OK
2026-08-09 05:24:52,247,0.2627,0.0255,0.2468,,19.32,0.0,6.97,-16.33,2.38,0.0,1,OK
2026-08-09 05:24:52,248,0.2846,0.0336,0.2468,,19.04,0.0,6.13,-17.62,2.63,0.0,1,OK
2026-08-09 05:24:52,249,0.2605,0.0316,0.2468,,18.78,0.0,6.13,-17.62,2.63,0.0,1,OK
2026-08-09 05:24:52,250,0.242,0.0211,0.2468,,18.53,0.0,5.95,9.28,4.11,0.0,1,OK
2026-08-09 05:24:52,251,0.1797,0.0217,0.2468,,18.3,0.0,5.95,9.28,4.11,0.0,1,OK
2026-08-09 05:24:52,252,0.1357,0.0342,0.2468,,19.68,0.032,2.01,1.1,3.47,0.0,1,OK
2026-08-09 05:24:52,253,0.1289,0.0261,0.2468,,21.21,0.065,2.01,1.1,3.47,0.0,1,OK
2026-08-09 05:24:52,254,0.1607,0.0177,0.2662,,21.37,0.097,-0.67,5.71,2.99,0.0,1,OK
2026-08-09 05:24:52,255,0.1787,0.0192,0.2597,,21.14,0.097,-0.67,5.71,2.99,0.0,1,OK
2026-08-09 05:24:52,256,0.1826,0.0128,0.2532,,20.89,0.097,-0.81,7.42,2.8,0.0,1,OK
2026-08-09 05:24:52,257,0.1955,0.0148,0.2468,,20.52,0.0,-0.81,7.42,2.8,0.0,1,OK
2026-08-09 05:24:52,258,0.2044,0.009,0.2273,,20.05,0.0,-2.15,7.56,2.72,0.0,1,OK
2026-08-09 05:24:52,259,0.2125,0.012,0.2273,,19.61,0.0,-2.15,7.56,2.72,0.0,1,OK
2026-08-09 05:24:53,260,0.209,0.0118,0.2273,,19.2,0.0,-2.97,7.01,2.48,0.0,1,OK
2026-08-09 05:24:53,261,0.2165,0.012,0.2273,,18.81,0.0,-2.97,7.01,2.48,0.0,1,OK
2026-08-09 05:24:53,262,0.2207,0.0056,0.2273,,18.45,0.0,-2.32,7.47,2.74,0.0,1,OK
2026-08-09 05:24:53,263,0.2285,0.0021,0.2273,,18.1,0.0,-2.32,7.47,2.74,0.0,1,OK
2026-08-09 05:24:53,264,0.2281,0.0286,0.2273,,17.78,0.0,-5.56,12.28,1.96,0.0,1,OK
2026-08-09 05:24:53,265,0.243,0.015,0.2273,,17.48,0.0,-5.56,12.28,1.96,0.0,1,OK
2026-08-09 05:24:53,266,0.2435,0.0183,0.2273,,17.19,0.0,-10.39,14.23,1.74,0.0,1,OK
2026-08-09 05:24:53,267,0.2522,0.0318,0.2273,,16.92,0.0,-10.39,14.23,1.74,0.0,1,OK
2026-08-09 05:24:53,268,0.2325,0.063,0.2273,,16.67,0.0,-10.56,18.69,1.27,0.0,1,OK
2026-08-09 05:24:53,269,0.225,0.0642,0.2273,,16.44,0.0,-10.56,18.69,1.27,0.0,1,OK
2026-08-09 05:24:53,270,0.2204,0.0612,0.2273,,16.21,0.0,-11.87,19.27,0.31,0.0,1,OK
2026-08-09 05:24:53,271,0.2336,0.0628,0.2273,,16.0,0.0,-11.87,19.27,0.31,0.0,1,OK
2026-08-09 05:24:53,272,0.2243,0.0859,0.2273,,15.81,0.0,-13.2,18.88,1.22,0.0,1,OK
2026-08-09 05:24:53,273,0.2426,0.095,0.2273,,15.62,0.0,-13.2,18.88,1.22,0.0,1,OK
2026-08-09 05:24:53,274,0.2387,0.0784,0.2273,,15.45,0.0,-15.62,20.22,0.87,0.0,1,OK
2026-08-09 05:24:53,275,0.2319,0.0754,0.2273,,15.29,0.0,-15.62,20.22,0.87,0.0,1,OK
2026-08-09 05:24:53,276,0.2229,0.082,0.2273,,15.13,0.0,-16.86,19.02,0.81,0.0,1,OK
2026-08-09 05:24:53,277,0.2141,0.1079,0.2273,,14.99,0.0,-16.86,19.02,0.81,0.0,1,OK
2026-08-09 05:24:53,278,0.2376,0.0809,0.2273,,14.85,0.0,-17.33,18.37,1.56,0.0,1,OK
2026-08-09 05:24:53,279,0.2244,0.1213,0.2273,,14.72,0.0,-17.33,18.37,1.56,0.0,1,OK
2026-08-09 05:24:53,280,0.2424,0.1005,0.2273,,14.6,0.0,-19.41,17.63,0.89,0.0,1,OK
2026-08-09 05:24:53,281,0.1982,0.0996,0.2273,,14.49,0.0,-19.41,17.63,0.89,0.0,1,OK
2026-08-09 05:24:53,282,0.2115,0.086,0.2273,,14.39,0.0,-21.38,15.68,1.45,0.0,1,OK
2026-08-09 05:24:53,283,0.1985,0.0939,0.2273,,14.29,0.0,-21.38,15.68,1.45,0.0,1,OK
2026-08-09 05:24:53,284,0.2099,0.1022,0.2273,,14.19,0.0,-24.59,13.83,1.33,0.0,1,OK
2026-08-09 05:24:53,285,0.2045,0.1073,0.2273,,14.11,0.0,-24.59,13.83,1.33,0.0,1,OK
2026-08-09 05:24:53,286,0.2021,0.0952,0.2273,,11.0,0.0,-25.2,14.75,1.77,0.0,0,OK
2026-08-09 05:24:53,287,0.2131,0.0914,0.2273,,8.58,0.0,-25.2,14.75,1.77,0.0,0,OK
2026-08-09 05:24:53,288,0.1965,0.0888,0.2273,,6.69,0.0,-25.97,14.34,2.2,0.0,0,OK
2026-08-09 05:24:53,289,0.2059,0.0838,0.2273,,5.22,0.0,-25.97,14.34,2.2,0.0,0,OK
2026-08-09 05:24:54,290,0.2111,0.0873,0.2273,,4.07,0.0,-27.47,14.03,1.55,0.0,0,OK
2026-08-09 05:24:54,291,0.2161,0.0926,0.2273,,3.18,0.0,-27.47,14.03,1.55,0.0,0,OK
2026-08-09 05:24:54,292,0.2186,0.0844,0.2273,,2.48,0.0,-28.49,11.91,1.76,0.0,0,OK
2026-08-09 05:24:54,293,0.2301,0.0818,0.2208,,1.93,0.0,-28.49,11.91,1.76,0.0,0,OK
2026-08-09 05:24:54,294,0.2298,0.0834,0.2143,,1.51,0.0,-29.75,10.09,2.23,0.0,0,OK
2026-08-09 05:24:54,295,0.22,0.0959,0.2078,,1.18,0.0,-29.75,10.09,2.23,0.0,0,OK
2026-08-09 05:24:54,296,0.2288,0.0846,0.2013,,0.92,0.0,-29.96,8.47,2.38,0.0,0,OK
2026-08-09 05:24:54,297,0.226,0.0761,0.1948,,0.72,0.0,-29.96,8.47,2.38,0.0,0,OK
2026-08-09 05:24:54,298,0.2191,0.0811,0.1883,,0.56,0.0,-30.72,8.0,2.58,0.0,0,OK
2026-08-09 05:24:54,299,0.2215,0.0831,0.1688,,0.44,0.0,-30.72,8.0,2.58,0.0,0,OK
2026-08-09 05:24:54,300,0.2438,0.0767,0.1688,,0.34,0.0,-31.57,7.54,1.96,0.0,0,OK
2026-08-09 05:24:54,301,0.2366,0.0791,0.1688,,0.26,0.0,-31.57,7.54,1.96,0.0,0,OK
2026-08-09 05:24:54,302,0.2333,0.1077,0.1688,,0.21,0.0,-30.88,7.06,3.03,0.0,0,OK
2026-08-09 05:24:54,303,0.2282,0.1275,0.1688,,0.16,0.0,-30.88,7.06,3.03,0.0,0,OK
2026-08-09 05:24:54,304,0.2239,0.1026,0.1688,,0.13,0.0,-31.03,6.18,3.2,0.0,0,OK
2026-08-09 05:24:54,305,0.1837,0.0885,0.1688,,0.1,0.0,-31.03,6.18,3.2,0.0,0,OK
2026-08-09 05:24:54,306,0.1448,0.1076,0.1688,,0.08,0.0,-32.0,7.11,2.59,0.0,0,OK
2026-08-09 05:24:54,307,0.1372,0.098,0.1688,,0.06,0.0,-32.0,7.11,2.59,0.0,0,OK
2026-08-09 05:24:54,308,0.1544,0.0937,0.1688,,0.05,0.0,-33.35,6.8,2.22,0.0,0,OK
2026-08-09 05:24:54,309,0.136,0.0963,0.1688,,0.04,0.0,-33.35,6.8,2.22,0.0,0,OK
2026-08-09 05:24:54,310,0.1417,0.0955,0.1688,,0.03,0.0,-31.79,4.93,2.06,0.0,0,OK
2026-08-09 05:24:54,311,0.1564,0.0879,0.1688,,0.02,0.0,-31.79,4.93,2.06,0.0,0,OK
2026-08-09 05:24:54,312,0.1884,0.086,0.1688,,0.02,0.0,-29.5,9.88,0.55,0.0,0,OK
2026-08-09 05:24:54,313,0.1922,0.1242,0.1688,,0.01,0.0,-29.5,9.88,0.55,0.0,0,OK
2026-08-09 05:24:54,314,0.213,0.0957,0.1688,,0.01,0.0,-27.36,10.15,-0.21,0.0,0,OK
2026-08-09 05:24:54,315,0.2135,0.1151,0.1688,,0.01,0.0,-27.36,10.15,-0.21,0.0,0,OK
2026-08-09 05:24:54,316,0.2204,0.091,0.1688,,0.01,0.0,-26.09,12.92,-0.64,0.0,0,OK
2026-08-09 05:24:54,317,0.2068,0.0852,0.1688,,0.0,0.0,-26.09,12.92,-0.64,0.0,0,OK
2026-08-09 05:24:54,318,0.2019,0.1153,0.1688,,1.52,0.0,-22.61,17.93,-1.92,0.0,1,OK
2026-08-09 05:24:54,319,0.2151,0.0894,0.1688,,2.7,0.0,-22.61,17.93,-1.92,0.0,1,OK
2026-08-09 05:24:54,320,0.2265,0.1023,0.1688,,3.62,0.0,-18.93,20.46,-1.34,0.0,1,OK
2026-08-09 05:24:55,321,0.2388,0.0821,0.1688,,4.34,0.0,-18.93,20.46,-1.34,0.0,1,OK
2026-08-09 05:24:55,322,0.2411,0.0946,0.1688,,4.9,0.0,-16.82,21.17,-0.9,0.0,1,OK
2026-08-09 05:24:55,323,0.2329,0.0953,0.1688,,5.33,0.0,-16.82,21.17,-0.9,0.0,1,OK
2026-08-09 05:24:55,324,0.2317,0.1049,0.1688,,5.67,0.0,-15.45,23.4,-1.06,0.0,1,OK
2026-08-09 05:24:55,325,0.2456,0.0893,0.1688,,5.94,0.0,-15.45,23.4,-1.06,0.0,1,OK
2026-08-09 05:24:55,326,0.2461,0.104,0.1688,,6.15,0.0,-14.05,24.42,-1.26,0.0,1,OK
2026-08-09 05:24:55,327,0.2459,0.1381,0.1688,,6.31,0.0,-14.05,24.42,-1.26,0.0,1,OK
2026-08-09 05:24:55,328,0.2351,0.1693,0.1688,,6.44,0.0,-12.9,26.07,-1.22,0.0,1,OK
2026-08-09 05:24:55,329,0.2424,0.1797,0.1688,,6.53,0.0,-12.9,26.07,-1.22,0.0,1,OK
2026-08-09 05:24:55,330,0.24,0.2131,0.1688,,6.61,0.0,-11.26,27.16,-1.12,0.0,1,OK
2026-08-09 05:24:55,331,0.2389,0.2408,0.1688,,6.67,0.0,-11.26,27.16,-1.12,0.0,1,OK
2026-08-09 05:24:55,332,0.2367,0.3053,0.1688,,6.72,0.0,-9.16,28.32,-1.06,0.0,1,OK
2026-08-09 05:24:55,333,0.2393,0.3738,0.1688,,6.75,0.0,-9.16,28.32,-1.06,0.0,1,OK
2026-08-09 05:24:55,334,0.2655,0.3705,0.1688,,6.78,0.0,-7.14,30.17,-0.74,0.0,1,OK
2026-08-09 05:24:55,335,0.2395,0.4308,0.1688,,6.8,0.0,-7.14,30.17,-0.74,0.0,1,OK
2026-08-09 05:24:55,336,0.2422,0.4052,0.1688,,6.82,0.0,-5.14,30.39,-0.43,0.0,1,OK
2026-08-09 05:24:55,337,0.2278,0.4457,0.1688,,6.84,0.0,-5.14,30.39,-0.43,0.0,1,OK
2026-08-09 05:24:55,338,0.2335,0.4343,0.1688,,6.85,0.0,-4.02,29.4,-0.31,0.0,1,OK
2026-08-09 05:24:55,339,0.2249,0.3885,0.1688,,6.85,0.0,-4.02,29.4,-0.31,0.0,1,OK
2026-08-09 05:24:55,340,0.2154,0.402,0.1688,,6.86,0.0,-2.45,29.64,0.27,0.0,1,OK
2026-08-09 05:24:55,341,0.2289,0.4092,0.1688,,6.87,0.0,-2.45,29.64,0.27,0.0,1,OK
2026-08-09 05:24:55,342,0.2302,0.4038,0.1688,,6.87,0.0,-1.28,30.68,0.76,0.0,1,OK
2026-08-09 05:24:55,343,0.2266,0.4229,0.1688,,6.87,0.0,-1.28,30.68,0.76,0.0,1,OK
2026-08-09 05:24:55,344,0.2215,0.4794,0.1688,,6.87,0.0,-0.28,30.59,0.96,0.0,1,OK
2026-08-09 05:24:55,345,0.2319,0.4761,0.1688,,6.88,0.0,-0.28,30.59,0.96,0.0,1,OK
2026-08-09 05:24:55,346,0.2322,0.5048,0.1688,,6.88,0.0,-0.03,31.31,1.27,0.0,1,OK
2026-08-09 05:24:55,347,0.2423,0.5108,0.1688,,6.88,0.0,-0.03,31.31,1.27,0.0,1,OK
2026-08-09 05:24:55,348,0.2201,0.5428,0.1688,,6.88,0.0,0.82,29.87,1.41,0.0,1,OK
2026-08-09 05:24:55,349,0.2243,0.5287,0.1688,,6.88,0.0,0.82,29.87,1.41,0.0,1,OK
2026-08-09 05:24:55,350,0.2153,0.578,0.1688,,6.88,0.0,0.91,31.54,1.85,0.0,1,OK
2026-08-09 05:24:56,351,0.2261,0.5734,0.1688,,6.88,0.0,0.91,31.54,1.85,0.0,1,OK
2026-08-09 05:24:56,352,0.2345,0.5779,0.1688,,6.88,0.0,1.53,32.19,1.96,0.0,1,OK
2026-08-09 05:24:56,353,0.2172,0.5911,0.1688,,6.88,0.0,1.53,32.19,1.96,0.0,1,OK
2026-08-09 05:24:56,354,0.2286,0.6043,0.1688,,7.0,0.0,1.15,32.87,1.85,0.0,1,OK
2026-08-09 05:24:56,355,0.1906,0.6732,0.1688,,7.21,0.0,1.15,32.87,1.85,0.0,1,OK
2026-08-09 05:24:56,356,0.1898,0.6829,0.1688,,7.49,0.0,0.05,32.03,1.08,0.0,1,OK
2026-08-09 05:24:56,357,0.1846,0.7304,0.1688,,7.83,0.0,0.05,32.03,1.08,0.0,1,OK
2026-08-09 05:24:56,358,0.1818,0.7553,0.1688,,8.2,0.0,-0.31,32.77,1.37,0.0,1,OK
2026-08-09 05:24:56,359,0.1858,0.7449,0.1623,,8.47,0.0,-0.31,32.77,1.37,0.0,1,OK
2026-08-09 05:24:56,360,0.1853,0.7622,0.1558,,8.66,0.0,-0.2,33.04,1.48,0.0,1,OK
2026-08-09 05:24:56,361,0.2112,0.7355,0.1494,,8.78,0.0,-0.2,33.04,1.48,0.0,1,OK
2026-08-09 05:24:56,362,0.2189,0.7426,0.1429,,8.85,0.0,0.17,32.23,1.73,0.0,1,OK
2026-08-09 05:24:56,363,0.22,0.7541,0.1364,,8.87,0.0,0.17,32.23,1.73,0.0,1,OK
2026-08-09 05:24:56,364,0.2032,0.7682,0.1299,,8.87,0.0,-0.56,33.19,1.51,0.0,1,OK
2026-08-09 05:24:56,365,0.2276,0.7854,0.1104,,8.79,0.0,-0.56,33.19,1.51,0.0,1,OK
2026-08-09 05:24:56,366,0.2255,0.7773,0.1104,,8.74,0.0,-0.25,33.37,1.03,0.0,1,OK
2026-08-09 05:24:56,367,0.2261,0.7716,0.1104,,8.72,0.0,-0.25,33.37,1.03,0.0,1,OK
2026-08-09 05:24:56,368,0.2273,0.7819,0.1104,,8.79,0.0,-1.05,34.37,0.83,0.0,1,OK
2026-08-09 05:24:56,369,0.2298,0.8055,0.1039,,8.77,0.0,-1.05,34.37,0.83,0.0,1,OK
2026-08-09 05:24:56,370,0.2281,0.8091,0.0974,,8.72,0.0,-0.5,34.66,1.29,0.0,1,OK
2026-08-09 05:24:56,371,0.2315,0.7741,0.0909,,8.68,0.0,-0.5,34.66,1.29,0.0,1,OK
2026-08-09 05:24:56,372,0.2415,0.8053,0.0844,,8.64,0.0,0.02,35.0,1.15,0.0,1,OK
2026-08-09 05:24:56,373,0.2237,0.7706,0.0779,,8.6,0.0,0.02,35.0,1.15,0.0,1,OK
2026-08-09 05:24:56,374,0.2295,0.7785,0.0714,,8.56,0.0,-0.21,34.12,0.88,0.0,1,OK
2026-08-09 05:24:56,375,0.2285,0.8,0.0649,,8.53,0.0,-0.21,34.12,0.88,0.0,1,OK
2026-08-09 05:24:56,376,0.2289,0.7798,0.0584,,8.5,0.0,0.01,33.86,0.97,0.0,1,OK
2026-08-09 05:24:56,377,0.2297,0.748,0.0519,,8.47,0.0,0.01,33.86,0.97,0.0,1,OK
2026-08-09 05:24:56,378,0.2246,0.7893,0.0455,,8.44,0.0,-0.91,33.53,0.97,0.0,1,OK
2026-08-09 05:24:56,379,0.2297,0.8108,0.039,,8.41,0.0,-0.91,33.53,0.97,0.0,1,OK
2026-08-09 05:24:56,380,0.23,0.8163,0.0195,,8.39,0.0,-0.32,34.61,1.99,0.0,1,OK
2026-08-09 05:24:57,381,0.239,0.7724,0.0195,,8.37,0.0,-0.32,34.61,1.99,0.0,1,OK
2026-08-09 05:24:57,382,0.2407,0.753,0.0195,,8.34,0.0,0.15,34.6,2.59,0.0,1,OK
2026-08-09 05:24:57,383,0.2279,0.8172,0.0195,,8.32,0.0,0.15,34.6,2.59,0.0,1,OK
2026-08-09 05:24:57,384,0.2328,0.8331,0.0195,,8.3,0.0,-0.53,35.36,2.47,0.0,1,OK
2026-08-09 05:24:57,385,0.2325,0.8034,0.0195,,8.29,0.0,-0.53,35.36,2.47,0.0,1,OK
2026-08-09 05:24:57,386,0.2426,0.8049,0.0195,,8.27,0.0,-1.72,33.42,3.35,0.0,1,OK
2026-08-09 05:24:57,387,0.2313,0.8431,0.0195,,8.25,0.0,-1.72,33.42,3.35,0.0,1,OK
2026-08-09 05:24:57,388,0.2473,0.8431,0.0195,,8.24,0.0,-2.94,35.02,2.79,0.0,1,OK
2026-08-09 05:24:57,389,0.2474,0.8231,0.0195,,8.22,0.0,-2.94,35.02,2.79,0.0,1,OK
2026-08-09 05:24:57,390,0.2378,0.8536,0.0195,,8.21,0.0,-5.62,34.56,1.69,0.0,1,OK
2026-08-09 05:24:57,391,0.2673,0.8085,0.0195,,8.2,0.0,-5.62,34.56,1.69,0.0,1,OK
2026-08-09 05:24:57,392,0.2168,0.8321,0.0195,,8.19,0.0,-5.6,33.65,1.63,0.0,1,OK
2026-08-09 05:24:57,393,0.2223,0.881,0.0195,,8.17,0.0,-5.6,33.65,1.63,0.0,1,OK
2026-08-09 05:24:57,394,0.2322,0.8227,0.0195,,8.16,0.0,-7.11,31.98,1.06,0.0,1,OK
2026-08-09 05:24:57,395,0.2136,0.8782,0.0195,,8.15,0.0,-7.11,31.98,1.06,0.0,1,OK
2026-08-09 05:24:57,396,0.2093,0.8448,0.0195,,8.14,0.0,-6.92,31.16,1.64,0.0,1,OK
2026-08-09 05:24:57,397,0.2266,0.839,0.0195,,8.14,0.0,-6.92,31.16,1.64,0.0,1,OK
2026-08-09 05:24:57,398,0.2273,0.814,0.0195,,8.13,0.0,-7.21,33.67,1.65,0.0,1,OK
2026-08-09 05:24:57,399,0.2242,0.8281,0.0195,,8.12,0.0,-7.21,33.67,1.65,0.0,1,OK
2026-08-09 05:24:57,400,0.2065,0.8234,0.0195,,8.11,0.0,-7.78,32.26,1.8,0.0,1,OK
2026-08-09 05:24:57,401,0.211,0.7936,0.0195,,8.11,0.0,-7.78,32.26,1.8,0.0,1,OK
2026-08-09 05:24:57,402,0.2152,0.8441,0.0195,,8.1,0.0,-7.31,31.07,2.21,0.0,1,OK
2026-08-09 05:24:57,403,0.2062,0.8036,0.0195,,8.09,0.0,-7.31,31.07,2.21,0.0,1,OK
2026-08-09 05:24:57,404,0.1869,0.7911,0.0195,,8.09,0.0,-10.24,30.78,1.82,0.0,1,OK
2026-08-09 05:24:57,405,0.2053,0.8642,0.0195,,8.08,0.0,-10.24,30.78,1.82,0.0,1,OK
2026-08-09 05:24:57,406,0.2006,0.8422,0.0,,8.08,0.0,-9.51,31.56,1.92,0.0,1,OK
2026-08-09 05:24:57,407,0.1898,0.8201,0.0,,8.07,0.0,-9.51,31.56,1.92,0.0,1,OK
2026-08-09 05:24:57,408,0.2066,0.8331,0.0,,8.07,0.0,-7.65,30.32,2.55,0.0,1,OK
2026-08-09 05:24:57,409,0.2041,0.8273,0.0,,8.06,0.0,-7.65,30.32,2.55,0.0,1,OK
2026-08-09 05:24:57,410,0.1972,0.8596,0.0,,8.06,0.0,-6.88,30.57,2.92,0.0,1,OK
2026-08-09 05:24:58,411,0.2022,0.8404,0.0,,8.06,0.0,-6.88,30.57,2.92,0.01,1,OK
2026-08-09 05:24:58,412,0.1958,0.8218,0.0,,8.05,0.0,-7.58,28.7,2.86,0.0,1,OK
2026-08-09 05:24:58,413,0.1715,0.8443,0.0,,8.43,0.032,-7.58,28.7,2.86,0.0,1,OK
2026-08-09 05:24:58,414,0.1927,0.8488,0.0,,8.46,0.032,-7.11,30.04,3.11,0.0,1,OK
2026-08-09 05:24:58,415,0.1857,0.8071,0.0,,8.48,0.032,-7.11,30.04,3.11,0.0,1,OK
2026-08-09 05:24:58,416,0.1828,0.8457,0.0,,8.45,0.0,-7.48,29.87,3.23,0.0,1,OK
2026-08-09 05:24:58,417,0.1893,0.8697,0.0,,8.42,0.0,-7.48,29.87,3.23,0.0,1,OK
2026-08-09 05:24:58,418,0.202,0.8674,0.0,,8.4,0.0,-5.61,30.91,3.77,0.0,1,OK
2026-08-09 05:24:58,419,0.1764,0.8206,0.0,,8.46,0.032,-5.61,30.91,3.77,0.0,1,OK
2026-08-09 05:24:58,420,0.1783,0.8394,0.0,,8.48,0.032,-5.29,30.01,3.53,0.0,1,OK
2026-08-09 05:24:58,421,0.1759,0.7667,0.0,,8.67,0.065,-5.29,30.01,3.53,0.0,1,OK
2026-08-09 05:24:58,422,0.1623,0.779,0.0,,9.61,0.097,-5.67,28.46,2.98,0.0,1,OK
2026-08-09 05:24:58,423,0.1404,0.7552,0.0195,,11.56,0.13,-5.67,28.46,2.98,0.0,1,OK
2026-08-09 05:24:58,424,0.1475,0.7507,0.026,,12.84,0.162,-4.31,28.02,3.83,0.0,1,OK
2026-08-09 05:24:58,425,0.1439,0.7498,0.0325,,14.14,0.195,-4.31,28.02,3.83,0.0,1,OK
2026-08-09 05:24:58,426,0.1606,0.7573,0.039,,14.45,0.227,-4.8,29.27,3.24,0.0,1,OK
2026-08-09 05:24:58,427,0.1627,0.7638,0.0455,,14.7,0.259,-4.8,29.27,3.24,0.0,1,OK
2026-08-09 05:24:58,428,0.1764,0.7696,0.0519,,14.6,0.292,-4.94,28.8,3.76,0.0,1,OK
2026-08-09 05:24:58,429,0.1885,0.7767,0.0519,,14.49,0.292,-4.94,28.8,3.76,0.0,1,OK
2026-08-09 05:24:58,430,0.2053,0.7581,0.0519,,14.4,0.292,-4.96,30.3,3.74,0.0,1,OK
2026-08-09 05:24:58,431,0.1888,0.7714,0.0519,,14.02,0.0,-4.96,30.3,3.74,0.0,1,OK
2026-08-09 05:24:58,432,0.1914,0.7851,0.0519,,13.65,0.0,-4.46,31.4,4.1,0.0,1,OK
2026-08-09 05:24:58,433,0.2014,0.7833,0.0519,,13.31,0.0,-4.46,31.4,4.1,0.0,1,OK
2026-08-09 05:24:58,434,0.1792,0.8022,0.0519,,13.0,0.0,-3.29,28.73,4.46,0.0,1,OK
2026-08-09 05:24:58,435,0.1977,0.7825,0.0519,,12.7,0.0,-3.29,28.73,4.46,0.0,1,OK
2026-08-09 05:24:58,436,0.1934,0.7776,0.0519,,12.41,0.0,-2.71,28.93,4.24,0.0,1,OK
2026-08-09 05:24:58,437,0.2034,0.7439,0.0519,,12.15,0.0,-2.71,28.93,4.24,0.0,1,OK
2026-08-09 05:24:58,438,0.1997,0.7345,0.0519,,11.9,0.0,-1.35,28.02,4.08,0.0,1,OK
2026-08-09 05:24:58,439,0.203,0.6893,0.0519,,11.67,0.0,-1.35,28.02,4.08,0.0,1,OK
2026-08-09 05:24:58,440,0.1985,0.6135,0.0519,,11.45,0.0,-0.16,27.2,3.01,0.0,1,OK
2026-08-09 05:24:58,441,0.1748,0.5127,0.0519,,10.82,0.032,-0.16,27.2,3.01,0.0,1,OK
2026-08-09 05:24:59,442,0.1591,0.4485,0.0519,,10.48,0.065,0.79,21.24,2.9,0.0,1,OK
2026-08-09 05:24:59,443,0.1436,0.3709,0.0714,,10.4,0.097,0.79,21.24,2.9,0.0,1,OK
2026-08-09 05:24:59,444,0.1537,0.2947,0.0784,,10.23,0.13,-1.03,21.05,2.54,0.0,1,OK
2026-08-09 05:24:59,445,0.1747,0.2749,0.085,,9.81,0.162,-1.03,21.05,2.54,0.0,1,OK
2026-08-09 05:24:59,446,0.1962,0.2231,0.085,,9.38,0.162,-0.22,20.96,2.86,0.0,1,OK
2026-08-09 05:24:59,447,0.1815,0.1713,0.085,,8.98,0.162,-0.22,20.96,2.86,0.0,1,OK
2026-08-09 05:24:59,448,0.2184,0.177,0.085,,8.44,0.0,-0.17,19.15,2.62,0.0,1,OK
2026-08-09 05:24:59,449,0.2045,0.0943,0.085,,7.94,0.0,-0.17,19.15,2.62,0.0,1,OK
2026-08-09 05:24:59,450,0.2244,0.1106,0.085,,7.46,0.0,-0.02,18.38,2.9,0.0,1,OK
2026-08-09 05:24:59,451,0.2105,0.1031,0.085,,7.01,0.0,-0.02,18.38,2.9,0.0,1,OK
2026-08-09 05:24:59,452,0.2167,0.0731,0.085,,6.59,0.0,-0.13,17.75,2.3,0.0,1,OK
2026-08-09 05:24:59,453,0.2229,0.055,0.085,,6.2,0.0,-0.13,17.75,2.3,0.0,1,OK
2026-08-09 05:24:59,454,0.1607,0.0509,0.085,,6.08,0.032,-1.26,18.94,2.48,0.0,1,OK
2026-08-09 05:24:59,455,0.1407,0.0535,0.085,,6.79,0.065,-1.26,18.94,2.48,0.0,1,OK
2026-08-09 05:24:59,456,0.1335,0.0321,0.1046,,7.92,0.097,-1.03,16.3,1.19,0.0,1,OK
2026-08-09 05:24:59,457,0.1465,0.0324,0.1111,,8.42,0.13,-1.03,16.3,1.19,0.0,1,OK
2026-08-09 05:24:59,458,0.1825,0.0243,0.1111,,8.11,0.13,2.23,16.03,1.72,0.0,1,OK
2026-08-09 05:24:59,459,0.2148,0.0313,0.1111,,7.82,0.13,2.23,16.03,1.72,0.0,1,OK
2026-08-09 05:24:59,460,0.2302,0.0244,0.1111,,7.42,0.0,0.85,16.95,0.31,0.0,1,OK
2026-08-09 05:24:59,461,0.2256,0.0337,0.1111,,7.04,0.0,0.85,16.95,0.31,0.0,1,OK
2026-08-09 05:24:59,462,0.2479,0.0374,0.1111,,6.68,0.0,0.03,19.88,0.58,0.0,1,OK
2026-08-09 05:24:59,463,0.2325,0.0555,0.1111,,6.35,0.0,0.03,19.88,0.58,0.0,1,OK
2026-08-09 05:24:59,464,0.2408,0.0582,0.1111,,6.04,0.0,0.92,22.8,0.5,0.0,1,OK
2026-08-09 05:24:59,465,0.2342,0.0542,0.1111,,5.74,0.0,0.92,22.8,0.5,0.0,1,OK
2026-08-09 05:24:59,466,0.2352,0.0572,0.1111,,5.46,0.0,1.48,20.89,0.18,0.0,1,OK
2026-08-09 05:24:59,467,0.2352,0.0531,0.1111,,5.2,0.0,1.48,20.89,0.18,0.0,1,OK
2026-08-09 05:24:59,468,0.2462,0.0459,0.1111,,4.96,0.0,0.57,22.37,0.15,0.0,1,OK
2026-08-09 05:24:59,469,0.2445,0.0402,0.1111,,4.73,0.0,0.57,22.37,0.15,0.0,1,OK
2026-08-09 05:24:59,470,0.2418,0.0483,0.1111,,4.51,0.0,0.95,22.55,-0.63,0.0,1,OK
2026-08-09 05:24:59,471,0.2499,0.0363,0.1111,,4.3,0.0,0.95,22.55,-0.63,0.0,1,OK
2026-08-09 05:25:00,472,0.2572,0.0392,0.1111,,4.11,0.0,1.63,23.69,-0.73,0.0,1,OK
2026-08-09 05:25:00,473,0.2666,0.0399,0.1111,,3.93,0.0,1.63,23.69,-0.73,0.0,1,OK
2026-08-09 05:25:00,474,0.2501,0.0385,0.1111,,3.76,0.0,0.52,24.23,-1.47,0.0,1,OK
2026-08-09 05:25:00,475,0.2265,0.046,0.1111,,3.6,0.0,0.52,24.23,-1.47,0.0,1,OK
2026-08-09 05:25:00,476,0.1789,0.0365,0.1111,,3.46,0.0,0.7,22.56,-1.51,0.0,1,OK
2026-08-09 05:25:00,477,0.1638,0.0284,0.1111,,3.72,0.032,0.7,22.56,-1.51,0.0,1,OK
2026-08-09 05:25:00,478,0.1793,0.0162,0.1111,,3.59,0.032,1.33,22.47,-1.37,0.0,1,OK
2026-08-09 05:25:00,479,0.2007,0.0239,0.1111,,3.48,0.032,1.33,22.47,-1.37,0.0,1,OK
2026-08-09 05:25:00,480,0.2205,0.0221,0.1111,,3.33,0.0,0.26,22.35,-1.21,0.0,1,OK
2026-08-09 05:25:00,481,0.2416,0.0254,0.1111,,3.2,0.0,0.26,22.35,-1.21,0.0,1,OK
2026-08-09 05:25:00,482,0.2544,0.0362,0.1111,,3.08,0.0,1.23,23.63,-0.81,0.0,1,OK
2026-08-09 05:25:00,483,0.2414,0.0203,0.1111,,2.96,0.0,1.23,23.63,-0.81,0.0,1,OK
2026-08-09 05:25:00,484,0.2471,0.0422,0.1111,,2.85,0.0,0.61,23.69,-0.4,0.0,1,OK
2026-08-09 05:25:00,485,0.2585,0.0209,0.1111,,2.74,0.0,0.61,23.69,-0.4,0.0,1,OK
2026-08-09 05:25:00,486,0.2649,0.0232,0.1111,,2.64,0.0,0.8,23.43,-0.82,0.0,1,OK
2026-08-09 05:25:00,487,0.2554,0.0434,0.1111,,2.55,0.0,0.8,23.43,-0.82,0.0,1,OK
2026-08-09 05:25:00,488,0.2519,0.0545,0.1111,,2.47,0.0,0.09,25.76,-0.76,0.0,1,OK
2026-08-09 05:25:00,489,0.2647,0.067,0.1111,,2.38,0.0,0.09,25.76,-0.76,0.0,1,OK
2026-08-09 05:25:00,490,0.2445,0.1152,0.1111,,2.31,0.0,0.3,28.9,-0.33,0.0,1,OK
2026-08-09 05:25:00,491,0.2383,0.1634,0.1111,,2.24,0.0,0.3,28.9,-0.33,0.0,1,OK
2026-08-09 05:25:00,492,0.2405,0.1525,0.1111,,2.17,0.0,0.42,29.72,-0.3,0.0,1,OK
2026-08-09 05:25:00,493,0.2507,0.1307,0.1111,,2.11,0.0,0.42,29.72,-0.3,0.0,1,OK
2026-08-09 05:25:00,494,0.2333,0.1707,0.1111,,2.05,0.0,-0.63,28.96,-0.49,0.0,1,OK
2026-08-09 05:25:00,495,0.241,0.1757,0.1111,,1.99,0.0,-0.63,28.96,-0.49,0.0,1,OK
2026-08-09 05:25:00,496,0.2598,0.1811,0.1111,,1.94,0.0,-0.53,29.31,0.04,0.0,1,OK
2026-08-09 05:25:00,497,0.2669,0.1925,0.1111,,1.89,0.0,-0.53,29.31,0.04,0.0,1,OK
2026-08-09 05:25:00,498,0.266,0.2449,0.1111,,1.84,0.0,-0.68,29.66,0.59,0.0,1,OK
2026-08-09 05:25:00,499,0.285,0.2871,0.1111,,1.8,0.0,-0.68,29.66,0.59,0.0,1,OK
2026-08-09 05:25:00,500,0.2763,0.3066,0.1111,,1.76,0.0,0.27,30.32,0.92,0.0,1,OK
2026-08-09 05:25:00,501,0.2725,0.3209,0.1111,,1.72,0.0,0.27,30.32,0.92,0.0,1,OK
2026-08-09 05:25:00,502,0.2734,0.3451,0.1111,,1.68,0.0,0.03,30.62,0.83,0.0,1,OK
2026-08-09 05:25:01,503,0.2776,0.3149,0.1111,,1.65,0.0,0.03,30.62,0.83,0.0,1,OK
2026-08-09 05:25:01,504,0.2622,0.2651,0.1111,,1.61,0.0,-0.09,29.96,1.21,0.0,1,OK
2026-08-09 05:25:01,505,0.2664,0.1748,0.1111,,1.58,0.0,-0.09,29.96,1.21,0.0,1,OK
2026-08-09 05:25:01,506,0.2656,0.1191,0.1111,,1.56,0.0,0.53,29.04,1.27,0.0,1,OK
2026-08-09 05:25:01,507,0.2433,0.093,0.1111,,1.53,0.0,0.53,29.04,1.27,0.0,1,OK
2026-08-09 05:25:01,508,0.2421,0.0448,0.1111,,1.5,0.0,-0.58,26.1,0.65,0.0,1,OK
2026-08-09 05:25:01,509,0.2284,0.0399,0.1111,,1.48,0.0,-0.58,26.1,0.65,0.0,1,OK
2026-08-09 05:25:01,510,0.1983,0.0255,0.1111,,1.46,0.0,-1.7,22.76,0.19,0.0,1,OK
2026-08-09 05:25:01,511,0.165,0.0199,0.1111,,2.1,0.032,-1.7,22.76,0.19,0.0,1,OK
2026-08-09 05:25:01,512,0.1895,0.0109,0.1111,,2.07,0.032,-1.58,16.43,0.69,0.0,1,OK
2026-08-09 05:25:01,513,0.2152,0.0309,0.1111,,2.05,0.032,-1.58,16.43,0.69,0.0,1,OK
2026-08-09 05:25:01,514,0.2213,0.0199,0.1111,,1.99,0.0,-0.49,18.95,1.62,0.0,1,OK
2026-08-09 05:25:01,515,0.2483,0.0247,0.1111,,1.94,0.0,-0.49,18.95,1.62,0.0,1,OK
2026-08-09 05:25:01,516,0.2533,0.0154,0.1111,,1.89,0.0,-0.75,17.16,0.94,0.0,1,OK
2026-08-09 05:25:01,517,0.2749,0.0132,0.1111,,1.84,0.0,-0.75,17.16,0.94,0.0,1,OK
2026-08-09 05:25:01,518,0.3049,0.0187,0.1111,,1.8,0.0,8.29,16.11,1.5,0.0,1,OK
2026-08-09 05:25:01,519,0.2497,0.0085,0.1111,,1.76,0.0,8.29,16.11,1.5,0.0,1,OK
2026-08-09 05:25:01,520,0.2254,0.0239,0.1111,,1.72,0.0,2.35,-3.33,-0.94,0.0,1,OK
2026-08-09 05:25:01,521,0.2182,0.0348,0.1111,,1.68,0.0,2.35,-3.33,-0.94,0.0,1,OK
2026-08-09 05:25:01,522,0.2353,0.0323,0.1111,,1.65,0.0,-4.17,13.22,-3.94,0.0,1,OK
2026-08-09 05:25:01,523,0.201,0.0251,0.1111,,1.62,0.0,-4.17,13.22,-3.94,0.0,1,OK
2026-08-09 05:25:01,524,0.1701,0.0497,0.1111,,1.97,0.032,-12.08,19.2,-7.32,0.0,1,OK
2026-08-09 05:25:01,525,0.145,0.0363,0.1111,,3.61,0.065,-12.08,19.2,-7.32,0.0,1,OK
2026-08-09 05:25:01,526,0.138,0.0374,0.1307,,5.79,0.097,-16.86,12.11,-8.62,0.0,1,OK
2026-08-09 05:25:01,527,0.1325,0.0518,0.1373,,8.03,0.13,-16.86,12.11,-8.62,0.0,1,OK
2026-08-09 05:25:01,528,0.1201,0.0573,0.1438,,10.65,0.162,-20.47,11.58,-8.54,0.0,1,OK
2026-08-09 05:25:01,529,0.116,0.0461,0.1503,,13.17,0.195,-20.47,11.58,-8.54,0.0,1,OK
2026-08-09 05:25:01,530,0.1365,0.0471,0.1569,,14.38,0.227,-19.19,13.36,-9.5,0.0,1,OK
2026-08-09 05:25:01,531,0.1066,0.0595,0.1634,,17.07,0.26,-19.19,13.36,-9.5,0.0,1,OK
2026-08-09 05:25:01,532,0.119,0.0399,0.1699,,18.82,0.292,-19.75,11.25,-9.34,0.0,1,OK
2026-08-09 05:25:02,533,0.1227,0.0479,0.1765,,20.26,0.325,-19.75,11.25,-9.34,0.0,1,OK
2026-08-09 05:25:02,534,0.1187,0.0634,0.183,,21.84,0.357,-22.04,9.54,-7.05,0.0,1,OK
2026-08-09 05:25:02,535,0.1405,0.0813,0.1895,,22.27,0.39,-22.04,9.54,-7.05,0.0,1,OK
2026-08-09 05:25:02,536,0.1255,0.1015,0.1961,,23.6,0.422,-21.6,11.82,-6.44,0.0,1,OK
2026-08-09 05:25:02,537,0.1188,0.0973,0.2026,,25.24,0.455,-21.6,11.82,-6.44,0.0,1,OK
2026-08-09 05:25:02,538,0.1186,0.0822,0.2092,,26.8,0.487,-21.08,6.03,-1.74,0.0,1,OK
2026-08-09 05:25:02,539,0.1111,0.0702,0.2157,,28.65,0.52,-21.08,6.03,-1.74,0.0,1,OK
2026-08-09 05:25:02,540,0.119,0.0884,0.2222,,29.96,0.552,-20.24,3.2,0.21,0.0,1,OK
2026-08-09 05:25:02,541,0.1172,0.0816,0.2288,,31.34,0.585,-20.24,3.2,0.21,0.0,1,OK
2026-08-09 05:25:02,542,0.1233,0.0676,0.2353,,32.37,0.617,-18.6,3.31,-0.24,0.0,1,OK
2026-08-09 05:25:02,543,0.1259,0.0692,0.2418,,33.31,0.65,-18.6,3.31,-0.24,0.0,1,OK
2026-08-09 05:25:02,544,0.1202,0.0838,0.2484,,34.6,0.682,-19.06,5.85,-0.16,0.0,1,OK
2026-08-09 05:25:02,545,0.1216,0.0996,0.2549,,35.79,0.715,-19.06,5.85,-0.16,0.0,1,OK
2026-08-09 05:25:02,546,0.0972,0.0948,0.2614,,38.19,0.747,-19.39,2.34,0.75,0.0,1,OK
2026-08-09 05:25:02,547,0.0926,0.1071,0.268,,40.32,0.78,-19.39,2.34,0.75,0.0,1,OK
2026-08-09 05:25:02,548,0.11,0.0972,0.2745,,41.63,0.812,-17.12,-4.25,2.06,0.0,1,OK
2026-08-09 05:25:02,549,0.0832,0.0912,0.281,,43.53,0.845,-17.12,-4.25,2.06,0.0,1,OK
2026-08-09 05:25:02,550,0.0874,0.0948,0.2876,,45.29,0.877,-15.5,-2.95,3.11,0.0,1,OK
2026-08-09 05:25:02,551,0.0773,0.1384,0.2941,,46.92,0.91,-15.5,-2.95,3.11,0.0,1,OK
2026-08-09 05:25:02,552,0.0875,0.0887,0.3007,,48.45,0.942,-16.35,-2.51,3.58,0.0,1,OK
2026-08-09 05:25:02,553,0.0974,0.0756,0.3072,,49.91,0.975,-16.35,-2.51,3.58,0.0,1,OK
2026-08-09 05:25:02,554,0.0902,0.081,0.3137,,51.31,1.007,-15.62,-2.46,4.1,0.0,1,OK
2026-08-09 05:25:02,555,0.0766,0.089,0.3203,,52.67,1.04,-15.62,-2.46,4.1,0.0,1,OK
2026-08-09 05:25:02,556,0.0858,0.0745,0.3268,,54.0,1.072,-15.83,-6.81,4.29,0.0,1,OK
2026-08-09 05:25:02,557,0.0795,0.1176,0.3333,,55.29,1.105,-15.83,-6.81,4.29,0.0,1,OK
2026-08-09 05:25:02,558,0.0971,0.1082,0.3399,,56.57,1.137,-11.96,-6.6,4.66,0.0,1,OK
2026-08-09 05:25:02,559,0.0694,0.121,0.3464,,57.83,1.17,-11.96,-6.6,4.66,0.0,1,OK
2026-08-09 05:25:02,560,0.0897,0.1018,0.3529,,59.07,1.202,-14.37,-10.78,5.43,0.0,1,OK
2026-08-09 05:25:02,561,0.0901,0.1219,0.3595,,60.31,1.235,-14.37,-10.78,5.43,0.0,1,OK
2026-08-09 05:25:02,562,0.0813,0.0993,0.366,,61.54,1.267,-14.18,-7.72,4.38,0.0,1,OK
2026-08-09 05:25:03,563,0.0914,0.1003,0.3725,,62.76,1.3,-14.18,-7.72,4.38,0.0,1,OK
2026-08-09 05:25:03,564,0.0948,0.1014,0.3791,,63.97,1.332,-13.91,-4.92,4.44,0.0,1,OK
2026-08-09 05:25:03,565,0.0874,0.1215,0.3856,,65.18,1.364,-13.91,-4.92,4.44,0.0,1,OK
2026-08-09 05:25:03,566,0.0972,0.1322,0.3922,,66.39,1.397,-16.41,-8.93,3.73,0.0,1,OK
2026-08-09 05:25:03,567,0.0976,0.1059,0.3987,,67.59,1.429,-16.41,-8.93,3.73,0.0,1,OK
2026-08-09 05:25:03,568,0.0906,0.1334,0.4052,,68.68,1.462,-15.77,-7.97,3.52,0.0,1,OK
2026-08-09 05:25:03,569,0.0991,0.0959,0.4118,,69.57,1.494,-15.77,-7.97,3.52,0.0,1,OK
2026-08-09 05:25:03,570,0.0864,0.122,0.4183,,70.46,1.526,-15.44,-7.16,4.66,0.0,1,OK
2026-08-09 05:25:03,571,0.0839,0.0869,0.4248,,71.28,1.559,-15.44,-7.16,4.66,0.0,1,OK
2026-08-09 05:25:03,572,0.0821,0.1261,0.4314,,72.04,1.591,-14.25,-9.56,4.7,0.0,1,OK
2026-08-09 05:25:03,573,0.1107,0.0823,0.4379,,72.09,1.624,-14.25,-9.56,4.7,0.0,1,OK
2026-08-09 05:25:03,574,0.086,0.169,0.4379,,72.91,1.656,-16.88,-10.87,5.16,0.0,1,OK
2026-08-09 05:25:03,575,0.1082,0.091,0.4379,,73.13,1.689,-16.88,-10.87,5.16,0.0,1,OK
2026-08-09 05:25:03,576,0.0925,0.0897,0.4379,,73.97,1.721,-12.18,-11.25,4.84,0.0,1,OK
2026-08-09 05:25:03,577,0.1062,0.0912,0.4379,,74.3,1.754,-12.18,-11.25,4.84,0.0,1,OK
2026-08-09 05:25:03,578,0.0839,0.1083,0.4379,,75.11,1.786,-14.76,-10.07,5.18,0.0,1,OK
2026-08-09 05:25:03,579,0.1022,0.0788,0.4248,,75.63,1.819,-14.76,-10.07,5.18,0.0,1,OK
2026-08-09 05:25:03,580,0.0814,0.124,0.4314,,76.4,1.851,-12.7,-11.92,5.03,0.0,1,OK
2026-08-09 05:25:03,581,0.0759,0.1213,0.4379,,77.11,1.884,-12.7,-11.92,5.03,0.0,1,OK
2026-08-09 05:25:03,582,0.1019,0.1383,0.4444,,77.56,1.916,-12.52,-11.37,3.98,0.0,1,OK
2026-08-09 05:25:03,583,0.1097,0.1014,0.451,,77.65,1.949,-12.52,-11.37,3.98,0.0,1,OK
2026-08-09 05:25:03,584,0.0812,0.1532,0.4575,,78.45,1.981,-13.58,-8.96,3.98,0.0,1,OK
2026-08-09 05:25:03,585,0.1101,0.1124,0.4641,,78.56,2.014,-13.58,-8.96,3.98,0.0,1,OK
2026-08-09 05:25:03,586,0.0846,0.1499,0.4706,,79.4,2.046,-13.67,-9.79,4.64,0.0,1,OK
2026-08-09 05:25:03,587,0.1059,0.084,0.4771,,79.74,2.079,-13.67,-9.79,4.64,0.0,1,OK
2026-08-09 05:25:03,588,0.0791,0.1268,0.4837,,80.56,2.111,-15.22,-13.43,4.93,0.0,1,OK
2026-08-09 05:25:03,589,0.0884,0.1606,0.4902,,81.32,2.144,-15.22,-13.43,4.93,0.0,1,OK
2026-08-09 05:25:03,590,0.089,0.1362,0.4967,,82.03,2.176,-9.77,-11.57,5.56,0.0,1,OK
2026-08-09 05:25:03,591,0.0916,0.1199,0.5033,,82.71,2.209,-9.77,-11.57,5.56,0.0,1,OK
2026-08-09 05:25:03,592,0.0859,0.1638,0.5098,,83.36,2.241,-13.95,-10.72,4.19,0.0,1,OK
2026-08-09 05:25:04,593,0.0973,0.1165,0.5163,,83.98,2.273,-13.95,-10.72,4.19,0.0,1,OK
2026-08-09 05:25:04,594,0.086,0.1536,0.5163,,84.59,2.306,-10.18,-11.59,4.6,0.0,1,OK
2026-08-09 05:25:04,595,0.1017,0.1253,0.5163,,84.96,2.338,-10.18,-11.59,4.6,0.0,1,OK
2026-08-09 05:25:04,596,0.0761,0.129,0.5033,,85.6,2.371,-13.88,-11.21,4.87,0.0,1,HIGH
2026-08-09 05:25:04,597,0.0711,0.1356,0.5098,,86.21,2.403,-13.88,-11.21,4.87,0.0,1,HIGH
2026-08-09 05:25:04,598,0.0988,0.1139,0.5163,,86.73,2.436,-9.29,-9.28,4.04,0.0,1,HIGH
2026-08-09 05:25:04,599,0.101,0.1185,0.5229,,87.15,2.468,-9.29,-9.28,4.04,0.0,1,HIGH
2026-08-09 05:25:04,600,0.0765,0.192,0.5294,,87.78,2.501,-13.66,-11.14,4.83,0.0,1,HIGH
2026-08-09 05:25:04,601,0.1016,0.1294,0.5359,,88.06,2.533,-13.66,-11.14,4.83,0.0,1,HIGH
2026-08-09 05:25:04,602,0.0753,0.1707,0.5425,,88.48,2.566,-12.79,-16.35,6.71,0.0,1,HIGH
2026-08-09 05:25:04,603,0.0906,0.1256,0.549,,88.82,2.598,-12.79,-16.35,6.71,0.0,1,HIGH
2026-08-09 05:25:04,604,0.065,0.1172,0.5556,,89.08,2.631,-9.79,-15.71,5.3,0.0,1,HIGH
2026-08-09 05:25:04,605,0.0861,0.0779,0.5621,,89.28,2.663,-9.79,-15.71,5.3,0.0,1,HIGH
2026-08-09 05:25:04,606,0.1018,0.0884,0.5686,,89.26,2.696,-6.45,-17.64,4.7,0.0,1,HIGH
2026-08-09 05:25:04,607,0.0972,0.1246,0.5686,,89.43,2.728,-6.45,-17.64,4.7,0.0,1,HIGH
2026-08-09 05:25:04,608,0.0819,0.1505,0.5556,,89.55,2.761,-11.88,-10.77,2.87,0.0,1,HIGH
2026-08-09 05:25:04,609,0.128,0.1226,0.5621,,89.16,2.793,-11.88,-10.77,2.87,0.0,1,HIGH
2026-08-09 05:25:04,610,0.1281,0.1415,0.5686,,88.8,2.826,-11.1,3.5,-4.26,0.0,1,HIGH
2026-08-09 05:25:04,611,0.1189,0.1236,0.5752,,88.58,2.858,-11.1,3.5,-4.26,0.0,1,HIGH
2026-08-09 05:25:04,612,0.1356,0.0649,0.5817,,88.14,2.891,-6.85,-0.78,-3.47,0.0,1,HIGH
2026-08-09 05:25:04,613,0.2134,0.0264,0.5817,,87.17,2.891,-6.85,-0.78,-3.47,0.0,1,HIGH
2026-08-09 05:25:04,614,0.2719,0.0318,0.5817,24.03,86.26,2.891,4.5,3.65,-6.43,0.0,1,HIGH
2026-08-09 05:25:04,615,0.2876,0.0173,0.5817,23.99,82.89,0.0,4.5,3.65,-6.43,0.0,1,HIGH
2026-08-09 05:25:04,616,0.2893,0.0401,0.5817,23.95,79.72,0.0,2.92,22.0,-0.25,0.0,1,HIGH
2026-08-09 05:25:04,617,0.276,0.0541,0.5817,23.91,76.73,0.0,2.92,22.0,-0.25,0.0,1,HIGH
2026-08-09 05:25:04,618,0.2766,0.0381,0.5817,23.88,73.93,0.0,2.09,26.03,-0.66,0.0,1,HIGH
2026-08-09 05:25:04,619,0.2821,0.067,0.5817,23.84,71.29,0.0,2.09,26.03,-0.66,0.0,1,HIGH
2026-08-09 05:25:04,620,0.268,0.0366,0.5817,23.8,68.82,0.0,0.57,25.18,-0.7,0.0,1,HIGH
2026-08-09 05:25:04,621,0.2685,0.0604,0.5817,23.76,66.49,0.0,0.57,25.18,-0.7,0.0,1,HIGH
2026-08-09 05:25:04,622,0.2607,0.04,0.5817,23.72,64.3,0.0,-0.86,24.82,-1.1,0.0,1,HIGH
2026-08-09 05:25:04,623,0.2612,0.0505,0.5817,23.68,62.24,0.0,-0.86,24.82,-1.1,0.0,1,HIGH
2026-08-09 05:25:05,624,0.2608,0.0319,0.5817,23.65,60.3,0.0,-2.5,24.04,-1.9,0.0,1,HIGH
2026-08-09 05:25:05,625,0.2546,0.0255,0.5817,23.61,58.49,0.0,-2.5,24.04,-1.9,0.0,1,HIGH
2026-08-09 05:25:05,626,0.2536,0.0388,0.5817,23.57,56.78,0.0,-2.97,24.38,-2.07,0.0,1,HIGH
2026-08-09 05:25:05,627,0.2061,0.0495,0.5817,23.53,55.17,0.0,-2.97,24.38,-2.07,0.0,1,HIGH
2026-08-09 05:25:05,628,0.1741,0.0273,0.5817,23.5,53.73,0.032,-8.32,23.02,-3.92,0.0,1,HIGH
2026-08-09 05:25:05,629,0.1568,0.0373,0.5817,23.46,52.65,0.065,-8.32,23.02,-3.92,0.0,1,HIGH
2026-08-09 05:25:05,630,0.1887,0.0252,0.5817,23.42,51.35,0.065,-8.08,24.83,-4.04,0.0,1,HIGH
2026-08-09 05:25:05,631,0.2107,0.0319,0.5817,23.38,50.14,0.065,-8.08,24.83,-4.04,0.0,1,HIGH
2026-08-09 05:25:05,632,0.2133,0.0295,0.5817,26.27,48.93,0.0,-7.45,24.0,-3.26,0.0,1,HIGH
2026-08-09 05:25:05,633,0.2264,0.0242,0.5817,26.22,47.79,0.0,-7.45,24.0,-3.26,0.0,1,HIGH
2026-08-09 05:25:05,634,0.2265,0.0122,0.5817,26.18,46.73,0.0,-8.72,21.26,-2.69,0.0,1,HIGH
2026-08-09 05:25:05,635,0.2239,0.0357,0.5817,26.14,45.72,0.0,-8.72,21.26,-2.69,0.0,1,HIGH
2026-08-09 05:25:05,636,0.2338,0.0259,0.5817,26.1,44.78,0.0,-8.99,22.37,-2.23,0.0,1,HIGH
2026-08-09 05:25:05,637,0.2354,0.0324,0.5817,26.06,43.89,0.0,-8.99,22.37,-2.23,0.0,1,HIGH
2026-08-09 05:25:05,638,0.2201,0.0251,0.5817,26.02,43.06,0.0,-8.3,19.64,-1.88,0.0,1,HIGH
2026-08-09 05:25:05,639,0.2525,0.0139,0.5817,25.98,42.28,0.0,-8.3,19.64,-1.88,0.0,1,HIGH
2026-08-09 05:25:05,640,0.2398,0.0296,0.5817,25.94,41.54,0.0,-8.31,21.45,-1.83,0.0,1,HIGH
2026-08-09 05:25:05,641,0.2495,0.0251,0.5817,25.9,40.85,0.0,-8.31,21.45,-1.83,0.0,1,HIGH
2026-08-09 05:25:05,642,0.2302,0.0335,0.5817,25.86,40.2,0.0,-8.0,21.17,-2.16,0.0,1,HIGH
2026-08-09 05:25:05,643,0.2361,0.0273,0.5817,25.82,39.58,0.0,-8.0,21.17,-2.16,0.0,1,HIGH
2026-08-09 05:25:05,644,0.2402,0.0315,0.5817,25.78,39.01,0.0,-9.3,20.38,-1.84,0.0,1,HIGH
2026-08-09 05:25:05,645,0.2378,0.0395,0.5817,25.74,38.47,0.0,-9.3,20.38,-1.84,0.0,1,HIGH
2026-08-09 05:25:05,646,0.2384,0.0312,0.5817,25.7,37.96,0.0,-9.64,19.39,-2.14,0.0,1,HIGH
2026-08-09 05:25:05,647,0.2214,0.0264,0.5817,25.66,37.48,0.0,-9.64,19.39,-2.14,0.0,1,HIGH
2026-08-09 05:25:05,648,0.2472,0.0217,0.5817,25.62,37.03,0.0,-9.6,18.45,-1.65,0.0,1,HIGH
2026-08-09 05:25:05,649,0.2283,0.0206,0.5817,25.58,36.61,0.0,-9.6,18.45,-1.65,0.0,1,HIGH
2026-08-09 05:25:05,650,0.2019,0.0308,0.5817,25.54,36.22,0.0,-8.15,19.33,-0.63,0.0,1,HIGH
2026-08-09 05:25:05,651,0.1633,0.0268,0.5817,25.5,36.06,0.032,-8.15,19.33,-0.63,0.0,1,HIGH
2026-08-09 05:25:05,652,0.1503,0.0342,0.5817,25.46,36.3,0.065,-11.38,18.07,-1.79,0.0,1,HIGH
2026-08-09 05:25:05,653,0.1325,0.0458,0.6013,25.42,37.49,0.097,-11.38,18.07,-1.79,0.0,1,HIGH
2026-08-09 05:25:06,654,0.1498,0.0346,0.6078,25.38,37.67,0.13,-9.47,20.24,-1.8,0.0,1,HIGH
2026-08-09 05:25:06,655,0.17,0.0437,0.6144,25.35,37.47,0.162,-9.47,20.24,-1.8,0.0,1,HIGH
2026-08-09 05:25:06,656,0.1852,0.0336,0.6144,25.31,37.18,0.162,-7.57,20.48,-1.51,0.0,1,HIGH
2026-08-09 05:25:06,657,0.1945,0.0536,0.6144,25.27,36.92,0.162,-7.57,20.48,-1.51,0.0,1,HIGH
2026-08-09 05:25:06,658,0.2017,0.0377,0.6144,28.03,36.5,0.0,-5.91,21.21,-0.71,0.0,1,HIGH
2026-08-09 05:25:06,659,0.2035,0.0253,0.6144,27.99,36.11,0.0,-5.91,21.21,-0.71,0.0,1,HIGH
2026-08-09 05:25:06,660,0.2164,0.017,0.6144,27.95,35.74,0.0,-4.55,20.32,-0.63,0.0,1,HIGH
2026-08-09 05:25:06,661,0.2109,0.017,0.6144,27.91,35.4,0.0,-4.55,20.32,-0.63,0.0,1,HIGH
2026-08-09 05:25:06,662,0.2299,0.0366,0.6144,27.86,35.08,0.0,-3.5,22.74,0.09,0.0,1,HIGH
2026-08-09 05:25:06,663,0.2252,0.0321,0.6144,27.82,34.77,0.0,-3.5,22.74,0.09,0.0,1,HIGH
2026-08-09 05:25:06,664,0.2358,0.0447,0.6144,27.78,34.49,0.0,-2.99,22.88,0.15,0.0,1,HIGH
2026-08-09 05:25:06,665,0.2288,0.0461,0.6144,27.74,34.22,0.0,-2.99,22.88,0.15,0.0,1,HIGH
2026-08-09 05:25:06,666,0.235,0.0584,0.6144,27.7,33.96,0.0,-2.74,25.17,-0.59,0.0,1,HIGH
2026-08-09 05:25:06,667,0.2507,0.0452,0.6144,27.66,33.73,0.0,-2.74,25.17,-0.59,0.0,1,HIGH
2026-08-09 05:25:06,668,0.233,0.0461,0.6144,27.61,33.5,0.0,-2.79,27.14,-0.5,0.0,1,HIGH
2026-08-09 05:25:06,669,0.2545,0.0462,0.6144,27.57,33.29,0.0,-2.79,27.14,-0.5,0.0,1,HIGH
2026-08-09 05:25:06,670,0.2448,0.0448,0.6144,27.53,33.09,0.0,-2.04,25.86,-0.22,0.0,1,HIGH
2026-08-09 05:25:06,671,0.2553,0.0404,0.6144,27.49,32.91,0.0,-2.04,25.86,-0.22,0.0,1,HIGH
2026-08-09 05:25:06,672,0.2656,0.0326,0.6144,27.45,32.73,0.0,-2.75,25.63,-0.26,0.0,1,HIGH
2026-08-09 05:25:06,673,0.2717,0.0337,0.6144,27.41,32.57,0.0,-2.75,25.63,-0.26,0.0,1,HIGH
2026-08-09 05:25:06,674,0.2483,0.0356,0.6144,27.37,32.42,0.0,-2.15,25.11,-0.14,0.0,1,HIGH
2026-08-09 05:25:06,675,0.2586,0.0294,0.6144,27.33,32.27,0.0,-2.15,25.11,-0.14,0.0,1,HIGH
2026-08-09 05:25:06,676,0.2547,0.0252,0.6144,27.29,32.13,0.0,-2.69,24.58,-0.5,0.0,1,HIGH
2026-08-09 05:25:06,677,0.2552,0.0367,0.6078,27.25,32.01,0.0,-2.69,24.58,-0.5,0.0,1,HIGH
2026-08-09 05:25:06,678,0.2448,0.0193,0.6013,27.21,31.89,0.0,-3.18,24.98,-0.45,0.0,1,HIGH
2026-08-09 05:25:06,679,0.2684,0.0352,0.5948,27.17,31.77,0.0,-3.18,24.98,-0.45,0.0,1,HIGH
2026-08-09 05:25:06,680,0.2535,0.0295,0.5882,27.13,31.67,0.0,-3.52,26.7,-1.03,0.0,1,HIGH
2026-08-09 05:25:06,681,0.2582,0.0259,0.5817,27.09,31.57,0.0,-3.52,26.7,-1.03,0.0,1,LOW
2026-08-09 05:25:06,682,0.2668,0.0292,0.5752,27.05,31.47,0.0,-2.73,25.47,-0.71,0.0,1,LOW
2026-08-09 05:25:06,683,0.2598,0.0198,0.5686,27.01,31.38,0.0,-2.73,25.47,-0.71,0.0,1,LOW
2026-08-09 05:25:07,684,0.2429,0.0282,0.5649,27.09,31.3,0.0,-2.16,25.93,0.14,0.0,1,LOW
2026-08-09 05:25:07,685,0.2506,0.0472,0.5584,27.05,31.22,0.0,-2.16,25.93,0.14,0.0,1,LOW
2026-08-09 05:25:07,686,0.2339,0.0345,0.5519,27.01,31.15,0.0,-2.64,27.14,-0.04,0.0,1,LOW
2026-08-09 05:25:07,687,0.2455,0.029,0.5455,26.97,31.08,0.0,-2.64,27.14,-0.04,0.0,1,LOW
2026-08-09 05:25:07,688,0.2342,0.0238,0.539,26.93,31.02,0.0,-3.69,25.88,-0.49,0.0,1,LOW
2026-08-09 05:25:07,689,0.231,0.0433,0.5325,26.89,30.95,0.0,-3.69,25.88,-0.49,0.0,1,LOW
2026-08-09 05:25:07,690,0.2297,0.1709,0.526,26.85,30.9,0.0,-4.12,29.71,-1.9,0.0,1,LOW
2026-08-09 05:25:07,691,0.2131,0.1877,0.5195,26.82,30.84,0.0,-4.12,29.71,-1.9,0.0,1,LOW
2026-08-09 05:25:07,692,0.2222,0.1703,0.513,26.78,30.79,0.0,-4.37,28.86,-1.78,0.0,1,LOW
2026-08-09 05:25:07,693,0.2266,0.1257,0.5065,26.74,30.75,0.0,-4.37,28.86,-1.78,0.0,1,LOW
2026-08-09 05:25:07,694,0.2196,0.1423,0.5,26.7,30.7,0.0,-4.79,26.57,-1.54,0.0,1,LOW
2026-08-09 05:25:07,695,0.2184,0.1395,0.4935,26.66,30.66,0.0,-4.79,26.57,-1.54,0.0,1,LOW
2026-08-09 05:25:07,696,0.1756,0.1001,0.487,26.62,30.7,0.032,-7.22,25.63,-1.92,0.0,1,LOW
2026-08-09 05:25:07,697,0.1389,0.0827,0.4805,26.58,32.68,0.065,-7.22,25.63,-1.92,0.0,1,LOW
2026-08-09 05:25:07,698,0.1299,0.0905,0.4935,26.55,34.79,0.097,-8.57,23.54,-2.46,0.0,1,LOW
2026-08-09 05:25:07,699,0.1522,0.0812,0.4935,26.51,35.45,0.129,-8.57,23.54,-2.46,0.0,1,LOW
2026-08-09 05:25:07,700,0.1608,0.0975,0.4935,26.47,35.65,0.162,-6.56,24.72,-2.03,0.0,1,LOW
2026-08-09 05:25:07,701,0.1856,0.0748,0.487,26.43,35.48,0.162,-6.56,24.72,-2.03,0.0,1,LOW
2026-08-09 05:25:07,702,0.2181,0.0514,0.4805,26.4,35.31,0.162,-6.29,23.58,-1.68,0.0,1,LOW
2026-08-09 05:25:07,703,0.208,0.027,0.474,28.99,34.99,0.0,-6.29,23.58,-1.68,0.0,1,LOW
2026-08-09 05:25:07,704,0.2287,0.0423,0.4675,28.95,34.69,0.0,-4.5,22.22,-0.58,0.0,1,LOW
2026-08-09 05:25:07,705,0.2187,0.0092,0.461,28.91,34.41,0.0,-4.5,22.22,-0.58,0.0,1,LOW
2026-08-09 05:25:07,706,0.2163,0.0216,0.4545,28.87,34.15,0.0,-6.92,21.06,-1.19,0.0,1,LOW
2026-08-09 05:25:07,707,0.2194,0.0026,0.4481,28.83,33.9,0.0,-6.92,21.06,-1.19,0.0,1,LOW
2026-08-09 05:25:07,708,0.2176,0.011,0.4416,28.79,33.66,0.0,-7.52,20.72,-1.45,0.0,1,LOW
2026-08-09 05:25:07,709,0.225,0.015,0.4351,28.75,33.44,0.0,-7.52,20.72,-1.45,0.0,1,LOW
2026-08-09 05:25:07,710,0.2181,0.0121,0.4286,28.71,33.24,0.0,-6.47,20.86,-1.04,0.0,1,LOW
2026-08-09 05:25:07,711,0.2221,0.0133,0.4221,28.67,33.04,0.0,-6.47,20.86,-1.04,0.0,1,LOW
2026-08-09 05:25:07,712,0.2304,0.0093,0.4156,28.63,32.86,0.0,-5.45,19.1,-0.6,0.0,1,LOW
2026-08-09 05:25:07,713,0.2381,0.0195,0.4091,28.59,32.69,0.0,-5.45,19.1,-0.6,0.0,1,LOW
2026-08-09 05:25:08,714,0.236,0.0291,0.4026,28.55,32.53,0.0,-5.05,20.88,-0.47,0.0,1,LOW
2026-08-09 05:25:08,715,0.2326,0.0186,0.3961,28.51,32.35,0.0,-5.05,20.88,-0.47,0.0,1,LOW
2026-08-09 05:25:08,716,0.2355,0.0133,0.3896,28.47,32.15,0.0,-5.62,20.19,-0.66,0.0,1,LOW
2026-08-09 05:25:08,717,0.2329,0.0199,0.3831,28.43,31.92,0.0,-5.62,20.19,-0.66,0.0,1,LOW
2026-08-09 05:25:08,718,0.2308,0.0258,0.3766,28.39,31.66,0.0,-7.47,22.27,-2.13,0.0,1,LOW
2026-08-09 05:25:08,719,0.2393,0.0988,0.3701,28.35,31.38,0.0,-7.47,22.27,-2.13,0.0,1,LOW
2026-08-09 05:25:08,720,0.2039,0.1955,0.3636,28.31,31.08,0.0,-3.15,27.12,-1.48,0.0,1,LOW
2026-08-09 05:25:08,721,0.2064,0.2723,0.3571,28.27,30.76,0.0,-3.15,27.12,-1.48,0.0,1,LOW
2026-08-09 05:25:08,722,0.225,0.3065,0.3506,28.23,30.42,0.0,-2.5,30.36,-1.87,0.0,1,LOW
2026-08-09 05:25:08,723,0.2219,0.3818,0.3442,28.19,30.06,0.0,-2.5,30.36,-1.87,0.0,1,LOW
2026-08-09 05:25:08,724,0.2294,0.3977,0.3377,28.15,29.68,0.0,-1.28,29.13,-1.0,0.0,1,LOW
2026-08-09 05:25:08,725,0.2231,0.4215,0.3312,28.12,29.29,0.0,-1.28,29.13,-1.0,0.0,1,LOW
2026-08-09 05:25:08,726,0.2231,0.4386,0.3247,28.08,28.88,0.0,-1.24,30.55,-1.0,0.0,1,LOW
2026-08-09 05:25:08,727,0.2286,0.4866,0.3182,28.04,28.45,0.0,-1.24,30.55,-1.0,0.0,1,LOW
2026-08-09 05:25:08,728,0.2369,0.5242,0.3117,28.0,28.02,0.0,-1.02,31.88,-0.68,0.0,1,LOW
2026-08-09 05:25:08,729,0.224,0.5548,0.3052,27.96,27.57,0.0,-1.02,31.88,-0.68,0.0,1,LOW
2026-08-09 05:25:08,730,0.2304,0.5418,0.2987,27.92,27.11,0.0,0.16,31.18,0.01,0.0,1,LOW
2026-08-09 05:25:08,731,0.2223,0.5671,0.2922,27.88,26.63,0.0,0.16,31.18,0.01,0.0,1,LOW
2026-08-09 05:25:08,732,0.2273,0.5791,0.2857,27.85,26.15,0.0,0.01,31.29,0.18,0.0,1,LOW
2026-08-09 05:25:08,733,0.2215,0.5927,0.2792,27.81,25.66,0.0,0.01,31.29,0.18,0.0,1,LOW
2026-08-09 05:25:08,734,0.2104,0.6275,0.2727,27.77,25.18,0.0,-0.88,30.46,0.04,0.0,1,LOW
2026-08-09 05:25:08,735,0.1982,0.6576,0.2662,27.73,24.73,0.0,-0.88,30.46,0.04,0.0,1,LOW
2026-08-09 05:25:08,736,0.2062,0.6837,0.2597,27.7,24.31,0.0,-0.29,31.01,0.81,0.0,1,LOW
2026-08-09 05:25:08,737,0.207,0.6801,0.2532,27.66,23.89,0.0,-0.29,31.01,0.81,0.0,1,LOW
2026-08-09 05:25:08,738,0.2057,0.6957,0.2468,27.62,23.5,0.0,-1.48,30.17,0.07,0.0,1,LOW
2026-08-09 05:25:08,739,0.198,0.6871,0.2403,27.58,23.12,0.0,-1.48,30.17,0.07,0.0,1,LOW
2026-08-09 05:25:08,740,0.2104,0.7133,0.2338,27.55,22.76,0.0,-0.72,29.27,0.08,0.0,1,LOW
2026-08-09 05:25:08,741,0.1964,0.7299,0.2273,27.51,22.42,0.0,-0.72,29.27,0.08,0.0,1,LOW
2026-08-09 05:25:08,742,0.2011,0.7326,0.2208,27.47,22.09,0.0,-1.8,30.99,0.31,0.0,1,LOW
2026-08-09 05:25:08,743,0.2035,0.7781,0.2143,27.44,21.77,0.0,-1.8,30.99,0.31,0.0,1,LOW
2026-08-09 05:25:08,744,0.1937,0.8124,0.2078,27.4,21.46,0.0,-2.22,31.46,-0.16,0.0,1,LOW
2026-08-09 05:25:09,745,0.187,0.7941,0.2013,27.36,21.16,0.0,-2.22,31.46,-0.16,0.0,1,LOW
2026-08-09 05:25:09,746,0.1934,0.7276,0.1948,27.32,20.88,0.0,-2.41,29.68,-0.07,0.0,1,LOW
2026-08-09 05:25:09,747,0.2002,0.7373,0.1883,27.29,20.6,0.0,-2.41,29.68,-0.07,0.0,1,LOW
2026-08-09 05:25:09,748,0.1995,0.7601,0.1818,27.25,20.34,0.0,-2.25,30.26,-0.38,0.0,1,LOW
2026-08-09 05:25:09,749,0.1946,0.7759,0.1753,27.22,20.05,0.0,-2.25,30.26,-0.38,0.0,1,LOW
2026-08-09 05:25:09,750,0.2012,0.7591,0.1688,27.18,19.74,0.0,-2.95,30.13,-0.19,0.0,1,LOW
2026-08-09 05:25:09,751,0.1835,0.7413,0.1623,27.14,19.41,0.0,-2.95,30.13,-0.19,0.0,1,LOW
2026-08-09 05:25:09,752,0.1841,0.7684,0.1558,27.11,19.06,0.0,-2.88,29.57,-0.43,0.0,1,LOW
2026-08-09 05:25:09,753,0.1896,0.7704,0.1494,27.07,18.69,0.0,-2.88,29.57,-0.43,0.0,1,LOW
2026-08-09 05:25:09,754,0.1901,0.7328,0.1429,27.04,18.31,0.0,-3.66,29.63,-0.48,0.0,1,LOW
2026-08-09 05:25:09,755,0.1892,0.7705,0.1364,27.0,17.91,0.0,-3.66,29.63,-0.48,0.0,1,LOW
2026-08-09 05:25:09,756,0.1979,0.7636,0.1299,26.96,17.49,0.0,-3.77,28.83,-0.68,0.0,1,LOW
2026-08-09 05:25:09,757,0.182,0.7344,0.1234,26.93,17.06,0.0,-3.77,28.83,-0.68,0.0,1,LOW
2026-08-09 05:25:09,758,0.1728,0.7478,0.1169,26.89,16.71,0.032,-3.5,29.35,0.27,0.0,1,LOW
2026-08-09 05:25:09,759,0.1796,0.7802,0.1104,26.86,16.28,0.032,-3.5,29.35,0.27,0.0,1,LOW
2026-08-09 05:25:09,760,0.181,0.7658,0.1039,26.82,15.84,0.032,-4.0,30.54,-0.06,0.0,1,LOW
2026-08-09 05:25:09,761,0.1911,0.7698,0.0974,26.79,15.37,0.0,-4.0,30.54,-0.06,0.0,1,LOW
2026-08-09 05:25:09,762,0.1556,0.7852,0.0909,26.75,15.25,0.032,-4.28,30.54,0.44,0.0,1,LOW
2026-08-09 05:25:09,763,0.1695,0.7748,0.0844,26.72,14.98,0.065,-4.28,30.54,0.44,0.0,1,LOW
2026-08-09 05:25:09,764,0.1365,0.772,0.0844,26.68,15.82,0.097,-6.9,30.07,-0.65,0.0,1,LOW
2026-08-09 05:25:09,765,0.1493,0.7817,0.0909,26.65,15.95,0.129,-6.9,30.07,-0.65,0.0,1,LOW
2026-08-09 05:25:09,766,0.1557,0.7918,0.0974,26.61,15.93,0.162,-6.84,30.32,-0.73,0.0,1,LOW
2026-08-09 05:25:09,767,0.1412,0.7851,0.1039,26.58,16.76,0.194,-6.84,30.32,-0.73,0.0,1,LOW
2026-08-09 05:25:09,768,0.1656,0.7911,0.1104,26.54,16.68,0.226,-7.15,31.83,-0.23,0.0,1,LOW
2026-08-09 05:25:09,769,0.1702,0.7993,0.1169,26.51,16.62,0.259,-7.15,31.83,-0.23,0.0,1,LOW
2026-08-09 05:25:09,770,0.1569,0.785,0.1234,26.47,17.31,0.291,-7.99,29.45,-0.93,0.0,1,LOW
2026-08-09 05:25:09,771,0.1654,0.7505,0.1299,26.44,17.69,0.323,-7.99,29.45,-0.93,0.0,1,LOW
2026-08-09 05:25:09,772,0.1528,0.7536,0.1364,26.41,18.88,0.356,-8.85,30.54,-1.03,0.0,1,LOW
2026-08-09 05:25:09,773,0.1623,0.6909,0.1429,26.37,19.6,0.388,-8.85,30.54,-1.03,0.0,1,LOW
2026-08-09 05:25:09,774,0.1531,0.6586,0.1494,26.34,20.87,0.42,-12.92,31.03,-1.93,0.0,1,LOW
2026-08-09 05:25:10,775,0.1644,0.7311,0.1558,26.3,21.57,0.453,-12.92,31.03,-1.93,0.0,1,LOW
2026-08-09 05:25:10,776,0.1577,0.6934,0.1623,26.27,22.7,0.485,-15.11,30.01,-1.1,0.0,1,LOW
2026-08-09 05:25:10,777,0.1467,0.701,0.1688,26.24,24.4,0.517,-15.11,30.01,-1.1,0.0,1,LOW
2026-08-09 05:25:10,778,0.1645,0.6462,0.1753,26.2,25.1,0.55,-14.1,30.88,-0.43,0.0,1,LOW
2026-08-09 05:25:10,779,0.1745,0.6897,0.1818,26.17,25.41,0.582,-14.1,30.88,-0.43,0.0,1,LOW
2026-08-09 05:25:10,780,0.1546,0.6215,0.1883,26.14,26.91,0.614,-13.86,30.04,-0.13,0.0,1,LOW
2026-08-09 05:25:10,781,0.1584,0.5937,0.1948,26.1,26.77,0.647,-13.86,30.04,-0.13,0.0,1,LOW
2026-08-09 05:25:10,782,0.1422,0.5753,0.2013,26.07,27.35,0.679,-18.28,28.3,-0.16,0.0,1,LOW
2026-08-09 05:25:10,783,0.1596,0.5942,0.2078,26.04,27.31,0.711,-18.28,28.3,-0.16,0.0,1,LOW
2026-08-09 05:25:10,784,0.15,0.5738,0.2143,26.0,27.9,0.744,-20.0,24.26,-0.41,0.0,1,LOW
2026-08-09 05:25:10,785,0.1563,0.5289,0.2208,25.97,28.32,0.776,-20.0,24.26,-0.41,0.0,1,LOW
2026-08-09 05:25:10,786,0.1464,0.549,0.2273,25.94,29.4,0.808,-18.98,25.09,-1.22,0.0,1,LOW
2026-08-09 05:25:10,787,0.1456,0.537,0.2338,25.9,30.54,0.841,-18.98,25.09,-1.22,0.0,1,LOW
2026-08-09 05:25:10,788,0.1661,0.5217,0.2403,25.87,30.67,0.873,-18.83,22.82,-0.17,0.0,1,LOW
2026-08-09 05:25:10,789,0.1677,0.5382,0.2468,25.84,30.96,0.905,-18.83,22.82,-0.17,0.0,1,LOW
2026-08-09 05:25:10,790,0.1571,0.5784,0.2532,25.8,31.97,0.938,-21.74,22.12,-0.43,0.0,1,LOW
2026-08-09 05:25:10,791,0.1518,0.5963,0.2597,25.77,33.29,0.97,-21.74,22.12,-0.43,0.0,1,LOW
2026-08-09 05:25:10,792,0.1423,0.5558,0.2662,25.74,35.05,1.002,-18.1,22.08,-1.23,0.0,1,LOW
2026-08-09 05:25:10,793,0.1549,0.5699,0.2727,25.71,36.06,1.035,-18.1,22.08,-1.23,0.0,1,LOW
2026-08-09 05:25:10,794,0.1426,0.5875,0.2792,25.68,37.73,1.067,-18.03,24.66,-1.22,0.0,1,LOW
2026-08-09 05:25:10,795,0.1442,0.5599,0.2857,25.64,39.21,1.099,-18.03,24.66,-1.22,0.0,1,LOW
2026-08-09 05:25:10,796,0.1615,0.576,0.2922,25.61,39.77,1.132,-17.31,25.14,-1.36,0.0,1,LOW
2026-08-09 05:25:10,797,0.1381,0.5913,0.2987,25.58,41.62,1.164,-17.31,25.14,-1.36,0.0,1,LOW
2026-08-09 05:25:10,798,0.1537,0.5897,0.3052,25.55,42.56,1.196,-19.77,23.37,-1.51,0.0,1,LOW
2026-08-09 05:25:10,799,0.147,0.5984,0.3117,25.51,43.89,1.229,-19.77,23.37,-1.51,0.0,1,LOW
2026-08-09 05:25:10,800,0.1459,0.6034,0.3182,25.48,45.36,1.261,-19.92,23.65,-1.42,0.0,1,LOW
2026-08-09 05:25:10,801,0.152,0.5803,0.3247,25.45,46.34,1.293,-19.92,23.65,-1.42,0.0,1,LOW
2026-08-09 05:25:10,802,0.1422,0.6082,0.3312,25.42,47.98,1.326,-19.4,25.03,-1.18,0.0,1,LOW
2026-08-09 05:25:10,803,0.1442,0.6034,0.3377,25.39,49.54,1.358,-19.4,25.03,-1.18,0.0,1,LOW
2026-08-09 05:25:10,804,0.1431,0.6045,0.3442,25.38,51.18,1.389,-17.77,25.58,-0.05,0.0,1,LOW
2026-08-09 05:25:10,805,0.1564,0.6088,0.3442,25.35,52.04,1.421,-17.77,25.58,-0.05,0.0,1,LOW
2026-08-09 05:25:11,806,0.1399,0.5979,0.3442,25.32,53.18,1.454,-18.66,25.73,-1.08,0.0,1,LOW
2026-08-09 05:25:11,807,0.1545,0.5794,0.3312,25.29,53.18,1.486,-18.66,25.73,-1.08,0.0,1,LOW
2026-08-09 05:25:11,808,0.1459,0.5659,0.3377,25.26,53.87,1.518,-18.21,24.23,-0.42,0.0,1,LOW
2026-08-09 05:25:11,809,0.1545,0.5729,0.3442,25.22,54.24,1.551,-18.21,24.23,-0.42,0.0,1,LOW
2026-08-09 05:25:11,810,0.1463,0.5749,0.3506,25.19,55.19,1.583,-17.51,25.47,-0.67,0.0,1,LOW
2026-08-09 05:25:11,811,0.134,0.5894,0.3571,25.16,56.81,1.615,-17.51,25.47,-0.67,0.0,1,LOW
2026-08-09 05:25:11,812,0.1428,0.5961,0.3636,25.13,57.9,1.647,-17.97,25.09,-0.88,0.0,1,LOW
2026-08-09 05:25:11,813,0.1411,0.6023,0.3701,25.1,59.22,1.68,-17.97,25.09,-0.88,0.0,1,LOW
2026-08-09 05:25:11,814,0.1464,0.5816,0.3766,25.07,60.13,1.712,-16.96,24.87,0.17,0.0,1,LOW
2026-08-09 05:25:11,815,0.1384,0.5702,0.3831,25.04,61.5,1.744,-16.96,24.87,0.17,0.0,1,LOW
2026-08-09 05:25:11,816,0.1498,0.5961,0.3896,25.01,62.26,1.777,-17.52,24.62,-0.24,0.0,1,LOW
2026-08-09 05:25:11,817,0.1506,0.5914,0.3961,24.98,63.08,1.809,-17.52,24.62,-0.24,0.0,1,LOW
2026-08-09 05:25:11,818,0.1364,0.548,0.4026,24.95,64.62,1.841,-18.76,24.21,-0.48,0.0,1,LOW
2026-08-09 05:25:11,819,0.153,0.5803,0.4091,24.92,65.12,1.874,-18.76,24.21,-0.48,0.0,1,LOW
2026-08-09 05:25:11,820,0.151,0.5592,0.4156,24.89,65.73,1.906,-20.36,25.24,-1.13,0.0,1,LOW
2026-08-09 05:25:11,821,0.1438,0.6008,0.4221,24.86,66.8,1.938,-20.36,25.24,-1.13,0.0,1,LOW
2026-08-09 05:25:11,822,0.1468,0.6203,0.4286,24.83,67.72,1.97,-18.39,25.04,-0.42,0.0,1,LOW
2026-08-09 05:25:11,823,0.1491,0.571,0.4351,24.8,68.21,2.003,-18.39,25.04,-0.42,0.0,1,LOW
2026-08-09 05:25:11,824,0.1545,0.5774,0.4416,24.77,68.45,2.035,-17.11,23.73,-0.6,0.0,1,LOW
2026-08-09 05:25:11,825,0.1512,0.5602,0.4481,24.74,68.91,2.067,-17.11,23.73,-0.6,0.0,1,LOW
2026-08-09 05:25:11,826,0.1435,0.5851,0.4545,24.71,69.77,2.1,-16.81,24.56,-0.53,0.0,1,LOW
2026-08-09 05:25:11,827,0.1376,0.5809,0.461,24.68,70.86,2.132,-16.81,24.56,-0.53,0.0,1,LOW
2026-08-09 05:25:11,828,0.1396,0.5633,0.4675,24.65,71.73,2.164,-16.93,25.11,-0.3,0.0,1,LOW
2026-08-09 05:25:11,829,0.149,0.5691,0.474,24.62,72.06,2.197,-16.93,25.11,-0.3,0.0,1,LOW
2026-08-09 05:25:11,830,0.1477,0.5449,0.4805,24.59,72.5,2.229,-16.38,25.35,-0.03,0.0,1,LOW
2026-08-09 05:25:11,831,0.1495,0.5355,0.487,24.56,72.87,2.261,-16.38,25.35,-0.03,0.0,1,LOW
2026-08-09 05:25:11,832,0.1495,0.5589,0.4935,24.53,73.29,2.293,-16.78,24.43,0.18,0.0,1,LOW
2026-08-09 05:25:11,833,0.1524,0.5461,0.5,24.5,73.58,2.326,-16.78,24.43,0.18,0.0,1,LOW
2026-08-09 05:25:11,834,0.1471,0.5572,0.5065,24.47,74.2,2.358,-17.6,25.64,-0.47,0.0,1,HIGH
2026-08-09 05:25:11,835,0.1528,0.5133,0.513,24.44,74.51,2.39,-17.6,25.64,-0.47,0.0,1,HIGH
2026-08-09 05:25:12,836,0.1548,0.5327,0.5195,24.41,74.78,2.423,-16.88,24.79,-0.3,0.0,1,HIGH
2026-08-09 05:25:12,837,0.1437,0.524,0.526,24.38,75.66,2.455,-16.88,24.79,-0.3,0.0,1,HIGH
2026-08-09 05:25:12,838,0.1371,0.5797,0.5325,24.35,76.79,2.487,-17.04,25.8,-0.65,0.0,1,HIGH
2026-08-09 05:25:12,839,0.1532,0.5315,0.539,24.32,76.92,2.52,-17.04,25.8,-0.65,0.0,1,HIGH
2026-08-09 05:25:12,840,0.151,0.5466,0.5455,24.29,77.13,2.552,-16.46,23.54,-0.31,0.0,1,HIGH
2026-08-09 05:25:12,841,0.1437,0.5296,0.5519,24.27,77.66,2.584,-16.46,23.54,-0.31,0.0,1,HIGH
2026-08-09 05:25:12,842,0.1466,0.5442,0.5584,24.24,77.93,2.617,-17.74,24.47,-0.12,0.0,1,HIGH
2026-08-09 05:25:12,843,0.1547,0.5252,0.5649,24.21,77.87,2.649,-17.74,24.47,-0.12,0.0,1,HIGH
2026-08-09 05:25:12,844,0.152,0.5514,0.5714,24.18,77.86,2.681,-18.05,23.34,-0.55,0.0,1,HIGH
2026-08-09 05:25:12,845,0.1506,0.5454,0.5779,24.15,77.88,2.713,-18.05,23.34,-0.55,0.0,1,HIGH
2026-08-09 05:25:12,846,0.146,0.5487,0.5844,24.12,78.13,2.746,-16.17,24.45,-0.33,0.0,1,HIGH
2026-08-09 05:25:12,847,0.1516,0.5601,0.5909,24.09,78.11,2.778,-16.17,24.45,-0.33,0.0,1,HIGH
2026-08-09 05:25:12,848,0.1489,0.5263,0.5974,24.07,78.16,2.81,-16.77,23.8,-0.26,0.0,1,HIGH
2026-08-09 05:25:12,849,0.1466,0.5592,0.6039,24.04,78.32,2.843,-16.77,23.8,-0.26,0.0,1,HIGH
2026-08-09 05:25:12,850,0.1525,0.5042,0.6039,24.01,78.27,2.875,-16.4,23.13,-0.68,0.0,1,HIGH
2026-08-09 05:25:12,851,0.1505,0.5576,0.6039,23.98,78.25,2.907,-16.4,23.13,-0.68,0.0,1,HIGH
2026-08-09 05:25:12,852,0.1594,0.5369,0.5909,23.95,78.12,2.94,-17.54,24.82,-0.01,0.0,1,HIGH
2026-08-09 05:25:12,853,0.1497,0.5503,0.5974,23.92,78.13,2.972,-17.54,24.82,-0.01,0.0,1,HIGH
2026-08-09 05:25:12,854,0.1467,0.5767,0.6039,23.9,78.29,3.004,-17.56,22.7,-0.04,0.0,1,HIGH
2026-08-09 05:25:12,855,0.1464,0.5542,0.6104,23.87,78.43,3.036,-17.56,22.7,-0.04,0.0,1,HIGH
2026-08-09 05:25:12,856,0.1476,0.5684,0.6169,23.84,78.47,3.069,-18.4,23.09,0.11,0.0,1,CRITICAL
2026-08-09 05:25:12,857,0.1541,0.5838,0.6234,23.81,78.39,3.101,-18.4,23.09,0.11,0.0,1,CRITICAL
2026-08-09 05:25:12,858,0.1565,0.5769,0.6299,23.79,78.29,3.133,-17.88,24.76,0.11,0.0,1,CRITICAL
2026-08-09 05:25:12,859,0.1611,0.5272,0.6364,23.76,78.13,3.166,-17.88,24.76,0.11,0.0,1,CRITICAL
2026-08-09 05:25:12,860,0.1492,0.5684,0.6429,23.73,78.16,3.198,-18.99,22.75,-0.2,0.0,1,CRITICAL
2026-08-09 05:25:12,861,0.1474,0.5866,0.6494,23.7,78.28,3.23,-18.99,22.75,-0.2,0.0,1,CRITICAL
2026-08-09 05:25:12,862,0.146,0.5532,0.6558,23.68,78.44,3.263,-18.62,24.83,-0.74,0.0,1,CRITICAL
2026-08-09 05:25:12,863,0.1409,0.5652,0.6623,23.65,78.82,3.295,-18.62,24.83,-0.74,0.0,1,CRITICAL
2026-08-09 05:25:12,864,0.1407,0.5245,0.6688,23.62,79.12,3.327,-19.45,24.16,-0.71,0.0,1,CRITICAL
2026-08-09 05:25:12,865,0.1586,0.4014,0.6753,23.59,78.95,3.359,-19.45,24.16,-0.71,0.0,1,CRITICAL
2026-08-09 05:25:13,866,0.1608,0.3728,0.6818,23.57,78.75,3.392,-19.7,22.37,1.4,0.0,1,CRITICAL
2026-08-09 05:25:13,867,0.1803,0.3335,0.6818,23.54,78.34,3.392,-19.7,22.37,1.4,0.0,1,CRITICAL
2026-08-09 05:25:13,868,0.1781,0.3188,0.6818,23.51,77.96,3.392,-23.51,15.09,0.36,0.0,1,CRITICAL
2026-08-09 05:25:13,869,0.1722,0.2801,0.6818,23.48,77.67,3.424,-23.51,15.09,0.36,0.0,1,CRITICAL
2026-08-09 05:25:13,870,0.1742,0.2057,0.6818,23.46,77.37,3.456,-23.28,14.71,-0.2,0.0,1,CRITICAL
2026-08-09 05:25:13,871,0.1755,0.2359,0.7013,23.43,77.07,3.489,-23.28,14.71,-0.2,0.0,1,CRITICAL
2026-08-09 05:25:13,872,0.1549,0.2165,0.7078,23.4,77.06,3.521,-23.73,13.57,-0.33,0.0,1,CRITICAL
2026-08-09 05:25:13,873,0.1501,0.1702,0.7143,23.38,77.29,3.553,-23.73,13.57,-0.33,0.0,1,CRITICAL
2026-08-09 05:25:13,874,0.1566,0.1811,0.7208,23.35,77.25,3.586,-24.47,13.19,-0.69,0.0,1,CRITICAL
2026-08-09 05:25:13,875,0.153,0.1753,0.7273,23.32,77.28,3.618,-24.47,13.19,-0.69,0.0,1,CRITICAL
2026-08-09 05:25:13,876,0.1557,0.1896,0.7338,23.3,77.26,3.65,-24.91,14.22,-0.75,0.0,1,CRITICAL
2026-08-09 05:25:13,877,0.1554,0.1208,0.7403,23.27,77.23,3.683,-24.91,14.22,-0.75,0.0,1,CRITICAL
2026-08-09 05:25:13,878,0.1509,0.1166,0.7403,23.24,60.24,0.0,-25.27,13.56,-0.86,0.0,0,OK
2026-08-09 05:25:13,879,0.1339,0.1329,0.7403,23.22,46.99,0.0,-25.27,13.56,-0.86,0.0,0,OK
2026-08-09 05:25:13,880,0.1487,0.1002,0.7403,23.19,36.65,0.0,-25.16,11.78,-1.11,0.0,0,OK
2026-08-09 05:25:13,881,0.1479,0.1094,0.7403,23.17,28.59,0.0,-25.16,11.78,-1.11,0.0,0,OK
2026-08-09 05:25:13,882,0.1601,0.0926,0.7403,23.14,29.86,0.032,-24.45,13.9,-0.96,0.0,1,OK
2026-08-09 05:25:13,883,0.1575,0.0702,0.7403,23.11,31.1,0.065,-24.45,13.9,-0.96,0.0,1,OK
2026-08-09 05:25:13,884,0.1482,0.1155,0.7597,23.09,32.64,0.097,-23.48,14.68,-1.43,0.0,1,OK
2026-08-09 05:25:13,885,0.1448,0.0732,0.7662,23.06,34.14,0.129,-23.48,14.68,-1.43,0.0,1,OK
2026-08-09 05:25:13,886,0.1541,0.0545,0.7727,23.03,34.96,0.162,-23.75,13.85,-1.61,0.0,1,OK
2026-08-09 05:25:13,887,0.1495,0.0798,0.7792,23.01,35.96,0.194,-23.75,13.85,-1.61,0.0,1,OK
2026-08-09 05:25:13,888,0.1588,0.0579,0.7857,22.98,36.39,0.226,-22.84,15.21,-1.59,0.0,1,OK
2026-08-09 05:25:13,889,0.13,0.0761,0.7922,22.96,38.27,0.258,-22.84,15.21,-1.59,0.0,1,OK
2026-08-09 05:25:13,890,0.1151,0.0688,0.7987,22.93,40.61,0.291,-24.23,17.78,-2.36,0.0,1,OK
2026-08-09 05:25:13,891,0.1103,0.0693,0.8052,22.91,42.78,0.323,-24.23,17.78,-2.36,0.0,1,OK
2026-08-09 05:25:13,892,0.1175,0.0752,0.8117,22.88,44.24,0.355,-21.73,17.97,-2.15,0.0,1,OK
2026-08-09 05:25:13,893,0.118,0.0671,0.8182,22.85,45.47,0.388,-21.73,17.97,-2.15,0.0,1,OK
2026-08-09 05:25:13,894,0.1289,0.065,0.8247,22.83,46.01,0.42,-21.0,17.78,-3.06,0.0,1,OK
2026-08-09 05:25:13,895,0.1476,0.06,0.8312,22.8,45.91,0.452,-21.0,17.78,-3.06,0.0,1,OK
2026-08-09 05:25:14,896,0.1517,0.0536,0.8377,22.78,45.79,0.485,-18.79,17.48,-3.28,0.0,1,OK
2026-08-09 05:25:14,897,0.1692,0.0505,0.8442,22.75,45.47,0.517,-18.79,17.48,-3.28,0.0,1,OK
2026-08-09 05:25:14,898,0.1635,0.065,0.8506,22.73,45.27,0.549,-17.09,18.11,-2.38,0.0,1,OK
2026-08-09 05:25:14,899,0.1858,0.0596,0.8506,22.7,44.91,0.549,-17.09,18.11,-2.38,0.0,1,OK
2026-08-09 05:25:14,900,0.1687,0.0557,0.8506,22.68,44.72,0.581,-15.54,18.59,-2.97,0.0,1,OK
2026-08-09 05:25:14,901,0.1902,0.0209,0.8506,22.65,44.42,0.581,-15.54,18.59,-2.97,0.0,1,OK
2026-08-09 05:25:14,902,0.1863,0.0119,0.8506,22.63,44.14,0.581,-15.03,15.81,-2.28,0.0,1,OK
2026-08-09 05:25:14,903,0.1703,0.0166,0.8506,22.6,44.0,0.614,-15.03,15.81,-2.28,0.0,1,OK
2026-08-09 05:25:14,904,0.1642,0.0143,0.8506,22.58,43.99,0.646,-13.43,16.0,-2.31,0.0,1,OK
2026-08-09 05:25:14,905,0.1329,0.0014,0.8701,22.55,45.61,0.678,-13.43,16.0,-2.31,0.0,1,OK
2026-08-09 05:25:14,906,0.1185,0.0052,0.8766,22.53,47.71,0.711,-14.04,16.05,-1.99,0.0,1,OK
2026-08-09 05:25:14,907,0.0952,0.0054,0.8831,22.5,50.52,0.743,-14.04,16.05,-1.99,0.0,1,OK
2026-08-09 05:25:14,908,0.1294,0.0032,0.8896,22.48,51.24,0.775,-11.41,16.31,-1.59,0.0,1,OK
2026-08-09 05:25:14,909,0.1369,0.0022,0.8961,22.45,51.55,0.808,-11.41,16.31,-1.59,0.0,1,OK
2026-08-09 05:25:14,910,0.1731,0.004,0.9026,22.43,51.15,0.84,-9.29,17.85,-1.69,0.0,1,OK
2026-08-09 05:25:14,911,0.189,0.0121,0.9026,22.4,50.73,0.84,-9.29,17.85,-1.69,0.0,1,OK
2026-08-09 05:25:14,912,0.2115,0.0023,0.9026,22.38,50.33,0.84,-8.53,15.98,-1.41,0.0,1,OK
2026-08-09 05:25:14,913,0.209,0.0047,0.9026,24.39,49.11,0.0,-8.53,15.98,-1.41,0.0,1,OK
2026-08-09 05:25:14,914,0.218,0.0121,0.9026,24.36,47.97,0.0,-7.48,15.33,-0.83,0.0,1,OK
2026-08-09 05:25:14,915,0.2229,0.0025,0.9026,24.33,46.89,0.0,-7.48,15.33,-0.83,0.0,1,OK
2026-08-09 05:25:14,916,0.2209,0.0033,0.8961,24.31,45.88,0.0,-7.73,15.23,-0.31,0.0,1,OK
2026-08-09 05:25:14,917,0.229,0.0035,0.8896,24.28,44.92,0.0,-7.73,15.23,-0.31,0.0,1,OK
2026-08-09 05:25:14,918,0.2298,0.0045,0.8831,24.25,44.03,0.0,-7.23,15.4,-0.35,0.0,1,OK
2026-08-09 05:25:14,919,0.23,0.0073,0.8766,24.23,43.19,0.0,-7.23,15.4,-0.35,0.0,1,OK
2026-08-09 05:25:14,920,0.2387,0.0034,0.8701,24.2,42.39,0.0,-5.56,15.0,0.54,0.0,1,OK
2026-08-09 05:25:14,921,0.2399,0.0033,0.8636,24.17,41.65,0.0,-5.56,15.0,0.54,0.0,1,OK
2026-08-09 05:25:14,922,0.2397,0.0157,0.8571,24.15,40.95,0.0,-3.39,17.97,0.87,0.0,1,OK
2026-08-09 05:25:14,923,0.2326,0.0291,0.8506,24.12,40.29,0.0,-3.39,17.97,0.87,0.0,1,OK
2026-08-09 05:25:14,924,0.1992,0.0185,0.8442,24.08,39.68,0.0,-5.21,20.81,0.34,0.0,1,OK
2026-08-09 05:25:14,925,0.1534,0.0237,0.8377,24.05,39.45,0.032,-5.21,20.81,0.34,0.0,1,OK
2026-08-09 05:25:14,926,0.1517,0.0244,0.8312,24.03,39.29,0.065,-2.55,22.72,0.58,0.0,1,OK
2026-08-09 05:25:15,927,0.1932,0.022,0.8247,24.0,38.8,0.065,-2.55,22.72,0.58,0.0,1,OK
2026-08-09 05:25:15,928,0.2339,0.0276,0.8182,23.98,38.34,0.065,-1.81,25.66,0.07,0.0,1,OK
2026-08-09 05:25:15,929,0.2399,0.0286,0.8117,25.95,37.84,0.0,-1.81,25.66,0.07,0.0,1,OK
2026-08-09 05:25:15,930,0.2564,0.0227,0.8052,25.92,37.37,0.0,-1.09,25.3,0.06,0.0,1,OK
2026-08-09 05:25:15,931,0.264,0.0449,0.7987,25.89,36.92,0.0,-1.09,25.3,0.06,0.0,1,OK
2026-08-09 05:25:15,932,0.2709,0.0378,0.7922,25.86,36.51,0.0,-1.06,26.4,-0.03,0.0,1,OK
2026-08-09 05:25:15,933,0.2743,0.0451,0.7857,25.83,36.12,0.0,-1.06,26.4,-0.03,0.0,1,OK
2026-08-09 05:25:15,934,0.2734,0.0449,0.7792,25.81,35.75,0.0,-1.34,27.52,-0.26,0.0,1,OK
2026-08-09 05:25:15,935,0.2896,0.0277,0.7727,25.78,35.41,0.0,-1.34,27.52,-0.26,0.0,1,OK
2026-08-09 05:25:15,936,0.277,0.0421,0.7662,25.75,35.08,0.0,-2.6,27.66,-0.56,0.0,1,OK
2026-08-09 05:25:15,937,0.2868,0.0461,0.7597,25.72,34.78,0.0,-2.6,27.66,-0.56,0.0,1,OK
2026-08-09 05:25:15,938,0.2864,0.0256,0.7532,25.7,34.49,0.0,-4.69,29.6,-1.21,0.0,1,OK
2026-08-09 05:25:15,939,0.2793,0.0316,0.7468,25.67,34.22,0.0,-4.69,29.6,-1.21,0.0,1,OK
2026-08-09 05:25:15,940,0.274,0.0498,0.7403,25.64,33.97,0.0,-7.18,35.12,-1.52,0.0,1,LOW
2026-08-09 05:25:15,941,0.2962,0.0468,0.7338,25.62,33.73,0.0,-7.18,35.12,-1.52,0.0,1,LOW
2026-08-09 05:25:15,942,0.279,0.051,0.7273,25.59,33.51,0.0,-10.92,39.84,-1.6,0.0,1,LOW
2026-08-09 05:25:15,943,0.2693,0.1678,0.7208,25.56,33.29,0.0,-10.92,39.84,-1.6,0.0,1,LOW
2026-08-09 05:25:15,944,0.2659,0.0638,0.7143,25.53,25.97,0.0,-21.48,49.01,-0.7,0.0,0,OK
2026-08-09 05:25:15,945,0.2485,0.0281,0.7078,25.51,20.26,0.0,-21.48,49.01,-0.7,0.0,0,OK
2026-08-09 05:25:15,946,0.2789,0.1034,0.7013,25.48,10.91,0.0,5.71,42.42,4.35,0.0,1,OK
2026-08-09 05:25:15,947,0.3617,0.1224,0.6948,25.45,15.11,0.0,5.71,42.42,4.35,0.0,1,OK
2026-08-09 05:25:15,948,0.3278,0.1039,0.6883,25.43,11.78,0.0,-10.19,45.75,-2.56,0.0,0,OK
2026-08-09 05:25:16,949,0.3343,0.0703,0.6818,25.4,9.19,0.0,-10.19,45.75,-2.56,0.0,0,OK
2026-08-09 05:25:16,950,0.3354,0.0872,0.6753,25.37,7.17,0.0,-7.02,46.16,-0.22,0.0,0,OK
2026-08-09 05:25:16,951,0.315,0.0775,0.6688,25.35,5.59,0.0,-7.02,46.16,-0.22,0.0,0,OK
2026-08-09 05:25:16,952,0.3001,0.0723,0.6623,25.32,10.96,0.0,-5.72,44.67,-0.13,0.0,1,OK
2026-08-09 05:25:16,953,0.2896,0.0814,0.6558,25.29,15.15,0.0,-5.72,44.67,-0.13,0.0,1,OK
2026-08-09 05:25:16,954,0.2942,0.0725,0.6494,25.27,18.42,0.0,-7.16,43.02,-0.4,0.0,1,OK
2026-08-09 05:25:16,955,0.2854,0.0816,0.6429,25.24,20.97,0.0,-7.16,43.02,-0.4,0.0,1,OK
2026-08-09 05:25:16,956,0.2552,0.0848,0.6364,25.21,22.95,0.0,-8.55,40.37,-0.37,0.0,1,OK
2026-08-09 05:25:16,957,0.2121,0.0717,0.6299,25.19,24.5,0.0,-8.55,40.37,-0.37,0.0,1,OK
2026-08-09 05:25:16,958,0.2297,0.083,0.6234,25.16,25.71,0.0,-12.01,36.6,-0.78,0.0,1,OK
2026-08-09 05:25:16,959,0.2546,0.0701,0.6169,25.14,26.66,0.0,-12.01,36.6,-0.78,0.0,1,OK
2026-08-09 05:25:16,960,0.2612,0.0729,0.6104,25.11,27.39,0.0,-12.89,34.04,-1.09,0.0,1,OK
2026-08-09 05:25:16,961,0.2611,0.0593,0.6039,25.08,27.97,0.0,-12.89,34.04,-1.09,0.0,1,OK
2026-08-09 05:25:16,962,0.2692,0.0727,0.5974,25.06,28.41,0.0,-12.38,33.72,-0.59,0.0,1,OK
2026-08-09 05:25:16,963,0.2675,0.069,0.5909,25.03,28.76,0.0,-12.38,33.72,-0.59,0.0,1,OK
2026-08-09 05:25:16,964,0.2705,0.0526,0.5844,25.0,29.03,0.0,-12.82,30.46,-0.56,0.0,1,OK
2026-08-09 05:25:16,965,0.2647,0.047,0.5779,24.98,29.25,0.0,-12.82,30.46,-0.56,0.0,1,OK
2026-08-09 05:25:16,966,0.2723,0.0471,0.5714,24.95,29.41,0.0,-14.67,29.8,0.41,0.0,1,OK
2026-08-09 05:25:16,967,0.2549,0.0432,0.5649,24.93,29.54,0.0,-14.67,29.8,0.41,0.0,1,OK
2026-08-09 05:25:16,968,0.2404,0.0524,0.5584,24.9,29.64,0.0,-15.51,27.49,0.61,0.0,1,OK
2026-08-09 05:25:16,969,0.1889,0.0561,0.5519,24.88,29.72,0.0,-15.51,27.49,0.61,0.0,1,OK
2026-08-09 05:25:16,970,0.1444,0.045,0.5455,24.85,31.52,0.032,-17.87,25.33,1.37,0.0,1,OK
2026-08-09 05:25:16,971,0.1448,0.0424,0.539,24.82,33.03,0.065,-17.87,25.33,1.37,0.0,1,OK
2026-08-09 05:25:16,972,0.1648,0.0341,0.5519,24.8,33.33,0.097,-17.92,24.61,2.99,0.0,1,OK
2026-08-09 05:25:16,973,0.1811,0.0261,0.5455,24.77,33.22,0.097,-17.92,24.61,2.99,0.0,1,OK
2026-08-09 05:25:16,974,0.21,0.0289,0.539,24.75,33.13,0.097,-18.15,23.03,3.53,0.0,1,OK
2026-08-09 05:25:16,975,0.2208,0.027,0.5325,26.62,32.94,0.0,-18.15,23.03,3.53,0.0,1,OK
2026-08-09 05:25:16,976,0.2342,0.0537,0.526,26.6,32.76,0.0,-18.53,23.04,3.05,0.0,1,OK
2026-08-09 05:25:16,977,0.2333,0.033,0.5195,26.57,32.6,0.0,-18.53,23.04,3.05,0.0,1,OK
2026-08-09 05:25:16,978,0.2476,0.0516,0.513,26.54,32.44,0.0,-17.53,24.74,2.73,0.0,1,OK
2026-08-09 05:25:17,979,0.2467,0.0452,0.5065,26.52,32.3,0.0,-17.53,24.74,2.73,0.0,1,OK
2026-08-09 05:25:17,980,0.2424,0.0433,0.5,26.49,32.16,0.0,-18.98,25.43,2.27,0.0,1,OK
2026-08-09 05:25:17,981,0.245,0.0445,0.4935,26.46,32.03,0.0,-18.98,25.43,2.27,0.0,1,LOW
2026-08-09 05:25:17,982,0.2353,0.0551,0.487,26.44,31.91,0.0,-18.69,28.43,2.44,0.0,1,LOW
2026-08-09 05:25:17,983,0.1953,0.0686,0.4805,26.41,31.79,0.0,-18.69,28.43,2.44,0.0,1,LOW
2026-08-09 05:25:17,984,0.189,0.0479,0.474,26.38,31.69,0.0,-16.26,27.33,3.13,0.0,1,LOW
2026-08-09 05:25:17,985,0.1842,0.0345,0.4675,26.35,31.58,0.0,-16.26,27.33,3.13,0.0,1,LOW
2026-08-09 05:25:17,986,0.2094,0.0583,0.461,26.33,31.49,0.0,-13.46,26.46,3.59,0.0,1,LOW
2026-08-09 05:25:17,987,0.2312,0.0479,0.4545,26.3,31.4,0.0,-13.46,26.46,3.59,0.0,1,LOW
2026-08-09 05:25:17,988,0.2346,0.0353,0.4481,26.27,31.32,0.0,-9.73,24.1,5.66,0.0,1,LOW
2026-08-09 05:25:17,989,0.2272,0.0419,0.4416,26.25,31.24,0.0,-9.73,24.1,5.66,0.0,1,LOW
2026-08-09 05:25:17,990,0.2436,0.04,0.4351,26.22,31.16,0.0,-5.37,23.04,7.67,0.0,1,LOW
2026-08-09 05:25:17,991,0.2418,0.0297,0.4286,26.2,31.09,0.0,-5.37,23.04,7.67,0.0,1,LOW
2026-08-09 05:25:17,992,0.2439,0.0217,0.4221,26.17,31.03,0.0,-2.7,14.53,9.68,0.0,1,LOW
2026-08-09 05:25:17,993,0.2462,0.0306,0.4156,26.14,30.97,0.0,-2.7,14.53,9.68,0.0,1,LOW
2026-08-09 05:25:17,994,0.2402,0.0176,0.4091,26.12,30.91,0.0,5.56,-14.5,10.08,0.0,1,LOW
2026-08-09 05:25:17,995,0.2392,0.0198,0.4026,26.09,30.85,0.0,5.56,-14.5,10.08,0.0,1,LOW
2026-08-09 05:25:17,996,0.2331,0.0199,0.3961,26.06,30.78,0.0,7.85,-16.86,8.99,0.0,1,LOW
2026-08-09 05:25:17,997,0.2495,0.0095,0.3896,26.04,30.67,0.0,7.85,-16.86,8.99,0.0,1,LOW
2026-08-09 05:25:17,998,0.2549,0.0234,0.3831,26.01,30.53,0.0,9.86,-15.47,7.38,0.0,1,LOW
2026-08-09 05:25:17,999,0.258,0.0158,0.3766,25.99,30.36,0.0,9.86,-15.47,7.38,0.0,1,LOW
2026-08-09 05:25:17,1000,0.2526,0.0147,0.3701,25.96,30.16,0.0,11.45,-10.41,6.92,0.0,1,LOW
2026-08-09 05:25:17,1001,0.2612,0.0139,0.3636,25.93,29.93,0.0,11.45,-10.41,6.92,0.0,1,LOW
2026-08-09 05:25:17,1002,0.2531,0.0194,0.3571,25.91,29.68,0.0,9.52,8.41,7.94,0.0,1,LOW
2026-08-09 05:25:17,1003,0.2636,0.0227,0.3506,25.88,29.4,0.0,9.52,8.41,7.94,0.0,1,LOW
2026-08-09 05:25:17,1004,0.2612,0.025,0.3442,25.86,29.1,0.0,8.03,16.46,7.02,0.0,1,LOW
2026-08-09 05:25:17,1005,0.279,0.0331,0.3377,25.83,28.78,0.0,8.03,16.46,7.02,0.0,1,LOW
2026-08-09 05:25:17,1006,0.2734,0.0267,0.3312,25.81,28.44,0.0,7.39,19.02,5.52,0.0,1,LOW
2026-08-09 05:25:17,1007,0.2652,0.0267,0.3247,25.78,28.08,0.0,7.39,19.02,5.52,0.0,1,LOW
2026-08-09 05:25:17,1008,0.2825,0.0315,0.3182,25.75,27.71,0.0,6.53,17.99,3.41,0.0,1,LOW
2026-08-09 05:25:18,1009,0.2802,0.0182,0.3117,25.73,27.31,0.0,6.53,17.99,3.41,0.0,1,LOW
2026-08-09 05:25:18,1010,0.2769,0.0183,0.3052,25.7,26.91,0.0,4.91,18.86,2.88,0.0,1,LOW
2026-08-09 05:25:18,1011,0.2556,0.0233,0.2987,25.68,26.48,0.0,4.91,18.86,2.88,0.0,1,LOW
2026-08-09 05:25:18,1012,0.1924,0.0114,0.2922,25.65,26.05,0.0,4.14,20.13,2.54,0.0,1,LOW
2026-08-09 05:25:18,1013,0.1659,0.0074,0.2857,25.63,25.78,0.032,4.14,20.13,2.54,0.0,1,LOW
2026-08-09 05:25:18,1014,0.1723,0.0127,0.2792,25.6,25.44,0.065,2.19,17.6,2.18,0.0,1,LOW
2026-08-09 05:25:18,1015,0.1956,0.0221,0.2727,25.58,25.01,0.065,2.19,17.6,2.18,0.0,1,LOW
2026-08-09 05:25:18,1016,0.223,0.0078,0.2662,25.55,24.58,0.065,4.07,17.09,2.35,0.0,1,LOW
2026-08-09 05:25:18,1017,0.233,0.0104,0.2597,27.35,24.06,0.0,4.07,17.09,2.35,0.0,1,LOW
2026-08-09 05:25:18,1018,0.2545,0.0151,0.2403,27.32,23.46,0.0,4.59,17.86,2.39,0.0,1,LOW
2026-08-09 05:25:18,1019,0.2532,0.0191,0.2403,27.3,22.89,0.0,4.59,17.86,2.39,0.0,1,LOW
2026-08-09 05:25:18,1020,0.262,0.0261,0.2403,27.27,22.36,0.0,3.19,20.68,2.54,0.0,1,LOW
2026-08-09 05:25:18,1021,0.2612,0.0188,0.2403,27.24,21.86,0.0,3.19,20.68,2.54,0.0,1,LOW
2026-08-09 05:25:18,1022,0.2814,0.0198,0.2403,27.22,21.39,0.0,2.76,21.21,2.46,0.0,1,LOW
2026-08-09 05:25:18,1023,0.2664,0.0244,0.2338,27.19,20.91,0.0,2.76,21.21,2.46,0.0,1,LOW
2026-08-09 05:25:18,1024,0.2631,0.0254,0.2273,27.16,20.42,0.0,2.17,21.39,1.66,0.0,1,LOW
2026-08-09 05:25:18,1025,0.253,0.0222,0.2208,27.14,19.92,0.0,2.17,21.39,1.66,0.0,1,LOW
2026-08-09 05:25:18,1026,0.2573,0.0284,0.2143,27.11,19.41,0.0,1.45,20.37,1.98,0.0,1,LOW
2026-08-09 05:25:18,1027,0.2534,0.0328,0.2078,27.08,18.89,0.0,1.45,20.37,1.98,0.0,1,LOW
2026-08-09 05:25:18,1028,0.2485,0.0395,0.2013,27.06,18.37,0.0,1.03,21.54,1.34,0.0,1,LOW
2026-08-09 05:25:18,1029,0.2599,0.0328,0.1818,27.03,17.75,0.0,1.03,21.54,1.34,0.0,1,LOW
2026-08-09 05:25:18,1030,0.2458,0.0266,0.1818,27.0,17.18,0.0,0.38,20.2,1.17,0.0,1,LOW
2026-08-09 05:25:18,1031,0.2585,0.0313,0.1818,26.98,16.64,0.0,0.38,20.2,1.17,0.0,1,LOW
2026-08-09 05:25:18,1032,0.2425,0.0325,0.1818,26.95,16.13,0.0,0.26,21.05,0.76,0.0,1,LOW
2026-08-09 05:25:18,1033,0.2397,0.0266,0.1818,26.93,15.66,0.0,0.26,21.05,0.76,0.0,1,LOW
2026-08-09 05:25:18,1034,0.2477,0.0338,0.1818,26.9,15.21,0.0,-1.03,20.22,0.52,0.0,1,LOW
2026-08-09 05:25:18,1035,0.2415,0.0214,0.1818,26.87,14.79,0.0,-1.03,20.22,0.52,0.0,1,LOW
2026-08-09 05:25:18,1036,0.184,0.0206,0.1753,26.74,14.35,0.0,-1.56,19.92,0.2,0.0,1,LOW
2026-08-09 05:25:18,1037,0.1624,0.0111,0.1688,26.72,14.13,0.032,-1.56,19.92,0.2,0.0,1,LOW
2026-08-09 05:25:18,1038,0.1696,0.0193,0.1623,26.69,13.83,0.065,-2.78,16.68,-0.81,0.0,1,LOW
2026-08-09 05:25:18,1039,0.1731,0.0207,0.1753,26.67,13.6,0.097,-2.78,16.68,-0.81,0.0,1,LOW
2026-08-09 05:25:19,1040,0.1985,0.0168,0.1688,26.64,13.29,0.097,-2.86,16.95,-0.83,0.0,1,LOW
2026-08-09 05:25:19,1041,0.2177,0.0164,0.1623,26.62,12.97,0.097,-2.86,16.95,-0.83,0.0,1,LOW
2026-08-09 05:25:19,1042,0.2141,0.009,0.1558,28.36,12.53,0.0,-1.84,17.44,-0.84,0.0,1,LOW
2026-08-09 05:25:19,1043,0.2192,0.022,0.1494,28.34,12.07,0.0,-1.84,17.44,-0.84,0.0,1,LOW
2026-08-09 05:25:19,1044,0.2189,0.0194,0.1429,28.31,11.6,0.0,-2.5,17.99,-0.89,0.0,1,LOW
2026-08-09 05:25:19,1045,0.2232,0.0165,0.1364,28.28,11.13,0.0,-2.5,17.99,-0.89,0.0,1,LOW
2026-08-09 05:25:19,1046,0.2286,0.0179,0.1299,28.26,10.64,0.0,-2.93,17.3,-1.17,0.0,1,LOW
2026-08-09 05:25:19,1047,0.233,0.0107,0.1234,28.23,10.14,0.0,-2.93,17.3,-1.17,0.0,1,LOW
2026-08-09 05:25:19,1048,0.2236,0.0196,0.1169,28.2,9.63,0.0,-2.57,18.05,-0.75,0.0,1,LOW
2026-08-09 05:25:19,1049,0.2243,0.0231,0.1104,28.17,9.12,0.0,-2.57,18.05,-0.75,0.0,1,LOW
2026-08-09 05:25:19,1050,0.228,0.0192,0.0909,28.15,8.57,0.0,-2.57,18.14,-0.87,0.0,1,LOW
2026-08-09 05:25:19,1051,0.232,0.0202,0.0909,28.12,8.06,0.0,-2.57,18.14,-0.87,0.0,1,LOW
2026-08-09 05:25:19,1052,0.2282,0.0189,0.0909,28.09,7.57,0.0,-3.15,17.9,-0.57,0.0,1,LOW
2026-08-09 05:25:19,1053,0.2318,0.0216,0.0909,28.07,7.12,0.0,-3.15,17.9,-0.57,0.0,1,LOW
2026-08-09 05:25:19,1054,0.2304,0.0218,0.0909,28.04,6.69,0.0,-3.01,18.87,-0.64,0.0,1,LOW
2026-08-09 05:25:19,1055,0.23,0.017,0.0909,28.01,6.29,0.0,-3.01,18.87,-0.64,0.0,1,LOW
2026-08-09 05:25:19,1056,0.226,0.0139,0.0909,27.99,5.91,0.0,-2.6,18.54,-0.8,0.0,1,LOW
2026-08-09 05:25:19,1057,0.2271,0.0219,0.0844,27.96,5.56,0.0,-2.6,18.54,-0.8,0.0,1,LOW
2026-08-09 05:25:19,1058,0.2294,0.0217,0.0779,27.94,5.22,0.0,-3.55,20.24,-1.08,0.0,1,LOW
2026-08-09 05:25:19,1059,0.2445,0.0218,0.0714,27.91,4.91,0.0,-3.55,20.24,-1.08,0.0,1,LOW
2026-08-09 05:25:19,1060,0.2433,0.0216,0.0649,27.88,4.62,0.0,-3.02,19.77,-0.77,0.0,1,LOW
2026-08-09 05:25:19,1061,0.2418,0.0175,0.0584,27.86,4.34,0.0,-3.02,19.77,-0.77,0.0,1,OK
2026-08-09 05:25:19,1062,0.2336,0.0175,0.039,27.83,4.08,0.0,-3.55,19.57,-1.27,0.0,1,OK
2026-08-09 05:25:19,1063,0.2365,0.0198,0.039,27.8,3.83,0.0,-3.55,19.57,-1.27,0.0,1,OK
2026-08-09 05:25:19,1064,0.2407,0.0173,0.039,27.78,3.6,0.0,-3.28,20.75,-0.9,0.0,1,OK
2026-08-09 05:25:19,1065,0.2379,0.0282,0.039,27.75,3.39,0.0,-3.28,20.75,-0.9,0.0,1,OK
2026-08-09 05:25:19,1066,0.2326,0.0211,0.039,27.73,3.18,0.0,-3.52,19.58,-1.23,0.0,1,OK
2026-08-09 05:25:19,1067,0.2325,0.0283,0.039,27.7,2.99,0.0,-3.52,19.58,-1.23,0.0,1,OK
2026-08-09 05:25:19,1068,0.2457,0.0305,0.039,27.67,2.81,0.0,-3.34,21.29,-0.92,0.0,1,OK
2026-08-09 05:25:19,1069,0.2439,0.0314,0.039,27.65,2.64,0.0,-3.34,21.29,-0.92,0.0,1,OK
2026-08-09 05:25:20,1070,0.2436,0.0141,0.039,27.62,2.49,0.0,-3.36,20.15,-1.01,0.0,1,OK
2026-08-09 05:25:20,1071,0.2367,0.0203,0.039,27.6,2.34,0.0,-3.36,20.15,-1.01,0.0,1,OK
2026-08-09 05:25:20,1072,0.1921,0.0218,0.039,27.57,2.2,0.0,-5.13,21.51,-1.12,0.0,1,OK
2026-08-09 05:25:20,1073,0.1506,0.023,0.039,27.55,3.15,0.032,-5.13,21.51,-1.12,0.0,1,OK
2026-08-09 05:25:20,1074,0.1707,0.0333,0.039,27.52,3.11,0.065,-6.15,20.65,-1.6,0.0,1,OK
2026-08-09 05:25:20,1075,0.1783,0.0198,0.039,27.49,2.99,0.065,-6.15,20.65,-1.6,0.0,1,OK
2026-08-09 05:25:20,1076,0.1928,0.0237,0.039,27.47,2.87,0.065,-4.7,21.03,-1.36,0.0,1,OK
2026-08-09 05:25:20,1077,0.2103,0.0264,0.039,29.16,2.7,0.0,-4.7,21.03,-1.36,0.0,1,OK
2026-08-09 05:25:20,1078,0.2127,0.0207,0.039,29.13,2.54,0.0,-5.29,20.46,-1.79,0.0,1,OK
2026-08-09 05:25:20,1079,0.2132,0.025,0.039,29.1,2.39,0.0,-5.29,20.46,-1.79,0.0,1,OK
2026-08-09 05:25:20,1080,0.218,0.0296,0.039,29.08,2.24,0.0,-5.17,21.27,-1.45,0.0,1,OK
2026-08-09 05:25:20,1081,0.2277,0.0122,0.039,29.05,2.11,0.0,-5.17,21.27,-1.45,0.0,1,OK
2026-08-09 05:25:20,1082,0.225,0.0303,0.039,29.02,1.98,0.0,-3.47,20.93,-1.35,0.0,1,OK
2026-08-09 05:25:20,1083,0.2192,0.0238,0.039,29.0,1.86,0.0,-3.47,20.93,-1.35,0.0,1,OK
2026-08-09 05:25:20,1084,0.2284,0.0233,0.039,28.97,1.75,0.0,-5.28,20.39,-1.64,0.0,1,OK
2026-08-09 05:25:20,1085,0.2182,0.0325,0.039,28.94,1.65,0.0,-5.28,20.39,-1.64,0.0,1,OK
2026-08-09 05:25:20,1086,0.2243,0.0221,0.039,28.92,1.55,0.0,-5.05,20.42,-1.23,0.0,1,OK
2026-08-09 05:25:20,1087,0.2313,0.022,0.039,28.89,1.45,0.0,-5.05,20.42,-1.23,0.0,1,OK
2026-08-09 05:25:20,1088,0.2219,0.0282,0.039,28.86,1.37,0.0,-5.08,19.67,-1.6,0.0,1,OK
2026-08-09 05:25:20,1089,0.2259,0.0198,0.039,28.84,1.29,0.0,-5.08,19.67,-1.6,0.0,1,OK
2026-08-09 05:25:20,1090,0.231,0.023,0.039,28.81,1.21,0.0,-5.0,20.64,-1.63,0.0,1,OK
2026-08-09 05:25:20,1091,0.2032,0.0215,0.039,28.78,1.14,0.0,-5.0,20.64,-1.63,0.0,1,OK
2026-08-09 05:25:20,1092,0.1528,0.0271,0.039,28.76,2.21,0.032,-6.8,19.82,-1.39,0.0,1,OK
2026-08-09 05:25:20,1093,0.1437,0.0247,0.039,28.73,3.62,0.065,-6.8,19.82,-1.39,0.0,1,OK
2026-08-09 05:25:20,1094,0.1598,0.0191,0.0584,28.71,4.04,0.097,-7.98,20.01,-2.28,0.0,1,OK
2026-08-09 05:25:20,1095,0.1703,0.0267,0.0649,28.68,4.02,0.13,-7.98,20.01,-2.28,0.0,1,OK
2026-08-09 05:25:20,1096,0.2004,0.0212,0.0649,28.65,3.91,0.13,-6.63,18.98,-2.08,0.0,1,OK
2026-08-09 05:25:20,1097,0.202,0.0335,0.0649,28.63,3.8,0.13,-6.63,18.98,-2.08,0.0,1,OK
2026-08-09 05:25:20,1098,0.205,0.0282,0.0649,30.28,3.57,0.0,-5.92,20.38,-1.8,0.0,1,OK
2026-08-09 05:25:20,1099,0.2191,0.0242,0.0649,30.26,3.36,0.0,-5.92,20.38,-1.8,0.0,1,OK
2026-08-09 05:25:20,1100,0.2275,0.0173,0.0649,30.23,3.16,0.0,-5.87,20.04,-1.29,0.0,1,OK
2026-08-09 05:25:21,1101,0.2258,0.0282,0.0649,30.2,2.97,0.0,-5.87,20.04,-1.29,0.0,1,OK
2026-08-09 05:25:21,1102,0.2284,0.0254,0.0649,30.17,2.79,0.0,-4.52,20.86,-1.2,0.0,1,OK
2026-08-09 05:25:21,1103,0.2375,0.024,0.0649,30.15,2.62,0.0,-4.52,20.86,-1.2,0.0,1,OK
2026-08-09 05:25:21,1104,0.2444,0.0301,0.0649,30.12,2.47,0.0,-2.94,20.61,-0.68,0.0,1,OK
2026-08-09 05:25:21,1105,0.2549,0.0293,0.0649,30.09,2.32,0.0,-2.94,20.61,-0.68,0.0,1,OK
2026-08-09 05:25:21,1106,0.2484,0.0203,0.0649,30.06,2.18,0.0,-2.5,19.9,-0.55,0.0,1,OK
2026-08-09 05:25:21,1107,0.2489,0.0197,0.0649,30.04,2.05,0.0,-2.5,19.9,-0.55,0.0,1,OK
2026-08-09 05:25:21,1108,0.2454,0.0157,0.0649,30.01,1.92,0.0,-2.02,19.06,-0.51,0.0,1,OK
2026-08-09 05:25:21,1109,0.2509,0.0264,0.0649,29.98,1.81,0.0,-2.02,19.06,-0.51,0.0,1,OK
2026-08-09 05:25:21,1110,0.2458,0.016,0.0649,29.96,1.7,0.0,-1.74,19.82,-0.56,0.0,1,OK
2026-08-09 05:25:21,1111,0.2397,0.0186,0.0649,29.93,1.6,0.0,-1.74,19.82,-0.56,0.0,1,OK
2026-08-09 05:25:21,1112,0.2411,0.0244,0.0649,29.9,1.5,0.0,-1.85,21.07,-0.7,0.0,1,OK
2026-08-09 05:25:21,1113,0.2461,0.0331,0.0649,29.88,1.41,0.0,-1.85,21.07,-0.7,0.0,1,OK
2026-08-09 05:25:21,1114,0.2393,0.0302,0.0649,29.85,1.33,0.0,-3.21,20.96,-0.7,0.0,1,OK
2026-08-09 05:25:21,1115,0.2327,0.0239,0.0649,29.82,1.25,0.0,-3.21,20.96,-0.7,0.0,1,OK
2026-08-09 05:25:21,1116,0.2466,0.0245,0.0649,29.8,1.17,0.0,-2.73,21.04,-0.44,0.0,1,OK
2026-08-09 05:25:21,1117,0.2182,0.0366,0.0649,29.77,1.1,0.0,-2.73,21.04,-0.44,0.0,1,OK
2026-08-09 05:25:21,1118,0.1779,0.0191,0.0649,29.74,1.04,0.0,-4.17,21.35,-0.66,0.0,1,OK
2026-08-09 05:25:21,1119,0.1599,0.0221,0.0649,29.72,1.78,0.032,-4.17,21.35,-0.66,0.0,1,OK
2026-08-09 05:25:21,1120,0.1625,0.0306,0.0649,29.69,2.35,0.065,-5.75,20.01,-1.33,0.0,1,OK
2026-08-09 05:25:21,1121,0.1482,0.0258,0.0844,29.66,3.63,0.097,-5.75,20.01,-1.33,0.0,1,OK
2026-08-09 05:25:21,1122,0.1604,0.0301,0.0909,29.64,4.13,0.13,-6.97,19.17,-1.43,0.0,1,OK
2026-08-09 05:25:21,1123,0.1528,0.0289,0.0974,29.61,5.03,0.162,-6.97,19.17,-1.43,0.0,1,OK
2026-08-09 05:25:21,1124,0.1311,0.0283,0.0844,29.58,6.92,0.195,-8.0,19.26,-1.73,0.0,1,OK
2026-08-09 05:25:21,1125,0.1396,0.0361,0.0909,29.56,8.1,0.227,-8.0,19.26,-1.73,0.0,1,OK
2026-08-09 05:25:21,1126,0.1509,0.0321,0.0974,29.53,8.57,0.26,-7.37,19.84,-2.02,0.0,1,OK
2026-08-09 05:25:21,1127,0.144,0.0242,0.1039,29.5,9.49,0.292,-7.37,19.84,-2.02,0.0,1,OK
2026-08-09 05:25:21,1128,0.1412,0.0318,0.1104,29.48,10.61,0.325,-6.43,20.79,-1.94,0.0,1,OK
2026-08-09 05:25:21,1129,0.1615,0.0294,0.1169,29.45,10.74,0.357,-6.43,20.79,-1.94,0.0,1,OK
2026-08-09 05:25:21,1130,0.1633,0.0269,0.1234,29.43,11.01,0.389,-6.66,21.26,-2.11,0.0,1,OK
2026-08-09 05:25:22,1131,0.1919,0.0257,0.1234,29.4,10.88,0.389,-6.66,21.26,-2.11,0.0,1,OK
2026-08-09 05:25:22,1132,0.1975,0.0344,0.1234,29.37,10.76,0.389,-5.86,20.33,-2.13,0.0,1,OK
2026-08-09 05:25:22,1133,0.1938,0.0315,0.1234,30.98,10.26,0.0,-5.86,20.33,-2.13,0.0,1,OK
2026-08-09 05:25:22,1134,0.1951,0.0323,0.1234,30.95,9.78,0.0,-6.48,20.65,-2.36,0.0,1,OK
2026-08-09 05:25:22,1135,0.2042,0.0305,0.1234,30.92,9.33,0.0,-6.48,20.65,-2.36,0.0,1,OK
2026-08-09 05:25:22,1136,0.1992,0.0291,0.1234,30.9,8.91,0.0,-5.88,19.72,-1.64,0.0,1,OK
2026-08-09 05:25:22,1137,0.1951,0.0272,0.1234,30.87,8.52,0.0,-5.88,19.72,-1.64,0.0,1,OK
2026-08-09 05:25:22,1138,0.1928,0.0302,0.1234,30.84,8.15,0.0,-5.28,20.39,-1.48,0.0,1,OK
2026-08-09 05:25:22,1139,0.2015,0.0339,0.1234,30.82,7.8,0.0,-5.28,20.39,-1.48,0.0,1,OK
2026-08-09 05:25:22,1140,0.1983,0.0312,0.1234,30.79,7.47,0.0,-6.16,20.41,-1.87,0.0,1,OK
2026-08-09 05:25:22,1141,0.196,0.0341,0.1234,30.76,7.16,0.0,-6.16,20.41,-1.87,0.0,1,OK
2026-08-09 05:25:22,1142,0.203,0.0184,0.1234,30.74,6.87,0.0,-5.24,19.11,-1.63,0.0,1,OK
2026-08-09 05:25:22,1143,0.2093,0.0284,0.1234,30.71,6.6,0.0,-5.24,19.11,-1.63,0.0,1,OK
2026-08-09 05:25:22,1144,0.1986,0.0284,0.1234,30.68,6.35,0.0,-5.72,19.31,-1.13,0.0,1,OK
2026-08-09 05:25:22,1145,0.2013,0.0246,0.1234,30.65,6.11,0.0,-5.72,19.31,-1.13,0.0,1,OK
2026-08-09 05:25:22,1146,0.2083,0.0291,0.1234,30.63,5.88,0.0,-5.77,19.79,-1.48,0.0,1,OK
2026-08-09 05:25:22,1147,0.2017,0.0209,0.1234,30.6,5.67,0.0,-5.77,19.79,-1.48,0.0,1,OK
2026-08-09 05:25:22,1148,0.2049,0.0187,0.1234,30.57,5.47,0.0,-5.98,19.02,-1.62,0.0,1,OK
2026-08-09 05:25:22,1149,0.2019,0.039,0.1234,30.55,5.28,0.0,-5.98,19.02,-1.62,0.0,1,OK
2026-08-09 05:25:22,1150,0.2109,0.029,0.1234,30.52,5.1,0.0,-5.85,20.73,-1.78,0.0,1,OK
2026-08-09 05:25:22,1151,0.2009,0.0323,0.1234,30.5,4.94,0.0,-5.85,20.73,-1.78,0.0,1,OK
2026-08-09 05:25:22,1152,0.1939,0.0364,0.1234,30.47,4.78,0.0,-5.65,19.56,-1.57,0.0,1,OK
2026-08-09 05:25:22,1153,0.23,0.0347,0.1234,30.44,4.63,0.0,-5.65,19.56,-1.57,0.0,1,OK
2026-08-09 05:25:22,1154,0.2028,0.0392,0.1234,30.42,4.5,0.0,-5.45,20.72,-1.59,0.0,1,OK
2026-08-09 05:25:22,1155,0.2131,0.0302,0.1234,30.39,4.37,0.0,-5.45,20.72,-1.59,0.0,1,OK
2026-08-09 05:25:22,1156,0.2142,0.0344,0.1234,30.35,4.25,0.0,-5.37,19.68,-1.58,0.0,1,OK
2026-08-09 05:25:22,1157,0.2045,0.0244,0.1234,30.32,4.13,0.0,-5.37,19.68,-1.58,0.0,1,OK
2026-08-09 05:25:22,1158,0.208,0.0259,0.1234,30.3,4.02,0.0,-5.43,19.05,-1.36,0.0,1,OK
2026-08-09 05:25:22,1159,0.1814,0.032,0.1234,30.27,3.92,0.0,-5.43,19.05,-1.36,0.0,1,OK
2026-08-09 05:25:22,1160,0.2072,0.0332,0.1234,30.24,3.83,0.0,-6.3,19.26,-1.5,0.0,1,OK
2026-08-09 05:25:23,1161,0.1907,0.0378,0.1234,30.22,3.74,0.0,-6.3,19.26,-1.5,0.0,1,OK
2026-08-09 05:25:23,1162,0.2057,0.0264,0.1234,30.19,3.65,0.0,-5.14,19.64,-1.33,0.0,1,OK
2026-08-09 05:25:23,1163,0.2058,0.0258,0.1234,30.17,3.57,0.0,-5.14,19.64,-1.33,0.0,1,OK
2026-08-09 05:25:23,1164,0.2,0.0207,0.1234,30.14,3.5,0.0,-5.74,18.36,-1.32,0.0,1,OK
2026-08-09 05:25:23,1165,0.1977,0.027,0.1234,30.11,3.43,0.0,-5.74,18.36,-1.32,0.0,1,OK
2026-08-09 05:25:23,1166,0.2029,0.0349,0.1234,30.09,3.37,0.0,-6.11,18.37,-1.56,0.0,1,OK
2026-08-09 05:25:23,1167,0.2097,0.0228,0.1234,30.06,3.3,0.0,-6.11,18.37,-1.56,0.0,1,OK
2026-08-09 05:25:23,1168,0.2019,0.03,0.1234,30.04,3.25,0.0,-6.09,18.53,-1.24,0.0,1,OK
2026-08-09 05:25:23,1169,0.1958,0.0238,0.1234,30.01,3.19,0.0,-6.09,18.53,-1.24,0.0,1,OK
2026-08-09 05:25:23,1170,0.1905,0.0339,0.1234,29.99,3.14,0.0,-5.17,19.41,-1.46,0.0,1,OK
2026-08-09 05:25:23,1171,0.2025,0.0381,0.1234,29.96,3.09,0.0,-5.17,19.41,-1.46,0.0,1,OK
2026-08-09 05:25:23,1172,0.1943,0.0174,0.1234,29.93,3.05,0.0,-5.54,18.15,-1.59,0.0,1,OK
2026-08-09 05:25:23,1173,0.197,0.0278,0.1234,29.91,3.0,0.0,-5.54,18.15,-1.59,0.0,1,OK
2026-08-09 05:25:23,1174,0.1957,0.0286,0.1234,29.88,2.96,0.0,-5.2,19.27,-1.47,0.0,1,OK
2026-08-09 05:25:23,1175,0.1882,0.0301,0.1234,29.86,2.93,0.0,-5.2,19.27,-1.47,0.0,1,OK
2026-08-09 05:25:23,1176,0.1631,0.0244,0.1234,29.83,3.61,0.032,-5.41,17.61,-0.75,0.0,1,OK
2026-08-09 05:25:23,1177,0.1587,0.0269,0.1234,29.81,4.48,0.065,-5.41,17.61,-0.75,0.0,1,OK
2026-08-09 05:25:23,1178,0.1525,0.0203,0.1429,29.78,6.01,0.097,-6.81,13.52,-0.83,0.0,1,OK
2026-08-09 05:25:23,1179,0.1577,0.0271,0.1494,29.76,7.21,0.13,-6.81,13.52,-0.83,0.0,1,OK
2026-08-09 05:25:23,1180,0.1443,0.0225,0.1558,29.73,9.08,0.162,-6.76,16.49,-0.05,0.0,1,OK
2026-08-09 05:25:23,1181,0.1243,0.0319,0.1623,29.71,11.8,0.195,-6.76,16.49,-0.05,0.0,1,OK
2026-08-09 05:25:23,1182,0.1545,0.0216,0.1688,29.68,12.67,0.227,-5.11,16.02,-0.43,0.0,1,OK
2026-08-09 05:25:23,1183,0.1636,0.0199,0.1753,29.66,13.17,0.26,-5.11,16.02,-0.43,0.0,1,OK
2026-08-09 05:25:23,1184,0.1565,0.0255,0.1818,29.63,14.17,0.292,-5.22,16.75,-0.09,0.0,1,OK
2026-08-09 05:25:23,1185,0.1602,0.0219,0.1883,29.61,15.03,0.325,-5.22,16.75,-0.09,0.0,1,OK
2026-08-09 05:25:23,1186,0.1592,0.031,0.1948,29.58,16.01,0.357,-5.56,16.02,0.01,0.0,1,OK
2026-08-09 05:25:23,1187,0.15,0.0167,0.2013,29.56,17.5,0.39,-5.56,16.02,0.01,0.0,1,OK
2026-08-09 05:25:23,1188,0.15,0.0241,0.2078,29.53,18.92,0.422,-5.3,16.5,0.38,0.0,1,OK
2026-08-09 05:25:23,1189,0.1401,0.0278,0.2143,29.51,20.79,0.455,-5.3,16.5,0.38,0.0,1,OK
2026-08-09 05:25:23,1190,0.155,0.02,0.2208,29.48,21.77,0.487,-4.63,15.47,0.22,0.0,1,OK
2026-08-09 05:25:24,1191,0.1451,0.0235,0.2078,29.46,22.86,0.519,-4.63,15.47,0.22,0.0,1,OK
2026-08-09 05:25:24,1192,0.1458,0.0207,0.2143,29.43,23.93,0.552,-6.18,15.19,0.03,0.0,1,OK
2026-08-09 05:25:24,1193,0.1494,0.0163,0.2208,29.41,24.86,0.584,-6.18,15.19,0.03,0.0,1,OK
2026-08-09 05:25:24,1194,0.1513,0.0325,0.2273,29.38,25.74,0.617,-4.85,16.8,-0.36,0.0,1,OK
2026-08-09 05:25:24,1195,0.1521,0.0315,0.2338,29.36,26.66,0.649,-4.85,16.8,-0.36,0.0,1,OK
2026-08-09 05:25:24,1196,0.1509,0.0245,0.2403,29.33,27.7,0.682,-5.95,15.68,-0.08,0.0,1,OK
2026-08-09 05:25:24,1197,0.1554,0.0363,0.2468,29.31,28.55,0.714,-5.95,15.68,-0.08,0.0,1,OK
2026-08-09 05:25:24,1198,0.1521,0.0258,0.2532,29.29,29.63,0.747,-5.55,17.28,-0.36,0.0,1,OK
2026-08-09 05:25:24,1199,0.1419,0.021,0.2597,29.26,31.25,0.779,-5.55,17.28,-0.36,0.0,1,OK
2026-08-09 05:25:24,1200,0.1388,0.0304,0.2662,29.24,32.94,0.812,-4.91,16.61,-0.13,0.0,1,OK
2026-08-09 05:25:24,1201,0.1427,0.0223,0.2727,29.21,34.31,0.844,-4.91,16.61,-0.13,0.0,1,OK
2026-08-09 05:25:24,1202,0.144,0.0206,0.2792,29.19,35.59,0.877,-6.08,16.84,-0.4,0.0,1,OK
2026-08-09 05:25:24,1203,0.1334,0.0316,0.2857,29.16,37.37,0.909,-6.08,16.84,-0.4,0.0,1,OK
2026-08-09 05:25:24,1204,0.1546,0.0217,0.2922,29.14,37.97,0.942,-5.73,15.47,-0.56,0.0,1,OK
2026-08-09 05:25:24,1205,0.1643,0.022,0.2987,29.12,38.22,0.974,-5.73,15.47,-0.56,0.0,1,OK
2026-08-09 05:25:24,1206,0.1584,0.0263,0.3052,29.09,38.97,1.006,-6.23,15.91,-0.41,0.0,1,OK
2026-08-09 05:25:24,1207,0.1547,0.0285,0.3117,29.07,40.0,1.039,-6.23,15.91,-0.41,0.0,1,OK
2026-08-09 05:25:24,1208,0.1475,0.0294,0.3182,29.04,41.43,1.071,-6.4,15.81,-0.57,0.0,1,OK
2026-08-09 05:25:24,1209,0.1433,0.0196,0.3247,29.02,43.01,1.104,-6.4,15.81,-0.57,0.0,1,OK
2026-08-09 05:25:24,1210,0.1618,0.0332,0.3312,29.0,43.59,1.136,-6.01,16.94,-0.59,0.0,1,OK
2026-08-09 05:25:24,1211,0.1564,0.0157,0.3377,28.97,44.58,1.169,-6.01,16.94,-0.59,0.0,1,OK
2026-08-09 05:25:24,1212,0.142,0.0306,0.3442,28.95,46.32,1.201,-7.05,16.47,-1.04,0.0,1,OK
2026-08-09 05:25:24,1213,0.1464,0.018,0.3506,28.92,47.73,1.234,-7.05,16.47,-1.04,0.0,1,OK
2026-08-09 05:25:24,1214,0.1402,0.0245,0.3571,28.9,49.39,1.266,-5.79,17.75,-0.62,0.0,1,OK
2026-08-09 05:25:24,1215,0.1548,0.0204,0.3636,28.88,50.23,1.299,-5.79,17.75,-0.62,0.0,1,OK
2026-08-09 05:25:24,1216,0.1406,0.0268,0.3701,28.85,51.85,1.331,-5.66,16.43,-0.4,0.0,1,OK
2026-08-09 05:25:24,1217,0.1418,0.0314,0.3766,28.83,53.32,1.364,-5.66,16.43,-0.4,0.0,1,OK
2026-08-09 05:25:24,1218,0.143,0.0193,0.3831,28.81,54.67,1.396,-6.35,16.61,-0.66,0.0,1,OK
2026-08-09 05:25:24,1219,0.1433,0.024,0.3896,28.78,55.97,1.429,-6.35,16.61,-0.66,0.0,1,OK
2026-08-09 05:25:24,1220,0.1474,0.0235,0.3961,28.76,57.04,1.461,-6.54,16.52,-0.77,0.0,1,OK
2026-08-09 05:25:24,1221,0.1386,0.0238,0.4026,28.73,58.52,1.493,-6.54,16.52,-0.77,0.0,1,OK
2026-08-09 05:25:25,1222,0.1455,0.0206,0.4091,28.71,59.45,1.526,-6.78,16.08,-1.02,0.0,1,OK
2026-08-09 05:25:25,1223,0.1504,0.0258,0.4156,28.69,60.05,1.558,-6.78,16.08,-1.02,0.0,1,OK
2026-08-09 05:25:25,1224,0.146,0.0296,0.4221,28.66,60.86,1.591,-7.1,17.6,-1.14,0.0,1,OK
2026-08-09 05:25:25,1225,0.1487,0.0281,0.4286,28.64,61.48,1.623,-7.1,17.6,-1.14,0.0,1,OK
2026-08-09 05:25:25,1226,0.1348,0.0321,0.4351,28.62,62.77,1.656,-6.93,16.48,-0.46,0.0,1,OK
2026-08-09 05:25:25,1227,0.1429,0.0296,0.4416,28.59,63.5,1.688,-6.93,16.48,-0.46,0.0,1,OK
2026-08-09 05:25:25,1228,0.1498,0.0228,0.4481,28.57,63.84,1.721,-7.55,16.09,-1.32,0.0,1,OK
2026-08-09 05:25:25,1229,0.1489,0.0208,0.4545,28.55,64.27,1.753,-7.55,16.09,-1.32,0.0,1,OK
2026-08-09 05:25:25,1230,0.1514,0.0202,0.461,28.52,64.61,1.786,-7.39,16.1,-1.43,0.0,1,OK
2026-08-09 05:25:25,1231,0.1425,0.0275,0.4675,28.5,65.43,1.818,-7.39,16.1,-1.43,0.0,1,OK
2026-08-09 05:25:25,1232,0.1441,0.0168,0.474,28.48,66.11,1.851,-6.63,16.02,-0.94,0.0,1,OK
2026-08-09 05:25:25,1233,0.1575,0.0256,0.4805,28.46,66.11,1.883,-6.63,16.02,-0.94,0.0,1,OK
2026-08-09 05:25:25,1234,0.1378,0.034,0.487,28.43,67.19,1.915,-7.71,17.15,-1.25,0.0,1,OK
2026-08-09 05:25:25,1235,0.1437,0.019,0.4935,28.41,67.86,1.948,-7.71,17.15,-1.25,0.0,1,OK
2026-08-09 05:25:25,1236,0.1443,0.0329,0.5,28.39,68.48,1.98,-8.46,16.46,-1.41,0.0,1,OK
2026-08-09 05:25:25,1237,0.1601,0.0136,0.5065,28.36,68.43,2.013,-8.46,16.46,-1.41,0.0,1,OK
2026-08-09 05:25:25,1238,0.1507,0.0357,0.513,28.34,68.84,2.045,-7.06,17.27,-1.33,0.0,1,OK
2026-08-09 05:25:25,1239,0.1452,0.021,0.5195,28.32,69.56,2.078,-7.06,17.27,-1.33,0.0,1,OK
2026-08-09 05:25:25,1240,0.1446,0.0235,0.526,28.29,70.26,2.11,-6.58,16.46,-0.98,0.0,1,OK
2026-08-09 05:25:25,1241,0.1478,0.0306,0.5325,28.27,70.78,2.143,-6.58,16.46,-0.98,0.0,1,OK
2026-08-09 05:25:25,1242,0.1515,0.0232,0.539,28.25,71.11,2.175,-7.05,16.74,-1.34,0.0,1,OK
2026-08-09 05:25:25,1243,0.1489,0.0225,0.5455,28.23,71.62,2.208,-7.05,16.74,-1.34,0.0,1,OK
2026-08-09 05:25:25,1244,0.1425,0.0327,0.5519,28.2,72.46,2.24,-7.01,18.11,-1.12,0.0,1,OK
2026-08-09 05:25:25,1245,0.1447,0.0309,0.5584,28.18,73.13,2.273,-7.01,18.11,-1.12,0.0,1,OK
2026-08-09 05:25:25,1246,0.1489,0.0316,0.5584,28.16,73.56,2.305,-6.37,16.95,-1.38,0.0,1,OK
2026-08-09 05:25:25,1247,0.1603,0.0273,0.5455,28.14,73.53,2.338,-6.37,16.95,-1.38,0.0,1,OK
2026-08-09 05:25:25,1248,0.1511,0.0225,0.5519,28.11,74.0,2.37,-6.95,16.7,-1.43,0.0,1,HIGH
2026-08-09 05:25:25,1249,0.1465,0.0219,0.5584,28.09,74.71,2.402,-6.95,16.7,-1.43,0.0,1,HIGH
2026-08-09 05:25:25,1250,0.1496,0.025,0.5649,28.07,75.24,2.435,-6.09,16.58,-1.35,0.0,1,HIGH
2026-08-09 05:25:25,1251,0.149,0.0228,0.5714,28.05,75.8,2.467,-6.09,16.58,-1.35,0.0,1,HIGH
2026-08-09 05:25:26,1252,0.1531,0.0261,0.5779,28.02,76.15,2.5,-6.57,17.72,-1.44,0.0,1,HIGH
2026-08-09 05:25:26,1253,0.1612,0.0268,0.5844,28.0,76.12,2.532,-6.57,17.72,-1.44,0.0,1,HIGH
2026-08-09 05:25:26,1254,0.1519,0.021,0.5909,27.98,76.46,2.565,-7.14,17.15,-1.36,0.0,1,HIGH
2026-08-09 05:25:26,1255,0.15,0.032,0.5974,27.96,76.82,2.597,-7.14,17.15,-1.36,0.0,1,HIGH
2026-08-09 05:25:26,1256,0.1558,0.0325,0.6039,27.93,76.82,2.63,-6.94,17.48,-1.36,0.0,1,HIGH
2026-08-09 05:25:26,1257,0.1489,0.0313,0.6104,27.91,77.16,2.662,-6.94,17.48,-1.36,0.0,1,HIGH
2026-08-09 05:25:26,1258,0.1509,0.0279,0.6169,27.89,77.32,2.695,-6.52,18.01,-1.06,0.0,1,HIGH
2026-08-09 05:25:26,1259,0.1572,0.0146,0.6234,27.87,77.27,2.727,-6.52,18.01,-1.06,0.0,1,HIGH
2026-08-09 05:25:26,1260,0.1592,0.0314,0.6299,27.85,77.19,2.76,-7.56,17.28,-1.55,0.0,1,HIGH
2026-08-09 05:25:26,1261,0.1457,0.0375,0.6364,27.82,77.61,2.792,-7.56,17.28,-1.55,0.0,1,HIGH
2026-08-09 05:25:26,1262,0.1593,0.0229,0.6429,27.8,77.51,2.825,-7.11,17.66,-1.61,0.0,1,HIGH
2026-08-09 05:25:26,1263,0.1578,0.0404,0.6494,27.78,77.44,2.857,-7.11,17.66,-1.61,0.0,1,HIGH
2026-08-09 05:25:26,1264,0.1556,0.0312,0.6558,27.76,77.4,2.889,-6.66,19.19,-1.42,0.0,1,HIGH
2026-08-09 05:25:26,1265,0.149,0.0325,0.6623,27.74,77.61,2.922,-6.66,19.19,-1.42,0.0,1,HIGH
2026-08-09 05:25:26,1266,0.1423,0.0359,0.6688,27.71,78.1,2.954,-7.07,18.19,-1.79,0.0,1,HIGH
2026-08-09 05:25:26,1267,0.1352,0.0138,0.6753,27.69,78.84,2.987,-7.07,18.19,-1.79,0.0,1,HIGH
2026-08-09 05:25:26,1268,0.14,0.0174,0.6818,27.67,79.17,3.019,-8.54,16.45,-1.96,0.0,1,HIGH
2026-08-09 05:25:26,1269,0.1415,0.0282,0.6883,27.65,79.36,3.052,-8.54,16.45,-1.96,0.0,1,HIGH
2026-08-09 05:25:26,1270,0.1606,0.0229,0.6948,27.63,79.14,3.084,-6.68,20.59,-2.24,0.0,1,CRITICAL
2026-08-09 05:25:26,1271,0.1975,0.0192,0.6948,27.61,78.71,3.084,-6.68,20.59,-2.24,0.0,1,CRITICAL
2026-08-09 05:25:26,1272,0.2043,0.0302,0.6948,27.58,78.31,3.084,-5.76,18.49,-1.05,0.0,1,CRITICAL
2026-08-09 05:25:26,1273,0.2239,0.0145,0.6883,27.56,75.41,0.0,-5.76,18.49,-1.05,0.0,1,CRITICAL
2026-08-09 05:25:26,1274,0.2247,0.029,0.6818,27.54,72.68,0.0,-5.31,18.53,-0.85,0.0,1,CRITICAL
2026-08-09 05:25:26,1275,0.2242,0.0212,0.6753,27.52,70.12,0.0,-5.31,18.53,-0.85,0.0,1,CRITICAL
2026-08-09 05:25:26,1276,0.2324,0.0331,0.6667,27.43,67.72,0.0,-5.26,18.69,-1.2,0.0,1,CRITICAL
2026-08-09 05:25:26,1277,0.2251,0.0246,0.6601,27.4,65.45,0.0,-5.26,18.69,-1.2,0.0,1,CRITICAL
2026-08-09 05:25:26,1278,0.2331,0.0208,0.6536,27.38,63.33,0.0,-5.79,18.95,-1.36,0.0,1,CRITICAL
2026-08-09 05:25:26,1279,0.2225,0.0205,0.6471,27.36,61.33,0.0,-5.79,18.95,-1.36,0.0,1,CRITICAL
2026-08-09 05:25:26,1280,0.225,0.0176,0.6405,27.34,59.45,0.0,-5.74,18.21,-0.86,0.0,1,CRITICAL
2026-08-09 05:25:26,1281,0.225,0.0148,0.6209,27.32,57.68,0.0,-5.74,18.21,-0.86,0.0,1,CRITICAL
2026-08-09 05:25:27,1282,0.2313,0.0191,0.6209,27.3,56.02,0.0,-5.56,18.49,-1.03,0.0,1,CRITICAL
2026-08-09 05:25:27,1283,0.235,0.0215,0.6209,27.28,54.46,0.0,-5.56,18.49,-1.03,0.0,1,CRITICAL
2026-08-09 05:25:27,1284,0.2343,0.0163,0.6209,27.25,52.99,0.0,-5.99,19.0,-1.41,0.0,1,CRITICAL
2026-08-09 05:25:27,1285,0.229,0.0271,0.6209,27.23,51.61,0.0,-5.99,19.0,-1.41,0.0,1,CRITICAL
2026-08-09 05:25:27,1286,0.2304,0.0351,0.6209,27.21,50.31,0.0,-5.99,19.8,-1.53,0.0,1,CRITICAL
2026-08-09 05:25:27,1287,0.2296,0.0263,0.6209,27.19,49.1,0.0,-5.99,19.8,-1.53,0.0,1,CRITICAL
2026-08-09 05:25:27,1288,0.2254,0.023,0.6209,27.17,47.95,0.0,-5.9,18.83,-0.88,0.0,1,CRITICAL
2026-08-09 05:25:27,1289,0.2218,0.0269,0.6209,27.15,46.87,0.0,-5.9,18.83,-0.88,0.0,1,CRITICAL
2026-08-09 05:25:27,1290,0.2307,0.0189,0.6209,27.13,45.86,0.0,-6.11,17.89,-1.12,0.0,1,CRITICAL
2026-08-09 05:25:27,1291,0.2337,0.0305,0.6209,27.11,44.91,0.0,-6.11,17.89,-1.12,0.0,1,CRITICAL
2026-08-09 05:25:27,1292,0.2302,0.0189,0.6209,27.09,44.01,0.0,-5.15,16.85,-1.09,0.0,1,CRITICAL
2026-08-09 05:25:27,1293,0.239,0.0126,0.6209,27.07,43.17,0.0,-5.15,16.85,-1.09,0.0,1,CRITICAL
2026-08-09 05:25:27,1294,0.2315,0.0175,0.6209,27.04,42.38,0.0,-3.57,10.59,-0.16,0.0,1,CRITICAL
2026-08-09 05:25:27,1295,0.2229,0.0296,0.6209,27.02,41.64,0.0,-3.57,10.59,-0.16,0.0,1,CRITICAL
2026-08-09 05:25:27,1296,0.2321,0.027,0.6209,27.0,40.94,0.0,-4.13,-18.71,0.68,0.0,1,CRITICAL
2026-08-09 05:25:27,1297,0.2361,0.0169,0.6209,26.98,40.29,0.0,-4.13,-18.71,0.68,0.0,1,CRITICAL
2026-08-09 05:25:27,1298,0.2238,0.0263,0.6209,26.96,39.67,0.0,-5.16,-26.59,0.74,0.0,1,CRITICAL
2026-08-09 05:25:27,1299,0.2403,0.0315,0.6209,26.94,39.09,0.0,-5.16,-26.59,0.74,0.0,1,CRITICAL
2026-08-09 05:25:27,1300,0.2334,0.0367,0.6209,26.92,38.54,0.0,-6.09,-31.22,1.75,0.0,1,CRITICAL
2026-08-09 05:25:27,1301,0.249,0.0215,0.6209,26.9,38.03,0.0,-6.09,-31.22,1.75,0.0,1,CRITICAL
2026-08-09 05:25:27,1302,0.2371,0.0593,0.6209,26.88,37.55,0.0,-8.35,-35.23,1.9,0.0,1,CRITICAL
2026-08-09 05:25:27,1303,0.2337,0.0466,0.6209,26.86,37.1,0.0,-8.35,-35.23,1.9,0.0,1,CRITICAL
2026-08-09 05:25:27,1304,0.236,0.0376,0.6209,26.84,36.67,0.0,-9.54,-37.73,2.2,0.0,1,CRITICAL
2026-08-09 05:25:27,1305,0.2435,0.0523,0.6209,26.82,36.27,0.0,-9.54,-37.73,2.2,0.0,1,CRITICAL
2026-08-09 05:25:27,1306,0.2394,0.0465,0.6209,26.8,35.89,0.0,-12.15,-39.4,3.46,0.0,1,CRITICAL
2026-08-09 05:25:27,1307,0.2428,0.0551,0.6209,26.78,35.54,0.0,-12.15,-39.4,3.46,0.0,1,CRITICAL
2026-08-09 05:25:27,1308,0.2367,0.0542,0.6209,26.76,35.21,0.0,-12.05,-40.58,4.06,0.0,1,CRITICAL
2026-08-09 05:25:27,1309,0.2447,0.0498,0.6209,26.73,34.89,0.0,-12.05,-40.58,4.06,0.0,1,CRITICAL
2026-08-09 05:25:27,1310,0.2431,0.0512,0.6209,26.71,34.6,0.0,-13.05,-42.57,4.63,0.0,1,CRITICAL
2026-08-09 05:25:27,1311,0.2411,0.0399,0.6209,26.69,34.33,0.0,-13.05,-42.57,4.63,0.0,1,CRITICAL
2026-08-09 05:25:28,1312,0.2159,0.0483,0.6209,26.67,34.07,0.0,-14.09,-43.97,5.02,0.0,1,CRITICAL
2026-08-09 05:25:28,1313,0.1969,0.0512,0.6209,26.65,33.82,0.0,-14.09,-43.97,5.02,0.0,1,CRITICAL
2026-08-09 05:25:28,1314,0.1871,0.0492,0.6209,26.63,26.38,0.0,-14.27,-45.6,4.93,0.0,0,OK
2026-08-09 05:25:28,1315,0.208,0.0459,0.6209,26.61,20.58,0.0,-14.27,-45.6,4.93,0.0,0,OK
2026-08-09 05:25:28,1316,0.2218,0.0796,0.6209,26.59,16.05,0.0,-15.96,-48.97,6.29,0.0,0,OK
2026-08-09 05:25:28,1317,0.2345,0.0567,0.6209,26.57,12.52,0.0,-15.96,-48.97,6.29,0.0,0,OK
2026-08-09 05:25:28,1318,0.2399,0.0641,0.6209,26.55,9.76,0.0,-17.23,-49.95,6.98,0.0,0,OK
2026-08-09 05:25:28,1319,0.2524,0.0632,0.6209,26.53,7.62,0.0,-17.23,-49.95,6.98,0.0,0,OK
2026-08-09 05:25:28,1320,0.2611,0.0661,0.6209,26.51,5.94,0.0,-17.6,-51.21,7.64,0.0,0,OK
2026-08-09 05:25:28,1321,0.2649,0.0719,0.6209,26.49,4.63,0.0,-17.6,-51.21,7.64,0.0,0,OK
2026-08-09 05:25:28,1322,0.2693,0.0651,0.6209,26.47,3.61,0.0,-17.48,-50.85,7.16,0.0,0,OK
2026-08-09 05:25:28,1323,0.2677,0.1045,0.6209,26.45,2.82,0.0,-17.48,-50.85,7.16,0.0,0,OK
2026-08-09 05:25:28,1324,0.2682,0.0715,0.6209,26.43,2.2,0.0,-17.84,-52.21,7.89,0.0,0,OK
2026-08-09 05:25:28,1325,0.2619,0.072,0.6209,26.41,1.72,0.0,-17.84,-52.21,7.89,0.0,0,OK
2026-08-09 05:25:28,1326,0.2737,0.077,0.6209,26.39,1.34,0.0,-17.69,-52.43,8.08,0.0,0,OK
2026-08-09 05:25:28,1327,0.2657,0.0881,0.6209,26.37,1.04,0.0,-17.69,-52.43,8.08,0.0,0,OK
2026-08-09 05:25:28,1328,0.2581,0.0717,0.6209,26.35,0.81,0.0,-17.68,-52.09,7.81,0.0,0,OK
2026-08-09 05:25:28,1329,0.2752,0.0804,0.6144,26.33,0.63,0.0,-17.68,-52.09,7.81,0.0,0,OK
2026-08-09 05:25:28,1330,0.2725,0.0934,0.6078,26.31,0.5,0.0,-17.29,-52.27,7.86,0.0,0,OK
2026-08-09 05:25:28,1331,0.263,0.0868,0.6013,26.29,0.39,0.0,-17.29,-52.27,7.86,0.0,0,OK
2026-08-09 05:25:28,1332,0.2658,0.0798,0.5948,26.27,0.3,0.0,-18.33,-52.06,8.73,0.0,0,OK
2026-08-09 05:25:28,1333,0.2557,0.064,0.5882,26.25,0.24,0.0,-18.33,-52.06,8.73,0.0,0,OK
2026-08-09 05:25:28,1334,0.2582,0.0596,0.5817,26.23,0.18,0.0,-16.99,-51.93,7.58,0.0,0,OK
2026-08-09 05:25:28,1335,0.2667,0.0825,0.5752,26.21,0.14,0.0,-16.99,-51.93,7.58,0.0,0,OK
2026-08-09 05:25:28,1336,0.268,0.0576,0.5686,26.19,0.11,0.0,-17.33,-52.23,7.71,0.0,0,OK
2026-08-09 05:25:28,1337,0.2762,0.1151,0.5621,26.18,0.09,0.0,-17.33,-52.23,7.71,0.0,0,OK
2026-08-09 05:25:28,1338,0.2702,0.0663,0.5556,26.16,0.07,0.0,-17.32,-52.51,7.55,0.0,0,OK
2026-08-09 05:25:28,1339,0.2804,0.0803,0.549,26.14,0.05,0.0,-17.32,-52.51,7.55,0.0,0,OK
2026-08-09 05:25:28,1340,0.2718,0.0844,0.5425,26.12,0.04,0.0,-16.6,-53.55,7.73,0.0,0,OK
2026-08-09 05:25:28,1341,0.2559,0.0736,0.5359,26.1,0.03,0.0,-16.6,-53.55,7.73,0.0,0,OK
2026-08-09 05:25:28,1342,0.2824,0.0765,0.5294,26.08,0.03,0.0,-17.42,-53.13,8.04,0.0,0,OK
2026-08-09 05:25:29,1343,0.2604,0.0832,0.5229,26.06,0.02,0.0,-17.42,-53.13,8.04,0.0,0,OK
2026-08-09 05:25:29,1344,0.2684,0.1056,0.5163,26.04,0.02,0.0,-17.06,-52.73,7.82,0.0,0,OK
2026-08-09 05:25:29,1345,0.2702,0.0817,0.5098,26.02,0.01,0.0,-17.06,-52.73,7.82,0.0,0,OK
2026-08-09 05:25:29,1346,0.2592,0.0644,0.5033,26.0,0.01,0.0,-16.45,-52.07,7.06,0.0,0,OK
2026-08-09 05:25:29,1347,0.2671,0.0995,0.4967,25.98,0.01,0.0,-16.45,-52.07,7.06,0.0,0,OK
2026-08-09 05:25:29,1348,0.2797,0.0829,0.4902,25.96,0.01,0.0,-16.46,-53.15,7.53,0.0,0,OK
2026-08-09 05:25:29,1349,0.2698,0.0825,0.4837,25.94,0.0,0.0,-16.46,-53.15,7.53,0.0,0,OK
2026-08-09 05:25:29,1350,0.2715,0.0694,0.4771,25.92,0.0,0.0,-16.63,-51.91,7.43,0.0,0,OK
2026-08-09 05:25:29,1351,0.2662,0.0649,0.4706,25.9,0.0,0.0,-16.63,-51.91,7.43,0.0,0,OK
2026-08-09 05:25:29,1352,0.2741,0.0811,0.4641,25.89,0.0,0.0,-17.05,-52.4,7.68,0.0,0,OK
2026-08-09 05:25:29,1353,0.2689,0.0948,0.4575,25.87,0.0,0.0,-17.05,-52.4,7.68,0.0,0,OK
2026-08-09 05:25:29,1354,0.2673,0.0671,0.451,25.85,0.0,0.0,-16.27,-52.51,7.84,0.0,0,OK
2026-08-09 05:25:29,1355,0.2674,0.0733,0.4444,25.83,0.0,0.0,-16.27,-52.51,7.84,0.0,0,OK
2026-08-09 05:25:29,1356,0.2822,0.0718,0.4379,25.81,0.0,0.0,-16.89,-53.11,7.89,0.0,0,OK
2026-08-09 05:25:29,1357,0.2694,0.0787,0.4314,25.79,0.0,0.0,-16.89,-53.11,7.89,0.0,0,OK
2026-08-09 05:25:29,1358,0.278,0.0624,0.4248,25.77,0.0,0.0,-17.21,-53.3,8.24,0.0,0,OK
2026-08-09 05:25:29,1359,0.2835,0.0788,0.4183,25.75,0.0,0.0,-17.21,-53.3,8.24,0.0,0,OK
2026-08-09 05:25:29,1360,0.2926,0.0591,0.4118,25.73,0.0,0.0,-17.25,-53.53,8.25,0.0,0,OK
2026-08-09 05:25:29,1361,0.2797,0.0623,0.4052,25.71,0.0,0.0,-17.25,-53.53,8.25,0.01,0,OK
2026-08-09 05:25:29,1362,0.2832,0.0786,0.3987,25.7,0.01,0.0,-17.58,-52.84,8.52,0.03,0,OK
2026-08-09 05:25:29,1363,0.2705,0.059,0.3922,25.68,0.02,0.0,-17.58,-52.84,8.52,0.07,0,OK
2026-08-09 05:25:29,1364,0.2734,0.0902,0.3856,25.66,0.04,0.0,-17.18,-53.64,8.92,0.1,0,OK
2026-08-09 05:25:29,1365,0.2884,0.0576,0.3791,25.64,0.06,0.0,-17.18,-53.64,8.92,0.14,0,OK
2026-08-09 05:25:29,1366,0.2752,0.0741,0.3725,25.62,0.09,0.0,-16.74,-53.52,8.47,0.2,0,OK
2026-08-09 05:25:29,1367,0.2789,0.0844,0.366,25.6,0.13,0.0,-16.74,-53.52,8.47,0.26,0,OK
2026-08-09 05:25:29,1368,0.2825,0.0857,0.3595,25.58,0.17,0.0,-17.52,-53.7,8.54,0.32,0,OK
2026-08-09 05:25:29,1369,0.2797,0.0761,0.3529,25.56,0.22,0.0,-17.52,-53.7,8.54,0.38,0,OK
2026-08-09 05:25:29,1370,0.2835,0.0571,0.3464,25.55,0.27,0.0,-16.41,-53.63,7.79,0.44,0,OK
2026-08-09 05:25:29,1371,0.2747,0.0866,0.3399,25.53,0.32,0.0,-16.41,-53.63,7.79,0.5,0,OK
2026-08-09 05:25:29,1372,0.2743,0.0796,0.3333,25.51,0.37,0.0,-16.57,-54.04,8.17,0.56,0,OK
2026-08-09 05:25:30,1373,0.266,0.0831,0.3268,25.49,0.43,0.0,-16.57,-54.04,8.17,0.61,0,OK
2026-08-09 05:25:30,1374,0.2743,0.0657,0.3203,25.47,0.48,0.0,-17.04,-54.25,8.27,0.67,0,OK
2026-08-09 05:25:30,1375,0.2839,0.079,0.3137,25.45,0.54,0.0,-17.04,-54.25,8.27,0.74,0,OK
2026-08-09 05:25:30,1376,0.2816,0.0773,0.3072,25.43,0.59,0.0,-16.68,-54.7,8.34,0.8,0,OK
2026-08-09 05:25:30,1377,0.2784,0.0679,0.3007,25.42,0.65,0.0,-16.68,-54.7,8.34,0.87,0,OK
2026-08-09 05:25:30,1378,0.2762,0.0594,0.2941,25.4,0.71,0.0,-16.47,-54.23,7.76,0.92,0,OK
2026-08-09 05:25:30,1379,0.2712,0.0876,0.2876,25.38,0.77,0.0,-16.47,-54.23,7.76,0.98,0,OK
2026-08-09 05:25:30,1380,0.2744,0.0654,0.281,25.36,0.83,0.0,-16.68,-53.84,8.43,1.04,0,OK
2026-08-09 05:25:30,1381,0.2671,0.0649,0.2745,25.34,0.89,0.0,-16.68,-53.84,8.43,1.11,0,OK
2026-08-09 05:25:30,1382,0.2591,0.0736,0.268,25.32,0.95,0.0,-16.57,-54.02,8.02,1.17,0,OK
2026-08-09 05:25:30,1383,0.2617,0.0865,0.2614,25.31,1.02,0.0,-16.57,-54.02,8.02,1.24,0,OK
2026-08-09 05:25:30,1384,0.2692,0.0686,0.2549,25.29,1.08,0.0,-16.62,-53.91,8.84,1.3,0,OK
2026-08-09 05:25:30,1385,0.2694,0.0745,0.2484,25.27,1.14,0.0,-16.62,-53.91,8.84,1.37,0,OK
2026-08-09 05:25:30,1386,0.2755,0.0838,0.2418,25.25,1.21,0.0,-15.81,-55.36,8.12,1.43,0,OK
2026-08-09 05:25:30,1387,0.2669,0.0718,0.2353,25.23,1.27,0.0,-15.81,-55.36,8.12,1.5,0,OK
2026-08-09 05:25:30,1388,0.2815,0.0719,0.2288,25.21,1.33,0.0,-17.14,-55.65,9.1,1.56,0,OK
2026-08-09 05:25:30,1389,0.2852,0.0658,0.2222,25.2,1.39,0.0,-17.14,-55.65,9.1,1.6,0,OK
2026-08-09 05:25:30,1390,0.2771,0.0701,0.2157,25.18,1.45,0.0,-16.73,-54.91,8.98,1.66,0,OK
2026-08-09 05:25:30,1391,0.2803,0.08,0.2092,25.16,1.51,0.0,-16.73,-54.91,8.98,1.74,0,OK
2026-08-09 05:25:30,1392,0.2687,0.0693,0.2026,25.14,1.58,0.0,-15.83,-55.91,8.43,1.81,0,OK
2026-08-09 05:25:30,1393,0.2974,0.0807,0.1961,25.12,1.64,0.0,-15.83,-55.91,8.43,1.87,0,OK
2026-08-09 05:25:30,1394,0.2868,0.078,0.1895,25.11,1.71,0.0,-15.86,-55.82,9.04,1.95,0,OK
2026-08-09 05:25:30,1395,0.302,0.0714,0.183,25.09,1.78,0.0,-15.86,-55.82,9.04,2.01,0,OK
2026-08-09 05:25:30,1396,0.3091,0.0847,0.1818,25.24,1.84,0.0,-18.38,-57.3,10.62,2.08,0,OK
2026-08-09 05:25:30,1397,0.3062,0.0598,0.1753,25.22,1.91,0.0,-18.38,-57.3,10.62,2.15,0,OK
2026-08-09 05:25:30,1398,0.3027,0.0634,0.1688,25.2,1.97,0.0,-17.41,-57.44,9.57,2.2,0,OK
2026-08-09 05:25:30,1399,0.283,0.0741,0.1623,25.19,2.04,0.0,-17.41,-57.44,9.57,2.28,0,OK
2026-08-09 05:25:30,1400,0.2788,0.0644,0.1558,25.17,2.11,0.0,-16.16,-58.73,8.59,2.34,0,OK
2026-08-09 05:25:30,1401,0.2689,0.0728,0.1494,25.15,2.17,0.0,-16.16,-58.73,8.59,2.4,0,OK
2026-08-09 05:25:30,1402,0.3018,0.0574,0.1429,25.13,2.24,0.0,-18.94,-61.35,11.02,2.46,0,OK
2026-08-09 05:25:30,1403,0.3158,0.0681,0.1364,25.11,2.3,0.0,-18.94,-61.35,11.02,2.53,0,OK
2026-08-09 05:25:31,1404,0.3284,0.0741,0.1299,25.1,2.36,0.0,-18.38,-62.08,11.51,2.59,0,OK
2026-08-09 05:25:31,1405,0.3689,0.0662,0.1234,25.08,2.42,0.0,-18.38,-62.08,11.51,2.64,0,OK
2026-08-09 05:25:31,1406,0.3757,0.0588,0.1169,25.06,2.49,0.0,-18.99,-62.03,11.06,2.7,0,OK
2026-08-09 05:25:31,1407,0.3844,0.0675,0.1104,25.04,2.55,0.0,-18.99,-62.03,11.06,2.78,0,OK
2026-08-09 05:25:31,1408,0.3843,0.0743,0.1039,25.02,2.62,0.0,-18.63,-61.56,11.86,2.86,0,OK
2026-08-09 05:25:31,1409,0.3946,0.0614,0.0974,25.01,2.69,0.0,-18.63,-61.56,11.86,2.93,0,OK
2026-08-09 05:25:31,1410,0.3997,0.0648,0.0909,24.99,2.76,0.0,-20.09,-62.83,12.3,3.0,0,OK
2026-08-09 05:25:31,1411,0.4123,0.0778,0.0844,24.97,2.83,0.0,-20.09,-62.83,12.3,3.08,0,OK
2026-08-09 05:25:31,1412,0.4018,0.0578,0.0779,24.95,2.9,0.0,-18.71,-62.7,12.04,3.14,0,OK
2026-08-09 05:25:31,1413,0.423,0.0734,0.0714,24.94,2.97,0.0,-18.71,-62.7,12.04,3.22,0,OK
2026-08-09 05:25:31,1414,0.426,0.0803,0.0649,24.92,3.04,0.0,-20.6,-64.72,13.85,3.28,0,OK
2026-08-09 05:25:31,1415,0.4394,0.0756,0.0584,24.9,3.1,0.0,-20.6,-64.72,13.85,3.34,0,OK
2026-08-09 05:25:31,1416,0.4141,0.0836,0.0519,24.88,3.17,0.0,-21.36,-64.77,14.5,3.41,0,OK
2026-08-09 05:25:31,1417,0.4516,0.0689,0.0455,24.87,3.24,0.0,-21.36,-64.77,14.5,3.47,0,OK
2026-08-09 05:25:31,1418,0.4464,0.0706,0.039,24.85,3.3,0.0,-22.14,-66.96,15.55,3.54,0,OK
2026-08-09 05:25:31,1419,0.4716,0.0555,0.0325,24.83,3.37,0.0,-22.14,-66.96,15.55,3.6,0,OK
2026-08-09 05:25:31,1420,0.4594,0.0703,0.026,24.81,3.44,0.0,-19.71,-67.8,13.77,3.67,0,OK
2026-08-09 05:25:31,1421,0.4527,0.0733,0.0195,24.8,3.5,0.0,-19.71,-67.8,13.77,3.71,0,OK
2026-08-09 05:25:31,1422,0.4606,0.0705,0.0,24.78,3.56,0.0,-20.22,-67.36,14.01,3.76,0,OK
2026-08-09 05:25:31,1423,0.4735,0.0578,0.0,24.76,3.62,0.0,-20.22,-67.36,14.01,3.85,0,OK
2026-08-09 05:25:31,1424,0.4734,0.0799,0.0,24.74,3.68,0.0,-22.11,-68.32,14.51,3.92,0,OK
2026-08-09 05:25:31,1425,0.4435,0.0621,0.0,24.73,3.75,0.0,-22.11,-68.32,14.51,3.99,0,OK
2026-08-09 05:25:31,1426,0.4715,0.048,0.0,24.71,3.82,0.0,-20.68,-67.89,14.09,4.06,0,OK
2026-08-09 05:25:31,1427,0.4696,0.0647,0.0,24.69,3.89,0.0,-20.68,-67.89,14.09,4.13,0,OK
2026-08-09 05:25:31,1428,0.4603,0.0487,0.0,24.67,3.95,0.0,-20.43,-67.88,13.34,4.2,0,OK
2026-08-09 05:25:31,1429,0.4626,0.0743,0.0,24.66,4.02,0.0,-20.43,-67.88,13.34,4.26,0,OK
2026-08-09 05:25:31,1430,0.4381,0.0626,0.0,24.64,4.09,0.0,-20.17,-67.13,12.9,4.34,0,OK
2026-08-09 05:25:31,1431,0.4478,0.07,0.0,24.62,4.16,0.0,-20.17,-67.13,12.9,4.4,0,OK
2026-08-09 05:25:31,1432,0.4315,0.0677,0.0,24.61,4.23,0.0,-20.58,-66.95,14.16,4.47,0,OK
2026-08-09 05:25:31,1433,0.3707,0.0485,0.0,24.59,4.3,0.0,-20.58,-66.95,14.16,4.55,0,OK
2026-08-09 05:25:32,1434,0.3588,0.0778,0.0,24.57,4.37,0.0,-21.98,-65.91,14.57,4.62,0,OK
2026-08-09 05:25:32,1435,0.3637,0.0692,0.0,24.55,4.44,0.0,-21.98,-65.91,14.57,4.68,0,OK
2026-08-09 05:25:32,1436,0.4107,0.0612,0.0,24.54,4.5,0.0,-20.76,-66.47,13.21,4.73,0,OK
2026-08-09 05:25:32,1437,0.4131,0.0565,0.0,24.52,4.56,0.0,-20.76,-66.47,13.21,4.77,0,OK
2026-08-09 05:25:32,1438,0.4409,0.0619,0.0,24.5,4.62,0.0,-23.55,-66.01,15.39,4.82,0,OK
2026-08-09 05:25:32,1439,0.4589,0.0611,0.0,24.49,4.67,0.0,-23.55,-66.01,15.39,4.87,0,OK
2026-08-09 05:25:32,1440,0.4387,0.0502,0.0,24.47,4.72,0.0,-23.32,-66.75,13.71,4.9,0,OK
2026-08-09 05:25:32,1441,0.4478,0.0553,0.0,24.45,4.77,0.0,-23.32,-66.75,13.71,4.92,0,OK
2026-08-09 05:25:32,1442,0.4353,0.0586,0.0,24.43,4.81,0.0,-23.25,-65.76,15.13,4.94,0,OK
2026-08-09 05:25:32,1443,0.437,0.0545,0.0,24.42,4.84,0.0,-23.25,-65.76,15.13,4.96,0,OK
2026-08-09 05:25:32,1444,0.445,0.0622,0.0,24.4,4.87,0.0,-23.51,-65.81,14.47,4.97,0,OK
2026-08-09 05:25:32,1445,0.4412,0.0548,0.0,24.38,4.89,0.0,-23.51,-65.81,14.47,4.98,0,OK
2026-08-09 05:25:32,1446,0.4221,0.0475,0.0,24.37,4.91,0.0,-23.77,-65.08,14.45,4.98,0,OK
2026-08-09 05:25:32,1447,0.4054,0.0477,0.0,24.35,4.93,0.0,-23.77,-65.08,14.45,4.99,0,OK
2026-08-09 05:25:32,1448,0.4167,0.0508,0.0,24.33,4.94,0.0,-23.59,-65.13,14.31,4.99,0,OK
2026-08-09 05:25:32,1449,0.4159,0.0594,0.0,24.32,4.95,0.0,-23.59,-65.13,14.31,4.99,0,OK
2026-08-09 05:25:32,1450,0.4309,0.0574,0.0,24.3,4.96,0.0,-24.23,-66.07,14.49,4.99,0,OK
2026-08-09 05:25:32,1451,0.4266,0.0609,0.0,24.28,4.97,0.0,-24.23,-66.07,14.49,5.0,0,OK
2026-08-09 05:25:32,1452,0.4152,0.0565,0.0,24.27,4.98,0.0,-23.95,-64.46,15.02,5.0,0,OK
2026-08-09 05:25:32,1453,0.3868,0.0531,0.0,24.25,4.98,0.0,-23.95,-64.46,15.02,5.0,0,OK
2026-08-09 05:25:32,1454,0.34,0.0549,0.0,24.23,4.98,0.0,-23.38,-65.03,13.09,5.0,0,OK
2026-08-09 05:25:32,1455,0.3025,0.0486,0.0,24.22,4.99,0.0,-23.38,-65.03,13.09,5.0,0,OK
2026-08-09 05:25:32,1456,0.2841,0.0727,0.0,24.2,4.99,0.0,-21.9,-59.08,14.31,5.0,0,OK
2026-08-09 05:25:32,1457,0.2766,0.0704,0.0,24.18,4.99,0.0,-21.9,-59.08,14.31,5.0,0,OK
2026-08-09 05:25:32,1458,0.2668,0.0852,0.0,24.17,4.99,0.0,-21.82,-56.91,13.17,5.0,0,OK
2026-08-09 05:25:32,1459,0.274,0.0761,0.0,24.15,4.99,0.0,-21.82,-56.91,13.17,5.0,0,OK
2026-08-09 05:25:32,1460,0.263,0.0632,0.0,24.13,5.0,0.0,-19.26,-51.08,12.51,5.0,0,OK
2026-08-09 05:25:32,1461,0.2341,0.0794,0.0,24.12,5.0,0.0,-19.26,-51.08,12.51,5.0,0,OK
2026-08-09 05:25:32,1462,0.209,0.0447,0.0,24.1,5.0,0.0,-17.79,-44.65,11.35,5.0,1,OK
2026-08-09 05:25:32,1463,0.2,0.0278,0.0,24.08,5.0,0.0,-17.79,-44.65,11.35,5.0,1,OK
2026-08-09 05:25:33,1464,0.1963,0.0127,0.0,24.07,5.0,0.0,-12.13,-34.15,8.58,5.0,1,OK
2026-08-09 05:25:33,1465,0.1573,0.0282,0.0,24.05,6.1,0.032,-12.13,-34.15,8.58,5.0,1,OK
2026-08-09 05:25:33,1466,0.1438,0.0226,0.0,24.03,7.75,0.065,-12.34,-19.73,5.53,5.0,1,OK
2026-08-09 05:25:33,1467,0.1534,0.0131,0.0195,24.02,8.67,0.097,-12.34,-19.73,5.53,5.0,1,OK
2026-08-09 05:25:33,1468,0.1696,0.0363,0.026,24.0,8.71,0.129,-14.41,19.09,-0.82,5.0,1,OK
2026-08-09 05:25:33,1469,0.1833,0.0475,0.026,23.99,8.62,0.129,-14.41,19.09,-0.82,5.0,1,OK
2026-08-09 05:25:33,1470,0.2,0.0605,0.026,23.97,8.53,0.129,-16.39,29.48,-3.01,5.0,1,OK
2026-08-09 05:25:33,1471,0.2277,0.0577,0.026,25.21,8.32,0.0,-16.39,29.48,-3.01,4.97,1,OK
2026-08-09 05:25:33,1472,0.2607,0.069,0.026,25.2,8.12,0.0,-19.18,35.45,-5.09,4.96,1,OK
2026-08-09 05:25:33,1473,0.2665,0.1067,0.026,25.18,7.93,0.0,-19.18,35.45,-5.09,4.96,1,OK
2026-08-09 05:25:33,1474,0.275,0.0873,0.026,25.16,7.75,0.0,-20.14,39.33,-6.35,4.97,1,OK
2026-08-09 05:25:33,1475,0.2878,0.0878,0.026,25.15,7.58,0.0,-20.14,39.33,-6.35,4.98,1,OK
2026-08-09 05:25:33,1476,0.2923,0.0989,0.026,25.13,7.43,0.0,-18.95,43.4,-6.32,4.98,1,OK
2026-08-09 05:25:33,1477,0.3031,0.1123,0.026,25.11,7.28,0.0,-18.95,43.4,-6.32,4.99,1,OK
2026-08-09 05:25:33,1478,0.3082,0.0843,0.026,25.09,6.78,0.0,-21.28,46.95,-7.28,4.99,0,OK
2026-08-09 05:25:33,1479,0.3107,0.115,0.026,25.08,6.38,0.0,-21.28,46.95,-7.28,4.99,0,OK
2026-08-09 05:25:33,1480,0.2907,0.0993,0.026,25.06,6.08,0.0,-23.12,49.42,-9.19,4.99,0,OK
2026-08-09 05:25:33,1481,0.2479,0.0831,0.026,25.04,5.84,0.0,-23.12,49.42,-9.19,5.0,0,OK
2026-08-09 05:25:33,1482,0.2633,0.082,0.026,25.03,5.66,0.0,-23.69,55.61,-10.3,5.0,0,OK
2026-08-09 05:25:33,1483,0.2761,0.0932,0.026,25.01,5.51,0.0,-23.69,55.61,-10.3,5.0,0,OK
2026-08-09 05:25:33,1484,0.307,0.0869,0.026,24.99,5.4,0.0,-23.03,59.06,-10.79,5.0,0,OK
2026-08-09 05:25:33,1485,0.3322,0.0814,0.026,24.98,5.31,0.0,-23.03,59.06,-10.79,5.0,0,OK
2026-08-09 05:25:33,1486,0.3434,0.0745,0.026,24.96,5.24,0.0,-25.26,60.73,-10.4,5.0,0,OK
2026-08-09 05:25:33,1487,0.39,0.0954,0.026,24.94,5.19,0.0,-25.26,60.73,-10.4,5.0,0,OK
2026-08-09 05:25:33,1488,0.4114,0.087,0.026,24.93,5.15,0.0,-23.47,64.62,-9.4,5.0,0,OK
2026-08-09 05:25:33,1489,0.4013,0.0892,0.026,24.91,5.11,0.0,-23.47,64.62,-9.4,5.0,0,OK
2026-08-09 05:25:33,1490,0.3998,0.1044,0.026,24.89,5.09,0.0,-22.73,64.12,-8.91,5.0,0,OK
2026-08-09 05:25:33,1491,0.4135,0.0965,0.026,24.88,5.07,0.0,-22.73,64.12,-8.91,5.0,0,OK
2026-08-09 05:25:33,1492,0.4039,0.1025,0.026,24.86,5.05,0.0,-24.16,64.39,-10.42,5.0,0,OK
2026-08-09 05:25:33,1493,0.384,0.0963,0.026,24.84,5.04,0.0,-24.16,64.39,-10.42,5.0,0,OK
2026-08-09 05:25:33,1494,0.3848,0.0847,0.026,24.83,5.03,0.0,-25.37,64.64,-10.8,5.0,0,OK
2026-08-09 05:25:34,1495,0.4063,0.0936,0.026,24.81,5.03,0.0,-25.37,64.64,-10.8,5.0,0,OK
2026-08-09 05:25:34,1496,0.3673,0.0989,0.026,24.79,5.02,0.0,-24.96,63.58,-11.2,5.0,0,OK
2026-08-09 05:25:34,1497,0.3648,0.0873,0.026,24.78,5.02,0.0,-24.96,63.58,-11.2,5.0,0,OK
2026-08-09 05:25:34,1498,0.3529,0.0906,0.026,24.76,5.01,0.0,-25.44,62.95,-10.71,5.0,0,OK
2026-08-09 05:25:34,1499,0.3595,0.0962,0.026,24.74,5.01,0.0,-25.44,62.95,-10.71,5.0,0,OK
2026-08-09 05:25:34,1500,0.3772,0.0955,0.026,24.73,5.01,0.0,-25.45,63.57,-10.87,5.0,0,OK
2026-08-09 05:25:34,1501,0.3656,0.0987,0.026,24.71,5.01,0.0,-25.45,63.57,-10.87,5.0,0,OK
2026-08-09 05:25:34,1502,0.3842,0.0723,0.026,24.69,5.0,0.0,-26.03,62.1,-12.01,5.0,0,OK
2026-08-09 05:25:34,1503,0.4195,0.1002,0.026,24.68,5.0,0.0,-26.03,62.1,-12.01,5.0,0,OK
2026-08-09 05:25:34,1504,0.4003,0.0821,0.026,24.66,5.0,0.0,-25.75,61.86,-10.62,5.0,0,OK
2026-08-09 05:25:34,1505,0.4353,0.0967,0.026,24.64,5.0,0.0,-25.75,61.86,-10.62,5.0,0,OK
2026-08-09 05:25:34,1506,0.424,0.0859,0.026,24.63,5.0,0.0,-24.67,62.03,-10.58,5.0,0,OK
2026-08-09 05:25:34,1507,0.3894,0.0881,0.026,24.61,5.0,0.0,-24.67,62.03,-10.58,5.0,0,OK
2026-08-09 05:25:34,1508,0.3986,0.0821,0.026,24.6,5.0,0.0,-25.4,60.52,-11.55,5.0,0,OK
2026-08-09 05:25:34,1509,0.3941,0.082,0.026,24.58,5.0,0.0,-25.4,60.52,-11.55,5.0,0,OK
2026-08-09 05:25:34,1510,0.4183,0.0882,0.026,24.56,5.0,0.0,-25.88,59.56,-12.35,5.0,0,OK
2026-08-09 05:25:34,1511,0.3769,0.0643,0.026,24.55,5.0,0.0,-25.88,59.56,-12.35,5.0,0,OK
2026-08-09 05:25:34,1512,0.3796,0.0607,0.026,24.53,5.0,0.0,-25.12,57.32,-11.43,5.0,0,OK
2026-08-09 05:25:34,1513,0.3634,0.0676,0.026,24.51,5.0,0.0,-25.12,57.32,-11.43,5.0,0,OK
2026-08-09 05:25:34,1514,0.3421,0.0569,0.026,24.5,5.0,0.0,-26.34,55.62,-13.5,5.0,0,OK
2026-08-09 05:25:34,1515,0.3194,0.0503,0.026,24.48,5.0,0.0,-26.34,55.62,-13.5,5.0,0,OK
2026-08-09 05:25:34,1516,0.3045,0.0458,0.026,24.48,5.0,0.0,-26.28,54.45,-13.47,5.0,0,OK
2026-08-09 05:25:34,1517,0.284,0.0558,0.026,24.46,5.0,0.0,-26.28,54.45,-13.47,5.0,0,OK
2026-08-09 05:25:34,1518,0.2558,0.0617,0.026,24.44,5.0,0.0,-24.86,50.93,-12.15,5.0,0,OK
2026-08-09 05:25:34,1519,0.2473,0.0652,0.026,24.43,5.0,0.0,-24.86,50.93,-12.15,5.0,0,OK
2026-08-09 05:25:34,1520,0.2216,0.082,0.026,24.41,5.0,0.0,-19.74,47.61,-8.9,5.0,0,OK
2026-08-09 05:25:34,1521,0.2521,0.1276,0.026,24.4,5.0,0.0,-19.74,47.61,-8.9,5.0,0,OK
2026-08-09 05:25:34,1522,0.2459,0.1241,0.026,24.38,5.0,0.0,-19.22,41.9,-9.37,5.0,1,OK
2026-08-09 05:25:34,1523,0.2665,0.106,0.026,24.36,5.0,0.0,-19.22,41.9,-9.37,5.0,1,OK
2026-08-09 05:25:34,1524,0.2738,0.0779,0.026,24.35,5.0,0.0,-16.2,38.44,-8.3,5.0,1,OK
2026-08-09 05:25:35,1525,0.2893,0.0676,0.026,24.33,5.0,0.0,-16.2,38.44,-8.3,5.0,1,OK
2026-08-09 05:25:35,1526,0.2957,0.0848,0.026,24.32,5.0,0.0,-11.83,35.47,-7.18,5.0,1,OK
2026-08-09 05:25:35,1527,0.282,0.0529,0.026,24.3,5.0,0.0,-11.83,35.47,-7.18,5.0,1,OK
2026-08-09 05:25:35,1528,0.279,0.0825,0.026,24.28,5.0,0.0,-9.24,32.77,-6.52,5.0,1,OK
2026-08-09 05:25:35,1529,0.2963,0.0607,0.026,24.27,5.0,0.0,-9.24,32.77,-6.52,5.0,1,OK
2026-08-09 05:25:35,1530,0.2905,0.0683,0.026,24.25,5.0,0.0,-6.32,30.47,-5.28,5.0,1,OK
2026-08-09 05:25:35,1531,0.2954,0.0572,0.026,24.24,5.0,0.0,-6.32,30.47,-5.28,5.0,1,OK
2026-08-09 05:25:35,1532,0.2882,0.0716,0.026,24.22,5.0,0.0,-3.57,29.81,-4.78,5.0,1,OK
2026-08-09 05:25:35,1533,0.2794,0.0604,0.026,24.21,5.0,0.0,-3.57,29.81,-4.78,5.0,1,OK
2026-08-09 05:25:35,1534,0.2722,0.0409,0.026,24.19,5.0,0.0,-1.27,28.31,-3.56,5.0,1,OK
2026-08-09 05:25:35,1535,0.2723,0.0475,0.026,24.17,5.0,0.0,-1.27,28.31,-3.56,5.0,1,OK
2026-08-09 05:25:35,1536,0.279,0.0403,0.026,24.16,5.0,0.0,1.38,29.31,-2.38,5.0,1,OK
2026-08-09 05:25:35,1537,0.2791,0.0498,0.026,24.14,5.0,0.0,1.38,29.31,-2.38,5.0,1,OK
2026-08-09 05:25:35,1538,0.2768,0.0439,0.026,24.13,5.0,0.0,3.27,27.45,-1.68,5.0,1,OK
2026-08-09 05:25:35,1539,0.2741,0.0457,0.026,24.11,5.0,0.0,3.27,27.45,-1.68,5.0,1,OK
2026-08-09 05:25:35,1540,0.2777,0.0348,0.026,24.1,5.0,0.0,4.6,25.39,-1.04,5.0,1,OK
2026-08-09 05:25:35,1541,0.2852,0.0401,0.026,24.08,5.0,0.0,4.6,25.39,-1.04,5.0,1,OK
2026-08-09 05:25:35,1542,0.2053,0.0444,0.026,24.06,5.0,0.0,3.91,23.48,-0.93,5.0,1,OK
2026-08-09 05:25:35,1543,0.1703,0.0296,0.026,24.05,5.44,0.032,3.91,23.48,-0.93,4.96,1,OK
2026-08-09 05:25:35,1544,0.1848,0.0334,0.026,24.03,5.44,0.032,4.32,17.69,-0.7,4.88,1,OK
2026-08-09 05:25:35,1545,0.2183,0.0332,0.026,24.02,5.43,0.032,4.32,17.69,-0.7,4.75,1,OK
2026-08-09 05:25:35,1546,0.2585,0.0377,0.026,24.0,5.38,0.0,4.58,20.79,0.05,4.58,1,OK
2026-08-09 05:25:35,1547,0.2607,0.0407,0.026,23.99,5.32,0.0,4.58,20.79,0.05,4.39,1,OK
2026-08-09 05:25:35,1548,0.2664,0.0453,0.026,23.97,5.25,0.0,5.11,20.95,0.52,4.18,1,OK
2026-08-09 05:25:35,1549,0.2681,0.0422,0.026,23.96,5.17,0.0,5.11,20.95,0.52,3.93,1,OK
2026-08-09 05:25:35,1550,0.2681,0.0283,0.026,23.94,5.08,0.0,5.5,19.53,0.55,3.67,1,OK
2026-08-09 05:25:35,1551,0.2695,0.0325,0.026,23.92,4.98,0.0,5.5,19.53,0.55,3.41,1,OK
2026-08-09 05:25:35,1552,0.2733,0.0302,0.026,23.91,4.87,0.0,5.24,20.02,0.8,3.14,1,OK
2026-08-09 05:25:35,1553,0.2662,0.0335,0.026,23.89,4.75,0.0,5.24,20.02,0.8,2.85,1,OK
2026-08-09 05:25:35,1554,0.282,0.0363,0.026,23.88,4.62,0.0,4.92,21.27,0.81,2.56,1,OK
2026-08-09 05:25:36,1555,0.2664,0.0363,0.026,23.86,4.48,0.0,4.92,21.27,0.81,2.27,1,OK
2026-08-09 05:25:36,1556,0.2738,0.0314,0.026,23.85,4.33,0.0,5.28,20.68,0.91,1.97,1,OK
2026-08-09 05:25:36,1557,0.2753,0.0389,0.026,23.83,4.17,0.0,5.28,20.68,0.91,1.66,1,OK
2026-08-09 05:25:36,1558,0.2773,0.0345,0.026,23.82,3.97,0.0,4.25,20.6,1.21,0.91,1,OK
2026-08-09 05:25:36,1559,0.2724,0.0303,0.026,23.8,3.77,0.0,4.25,20.6,1.21,0.5,1,OK
2026-08-09 05:25:36,1560,0.2682,0.041,0.026,23.79,3.56,0.0,4.83,20.35,1.01,0.28,1,OK
2026-08-09 05:25:36,1561,0.2646,0.0493,0.026,23.77,3.35,0.0,4.83,20.35,1.01,0.15,1,OK
2026-08-09 05:25:36,1562,0.2434,0.0313,0.026,23.76,3.16,0.0,4.13,20.81,1.29,0.08,1,OK
2026-08-09 05:25:36,1563,0.2026,0.0484,0.026,23.74,2.97,0.0,4.13,20.81,1.29,0.05,1,OK
2026-08-09 05:25:36,1564,0.1712,0.0275,0.026,23.73,2.9,0.032,3.2,16.71,1.63,0.03,1,OK
2026-08-09 05:25:36,1565,0.1725,0.0375,0.026,23.71,2.86,0.065,3.2,16.71,1.63,0.01,1,OK
2026-08-09 05:25:36,1566,0.2006,0.0493,0.026,23.7,2.75,0.065,3.4,19.96,0.89,0.01,1,OK
2026-08-09 05:25:36,1567,0.2237,0.0505,0.026,23.68,2.65,0.065,3.4,19.96,0.89,0.0,1,OK
2026-08-09 05:25:36,1568,0.2449,0.0439,0.026,24.85,2.49,0.0,3.49,20.6,1.0,0.0,1,OK
2026-08-09 05:25:36,1569,0.2524,0.0556,0.026,24.83,2.34,0.0,3.49,20.6,1.0,0.0,1,OK
2026-08-09 05:25:36,1570,0.2602,0.0463,0.026,24.82,2.2,0.0,3.54,21.06,0.77,0.0,1,OK
2026-08-09 05:25:36,1571,0.2767,0.0373,0.026,24.8,2.07,0.0,3.54,21.06,0.77,0.0,1,OK
2026-08-09 05:25:36,1572,0.2611,0.0584,0.026,24.79,1.95,0.0,2.85,22.23,1.15,0.0,1,OK
2026-08-09 05:25:36,1573,0.2729,0.0531,0.026,24.77,1.83,0.0,2.85,22.23,1.15,0.0,1,OK
2026-08-09 05:25:36,1574,0.2808,0.0476,0.026,24.75,1.72,0.0,2.43,21.95,0.89,0.0,1,OK
2026-08-09 05:25:36,1575,0.268,0.0339,0.026,24.74,1.62,0.0,2.43,21.95,0.89,0.0,1,OK
2026-08-09 05:25:36,1576,0.2644,0.0448,0.026,24.72,1.52,0.0,2.96,20.64,1.85,0.0,1,OK
2026-08-09 05:25:36,1577,0.2679,0.0336,0.026,24.71,1.43,0.0,2.96,20.64,1.85,0.0,1,OK
2026-08-09 05:25:36,1578,0.2692,0.0291,0.026,24.69,1.34,0.0,4.05,17.63,2.08,0.0,1,OK
2026-08-09 05:25:36,1579,0.2589,0.0374,0.026,24.68,1.26,0.0,4.05,17.63,2.08,0.0,1,OK
2026-08-09 05:25:36,1580,0.2666,0.0346,0.026,24.66,1.19,0.0,4.3,15.48,2.02,0.0,1,OK
2026-08-09 05:25:36,1581,0.2599,0.035,0.026,24.64,1.11,0.0,4.3,15.48,2.02,0.0,1,OK
2026-08-09 05:25:36,1582,0.2464,0.0312,0.026,24.63,1.05,0.0,5.45,10.36,2.21,0.0,1,OK
2026-08-09 05:25:36,1583,0.2266,0.0304,0.026,24.61,0.99,0.0,5.45,10.36,2.21,0.0,1,OK
2026-08-09 05:25:36,1584,0.1851,0.0244,0.026,24.6,0.93,0.0,4.72,11.36,2.58,0.0,1,OK
2026-08-09 05:25:37,1585,0.148,0.0217,0.026,24.58,2.28,0.032,4.72,11.36,2.58,0.0,1,OK
2026-08-09 05:25:37,1586,0.1549,0.0349,0.026,24.57,3.12,0.065,5.22,-15.18,1.39,0.0,1,OK
2026-08-09 05:25:37,1587,0.1578,0.0471,0.0455,24.55,3.75,0.097,5.22,-15.18,1.39,0.0,1,OK
2026-08-09 05:25:37,1588,0.1665,0.0518,0.0519,24.54,3.92,0.129,5.24,7.25,1.72,0.0,1,OK
2026-08-09 05:25:37,1589,0.2167,0.0383,0.0519,24.52,3.82,0.129,5.24,7.25,1.72,0.0,1,OK
2026-08-09 05:25:37,1590,0.2064,0.0464,0.0519,24.5,3.72,0.129,7.66,5.73,1.96,0.0,1,OK
2026-08-09 05:25:37,1591,0.2303,0.0392,0.0519,25.66,3.49,0.0,7.66,5.73,1.96,0.0,1,OK
2026-08-09 05:25:37,1592,0.2462,0.0301,0.0519,25.64,3.29,0.0,7.68,4.4,1.77,0.0,1,OK
2026-08-09 05:25:37,1593,0.2472,0.0224,0.0519,25.62,3.09,0.0,7.68,4.4,1.77,0.0,1,OK
2026-08-09 05:25:37,1594,0.2464,0.026,0.0519,25.61,2.9,0.0,7.23,-12.33,1.12,0.0,1,OK
2026-08-09 05:25:37,1595,0.2283,0.0417,0.0519,25.59,2.73,0.0,7.23,-12.33,1.12,0.0,1,OK
2026-08-09 05:25:37,1596,0.2301,0.0161,0.0519,25.58,2.56,0.0,5.89,-3.76,1.55,0.0,1,OK
2026-08-09 05:25:37,1597,0.2418,0.0415,0.0519,25.56,2.41,0.0,5.89,-3.76,1.55,0.0,1,OK
2026-08-09 05:25:37,1598,0.2304,0.0127,0.0519,25.54,2.27,0.0,3.61,3.46,2.16,0.0,1,OK
2026-08-09 05:25:37,1599,0.2429,0.0136,0.0519,25.53,2.13,0.0,3.61,3.46,2.16,0.0,1,OK
2026-08-09 05:25:37,1600,0.2318,0.0151,0.0519,25.51,2.0,0.0,3.5,0.01,2.45,0.0,1,OK
2026-08-09 05:25:37,1601,0.2335,0.0288,0.0519,25.5,1.88,0.0,3.5,0.01,2.45,0.0,1,OK
2026-08-09 05:25:37,1602,0.2236,0.0203,0.0519,25.48,1.77,0.0,3.27,1.64,2.37,0.0,1,OK
2026-08-09 05:25:37,1603,0.2026,0.0258,0.0519,25.46,1.66,0.0,3.27,1.64,2.37,0.0,1,OK
2026-08-09 05:25:37,1604,0.1525,0.016,0.0519,25.45,2.64,0.032,0.58,3.68,1.41,0.0,1,OK
2026-08-09 05:25:37,1605,0.1454,0.0152,0.0519,25.43,3.87,0.065,0.58,3.68,1.41,0.0,1,OK
2026-08-09 05:25:37,1606,0.1497,0.0242,0.0714,25.42,4.73,0.097,-0.09,8.58,1.33,0.0,1,OK
2026-08-09 05:25:37,1607,0.1646,0.0137,0.0779,25.4,4.78,0.129,-0.09,8.58,1.33,0.0,1,OK
2026-08-09 05:25:37,1608,0.1987,0.0047,0.0779,25.38,4.63,0.129,-0.2,7.26,1.73,0.0,1,OK
2026-08-09 05:25:37,1609,0.2197,0.014,0.0779,25.37,4.48,0.129,-0.2,7.26,1.73,0.0,1,OK
2026-08-09 05:25:37,1610,0.2376,0.013,0.0779,26.51,4.21,0.0,-1.48,11.84,1.7,0.0,1,OK
2026-08-09 05:25:37,1611,0.226,0.0113,0.0779,26.49,3.96,0.0,-1.48,11.84,1.7,0.0,1,OK
2026-08-09 05:25:37,1612,0.2299,0.0266,0.0779,26.47,3.72,0.0,-3.03,13.58,1.42,0.0,1,OK
2026-08-09 05:25:37,1613,0.2248,0.025,0.0779,26.46,3.5,0.0,-3.03,13.58,1.42,0.0,1,OK
2026-08-09 05:25:37,1614,0.242,0.0242,0.0779,26.44,3.29,0.0,-3.54,13.95,1.35,0.0,1,OK
2026-08-09 05:25:38,1615,0.2418,0.0123,0.0779,26.42,3.09,0.0,-3.54,13.95,1.35,0.0,1,OK
2026-08-09 05:25:38,1616,0.2336,0.027,0.0779,26.41,2.9,0.0,-4.39,16.48,1.31,0.0,1,OK
2026-08-09 05:25:38,1617,0.217,0.0316,0.0779,26.39,2.73,0.0,-4.39,16.48,1.31,0.0,1,OK
2026-08-09 05:25:38,1618,0.2192,0.0317,0.0779,26.37,2.57,0.0,-3.77,15.06,1.12,0.0,1,OK
2026-08-09 05:25:38,1619,0.2171,0.0245,0.0714,26.36,2.41,0.0,-3.77,15.06,1.12,0.0,1,OK
2026-08-09 05:25:38,1620,0.2175,0.0341,0.0519,26.34,2.27,0.0,-2.67,16.19,1.59,0.0,1,OK
2026-08-09 05:25:38,1621,0.238,0.0274,0.0519,26.33,2.13,0.0,-2.67,16.19,1.59,0.0,1,OK
2026-08-09 05:25:38,1622,0.2203,0.0366,0.0519,26.31,2.0,0.0,-3.09,18.38,0.86,0.0,1,OK
2026-08-09 05:25:38,1623,0.2257,0.034,0.0519,26.29,1.88,0.0,-3.09,18.38,0.86,0.0,1,OK
2026-08-09 05:25:38,1624,0.2448,0.0499,0.0519,26.28,1.77,0.0,-2.76,20.12,-0.39,0.0,1,OK
2026-08-09 05:25:38,1625,0.2467,0.0434,0.0519,26.26,1.66,0.0,-2.76,20.12,-0.39,0.0,1,OK
2026-08-09 05:25:38,1626,0.2511,0.0395,0.0519,26.24,1.56,0.0,0.6,22.23,-0.69,0.0,1,OK
2026-08-09 05:25:38,1627,0.2352,0.0408,0.0519,26.23,1.47,0.0,0.6,22.23,-0.69,0.0,1,OK
2026-08-09 05:25:38,1628,0.2408,0.0452,0.0519,26.21,1.38,0.0,0.83,22.23,-0.33,0.0,1,OK
2026-08-09 05:25:38,1629,0.2481,0.0441,0.0519,26.2,1.3,0.0,0.83,22.23,-0.33,0.0,1,OK
2026-08-09 05:25:38,1630,0.25,0.0492,0.0519,26.18,1.22,0.0,0.81,22.23,-0.81,0.0,1,OK
2026-08-09 05:25:38,1631,0.2657,0.0381,0.0519,26.16,1.15,0.0,0.81,22.23,-0.81,0.0,1,OK
2026-08-09 05:25:38,1632,0.2668,0.0465,0.0519,26.15,1.08,0.0,1.06,24.43,-0.62,0.0,1,OK
2026-08-09 05:25:38,1633,0.2775,0.0307,0.0519,26.13,1.01,0.0,1.06,24.43,-0.62,0.0,1,OK
2026-08-09 05:25:38,1634,0.2522,0.0344,0.0519,26.12,0.95,0.0,1.98,25.78,0.07,0.0,1,OK
2026-08-09 05:25:38,1635,0.19,0.0284,0.0519,26.1,0.9,0.0,1.98,25.78,0.07,0.0,1,OK
2026-08-09 05:25:38,1636,0.1648,0.0391,0.0523,25.84,1.42,0.033,-1.8,24.64,-1.33,0.0,1,OK
2026-08-09 05:25:38,1637,0.1797,0.0217,0.0523,25.83,1.37,0.033,-1.8,24.64,-1.33,0.0,1,OK
2026-08-09 05:25:38,1638,0.2014,0.0071,0.0523,25.81,1.32,0.033,-2.14,25.06,-1.85,0.0,1,OK
2026-08-09 05:25:38,1639,0.22,0.0262,0.0523,25.8,1.24,0.0,-2.14,25.06,-1.85,0.0,1,OK
2026-08-09 05:25:38,1640,0.2377,0.0447,0.0523,25.78,1.17,0.0,-0.21,26.12,-1.21,0.0,1,OK
2026-08-09 05:25:38,1641,0.2356,0.0221,0.0523,25.76,1.1,0.0,-0.21,26.12,-1.21,0.0,1,OK
2026-08-09 05:25:38,1642,0.2468,0.008,0.0523,25.75,1.03,0.0,-1.58,24.83,-1.25,0.0,1,OK
2026-08-09 05:25:38,1643,0.2554,0.0211,0.0523,25.73,0.97,0.0,-1.58,24.83,-1.25,0.0,1,OK
2026-08-09 05:25:38,1644,0.2445,0.0165,0.0523,25.72,0.91,0.0,0.38,24.91,-1.21,0.0,1,OK
2026-08-09 05:25:38,1645,0.2464,0.0099,0.0523,25.7,0.86,0.0,0.38,24.91,-1.21,0.0,1,OK
2026-08-09 05:25:39,1646,0.2445,0.0196,0.0523,25.69,0.81,0.0,0.06,24.5,-1.25,0.0,1,OK
2026-08-09 05:25:39,1647,0.2487,0.0085,0.0523,25.67,0.76,0.0,0.06,24.5,-1.25,0.0,1,OK
2026-08-09 05:25:39,1648,0.2491,0.0161,0.0523,25.66,0.71,0.0,-0.27,23.42,-1.25,0.0,1,OK
2026-08-09 05:25:39,1649,0.247,0.0117,0.0523,25.64,0.67,0.0,-0.27,23.42,-1.25,0.0,1,OK
2026-08-09 05:25:39,1650,0.272,0.0076,0.0523,25.62,0.63,0.0,0.17,24.11,-1.15,0.0,1,OK
2026-08-09 05:25:39,1651,0.2542,0.0078,0.0523,25.61,0.59,0.0,0.17,24.11,-1.15,0.0,1,OK
2026-08-09 05:25:39,1652,0.2511,0.0081,0.0523,25.59,0.56,0.0,-0.88,23.89,-1.77,0.0,1,OK
2026-08-09 05:25:39,1653,0.2557,0.0144,0.0523,25.58,0.52,0.0,-0.88,23.89,-1.77,0.0,1,OK
2026-08-09 05:25:39,1654,0.2577,0.0296,0.0523,25.56,0.49,0.0,-2.34,24.06,-2.14,0.0,1,OK
2026-08-09 05:25:39,1655,0.2567,0.0247,0.0523,25.55,0.46,0.0,-2.34,24.06,-2.14,0.0,1,OK
2026-08-09 05:25:39,1656,0.2492,0.0132,0.0523,25.53,0.43,0.0,-2.86,23.85,-2.31,0.0,1,OK
2026-08-09 05:25:39,1657,0.2378,0.0143,0.0523,25.52,0.41,0.0,-2.86,23.85,-2.31,0.0,1,OK
2026-08-09 05:25:39,1658,0.2285,0.0106,0.0523,25.5,0.38,0.0,-4.16,24.41,-2.34,0.0,1,OK
2026-08-09 05:25:39,1659,0.2165,0.0052,0.0523,25.49,0.36,0.0,-4.16,24.41,-2.34,0.0,1,OK
2026-08-09 05:25:39,1660,0.1668,0.0198,0.0523,25.47,0.91,0.033,-4.92,24.12,-2.7,0.0,1,OK
2026-08-09 05:25:39,1661,0.1553,0.0055,0.0523,25.45,2.03,0.065,-4.92,24.12,-2.7,0.0,1,OK
2026-08-09 05:25:39,1662,0.1913,0.012,0.0523,25.44,1.97,0.065,-4.99,21.66,-2.66,0.0,1,OK
2026-08-09 05:25:39,1663,0.1964,0.0124,0.0523,25.42,1.92,0.065,-4.99,21.66,-2.66,0.0,1,OK
2026-08-09 05:25:39,1664,0.2259,0.0181,0.0523,26.51,1.81,0.0,-3.21,24.83,-2.14,0.0,1,OK
2026-08-09 05:25:39,1665,0.2401,0.014,0.0523,26.5,1.7,0.0,-3.21,24.83,-2.14,0.0,1,OK
2026-08-09 05:25:39,1666,0.2457,0.0064,0.0523,26.48,1.6,0.0,-2.68,24.93,-1.73,0.0,1,OK
2026-08-09 05:25:39,1667,0.2432,0.0281,0.0523,26.47,1.5,0.0,-2.68,24.93,-1.73,0.0,1,OK
2026-08-09 05:25:39,1668,0.2569,0.0146,0.0523,26.45,1.41,0.0,-3.64,24.58,-2.64,0.0,1,OK
2026-08-09 05:25:39,1669,0.2512,0.0165,0.0523,26.43,1.33,0.0,-3.64,24.58,-2.64,0.0,1,OK
2026-08-09 05:25:39,1670,0.2617,0.0208,0.0523,26.42,1.25,0.0,-3.75,24.79,-2.47,0.0,1,OK
2026-08-09 05:25:39,1671,0.2649,0.0124,0.0523,26.4,1.17,0.0,-3.75,24.79,-2.47,0.0,1,OK
2026-08-09 05:25:39,1672,0.247,0.0111,0.0523,26.39,1.1,0.0,-4.73,24.17,-2.54,0.0,1,OK
2026-08-09 05:25:39,1673,0.2533,0.0102,0.0523,26.37,1.03,0.0,-4.73,24.17,-2.54,0.0,1,OK
2026-08-09 05:25:39,1674,0.2552,0.0212,0.0523,26.36,0.97,0.0,-4.52,24.73,-2.16,0.0,1,OK
2026-08-09 05:25:39,1675,0.2523,0.0163,0.0523,26.34,0.91,0.0,-4.52,24.73,-2.16,0.0,1,OK
2026-08-09 05:25:40,1676,0.2611,0.0166,0.0523,26.32,0.86,0.0,-4.63,25.02,-2.49,0.0,1,OK
2026-08-09 05:25:40,1677,0.2532,0.0319,0.0523,26.31,0.81,0.0,-4.63,25.02,-2.49,0.0,1,OK
2026-08-09 05:25:40,1678,0.2565,0.0277,0.0523,26.29,0.76,0.0,-4.17,25.28,-2.55,0.0,1,OK
2026-08-09 05:25:40,1679,0.2598,0.0182,0.0523,26.28,0.71,0.0,-4.17,25.28,-2.55,0.0,1,OK
2026-08-09 05:25:40,1680,0.2562,0.0119,0.0523,26.26,0.67,0.0,-5.68,24.0,-3.24,0.0,1,OK
2026-08-09 05:25:40,1681,0.2609,0.0112,0.0523,26.25,0.63,0.0,-5.68,24.0,-3.24,0.0,1,OK
2026-08-09 05:25:40,1682,0.2824,0.0077,0.0523,26.23,0.59,0.0,-5.77,23.88,-3.03,0.0,1,OK
2026-08-09 05:25:40,1683,0.269,0.0205,0.0523,26.21,0.56,0.0,-5.77,23.88,-3.03,0.0,1,OK
2026-08-09 05:25:40,1684,0.264,0.0049,0.0523,26.2,0.52,0.0,-5.02,25.15,-2.67,0.0,1,OK
2026-08-09 05:25:40,1685,0.2524,0.0205,0.0523,26.18,0.49,0.0,-5.02,25.15,-2.67,0.0,1,OK
2026-08-09 05:25:40,1686,0.2631,0.0158,0.0523,26.17,0.46,0.0,-5.52,24.93,-3.0,0.0,1,OK
2026-08-09 05:25:40,1687,0.2631,0.0106,0.0523,26.15,0.44,0.0,-5.52,24.93,-3.0,0.0,1,OK
2026-08-09 05:25:40,1688,0.2574,0.0063,0.0523,26.14,0.41,0.0,-5.15,23.62,-2.29,0.0,1,OK
2026-08-09 05:25:40,1689,0.2498,0.0265,0.0523,26.12,0.38,0.0,-5.15,23.62,-2.29,0.0,1,OK
2026-08-09 05:25:40,1690,0.2478,0.0232,0.0523,26.11,0.36,0.0,-5.09,24.57,-2.66,0.0,1,OK
2026-08-09 05:25:40,1691,0.2334,0.0249,0.0523,26.09,0.34,0.0,-5.09,24.57,-2.66,0.0,1,OK
2026-08-09 05:25:40,1692,0.1837,0.0143,0.0523,26.07,0.32,0.0,-7.59,24.2,-3.24,0.0,1,OK
2026-08-09 05:25:40,1693,0.1694,0.0136,0.0523,26.06,0.75,0.033,-7.59,24.2,-3.24,0.0,1,OK
2026-08-09 05:25:40,1694,0.1636,0.0268,0.0523,26.04,1.49,0.065,-8.67,22.26,-3.21,0.0,1,OK
2026-08-09 05:25:40,1695,0.1936,0.0188,0.0523,26.03,1.46,0.065,-8.67,22.26,-3.21,0.0,1,OK
2026-08-09 05:25:40,1696,0.2054,0.0132,0.0523,26.01,1.44,0.065,-7.13,23.59,-2.72,0.0,1,OK
2026-08-09 05:25:40,1697,0.209,0.0095,0.0523,27.08,1.36,0.0,-7.13,23.59,-2.72,0.0,1,OK
2026-08-09 05:25:40,1698,0.2186,0.0147,0.0523,27.07,1.27,0.0,-8.51,22.92,-2.56,0.0,1,OK
2026-08-09 05:25:40,1699,0.238,0.0108,0.0523,27.05,1.2,0.0,-8.51,22.92,-2.56,0.0,1,OK
2026-08-09 05:25:40,1700,0.2314,0.0101,0.0523,27.03,1.13,0.0,-8.47,22.97,-2.2,0.0,1,OK
2026-08-09 05:25:40,1701,0.2329,0.0097,0.0523,27.02,1.06,0.0,-8.47,22.97,-2.2,0.0,1,OK
2026-08-09 05:25:40,1702,0.2447,0.0173,0.0523,27.0,0.99,0.0,-8.6,23.24,-1.87,0.0,1,OK
2026-08-09 05:25:40,1703,0.2323,0.0075,0.0523,26.99,0.94,0.0,-8.6,23.24,-1.87,0.0,1,OK
2026-08-09 05:25:40,1704,0.2389,0.0206,0.0523,26.97,0.88,0.0,-7.39,23.65,-1.91,0.0,1,OK
2026-08-09 05:25:40,1705,0.2433,0.0165,0.0523,26.95,0.83,0.0,-7.39,23.65,-1.91,0.0,1,OK
2026-08-09 05:25:40,1706,0.2397,0.0114,0.0523,26.94,0.78,0.0,-8.17,22.33,-2.23,0.0,1,OK
2026-08-09 05:25:41,1707,0.243,0.0049,0.0523,26.92,0.73,0.0,-8.17,22.33,-2.23,0.0,1,OK
2026-08-09 05:25:41,1708,0.2435,0.0039,0.0523,26.91,0.69,0.0,-7.89,23.56,-2.17,0.0,1,OK
2026-08-09 05:25:41,1709,0.2538,0.0175,0.0523,26.89,0.65,0.0,-7.89,23.56,-2.17,0.0,1,OK
2026-08-09 05:25:41,1710,0.2437,0.0069,0.0523,26.88,0.61,0.0,-8.15,23.47,-2.48,0.0,1,OK
2026-08-09 05:25:41,1711,0.2547,0.0144,0.0523,26.86,0.57,0.0,-8.15,23.47,-2.48,0.0,1,OK
2026-08-09 05:25:41,1712,0.2465,0.0116,0.0523,26.84,0.54,0.0,-6.8,23.21,-2.56,0.0,1,OK
2026-08-09 05:25:41,1713,0.1879,0.014,0.0523,26.83,0.5,0.0,-6.8,23.21,-2.56,0.0,1,OK
2026-08-09 05:25:41,1714,0.1719,0.0041,0.0523,26.81,0.77,0.033,-9.87,20.77,-3.1,0.0,1,OK
2026-08-09 05:25:41,1715,0.1722,0.0174,0.0523,26.8,1.08,0.065,-9.87,20.77,-3.1,0.0,1,OK
2026-08-09 05:25:41,1716,0.175,0.0029,0.0719,26.78,1.3,0.098,-10.39,20.26,-3.35,0.0,1,OK
2026-08-09 05:25:41,1717,0.1744,0.017,0.0784,26.77,1.62,0.13,-10.39,20.26,-3.35,0.0,1,OK
2026-08-09 05:25:41,1718,0.192,0.0267,0.0784,26.75,1.75,0.13,-9.1,24.46,-2.8,0.0,1,OK
2026-08-09 05:25:41,1719,0.2116,0.0234,0.0784,26.73,1.85,0.13,-9.1,24.46,-2.8,0.0,1,OK
2026-08-09 05:25:41,1720,0.2332,0.0277,0.0784,27.79,1.73,0.0,-9.96,25.46,-2.55,0.0,1,OK
2026-08-09 05:25:41,1721,0.2507,0.0538,0.0784,27.77,1.63,0.0,-9.96,25.46,-2.55,0.0,1,OK
2026-08-09 05:25:41,1722,0.2625,0.0673,0.0784,27.76,1.53,0.0,-9.87,28.29,-2.57,0.0,1,OK
2026-08-09 05:25:41,1723,0.2788,0.076,0.0784,27.74,1.44,0.0,-9.87,28.29,-2.57,0.0,1,OK
2026-08-09 05:25:41,1724,0.2888,0.0881,0.0784,27.72,1.35,0.0,-10.31,30.9,-2.18,0.0,1,OK
2026-08-09 05:25:41,1725,0.293,0.0586,0.0784,27.71,1.27,0.0,-10.31,30.9,-2.18,0.0,1,OK
2026-08-09 05:25:41,1726,0.3053,0.0797,0.0784,27.69,1.2,0.0,-8.1,34.31,-1.54,0.0,1,OK
2026-08-09 05:25:41,1727,0.3181,0.1057,0.0784,27.68,1.13,0.0,-8.1,34.31,-1.54,0.0,1,OK
2026-08-09 05:25:41,1728,0.3045,0.0922,0.0784,27.66,1.06,0.0,-5.05,37.28,-0.72,0.0,1,OK
2026-08-09 05:25:41,1729,0.3055,0.098,0.0784,27.64,0.99,0.0,-5.05,37.28,-0.72,0.0,1,OK
2026-08-09 05:25:41,1730,0.3205,0.0813,0.0784,27.63,0.93,0.0,-3.41,38.22,-0.44,0.0,1,OK
2026-08-09 05:25:41,1731,0.3206,0.1237,0.0784,27.61,0.88,0.0,-3.41,38.22,-0.44,0.0,1,OK
2026-08-09 05:25:41,1732,0.3256,0.1128,0.0784,27.6,0.83,0.0,-1.4,39.85,0.05,0.0,1,OK
2026-08-09 05:25:41,1733,0.3286,0.075,0.0784,27.58,0.78,0.0,-1.4,39.85,0.05,0.0,1,OK
2026-08-09 05:25:41,1734,0.3118,0.1293,0.0784,27.56,0.73,0.0,-0.67,39.85,-0.15,0.0,1,OK
2026-08-09 05:25:41,1735,0.3179,0.0728,0.0784,27.55,0.69,0.0,-0.67,39.85,-0.15,0.0,1,OK
2026-08-09 05:25:41,1736,0.3288,0.0897,0.0784,27.53,0.64,0.0,-2.09,40.1,-0.23,0.0,1,OK
2026-08-09 05:25:42,1737,0.3273,0.0899,0.0784,27.52,0.61,0.0,-2.09,40.1,-0.23,0.0,1,OK
2026-08-09 05:25:42,1738,0.3331,0.0846,0.0719,27.5,0.57,0.0,-2.21,40.21,-0.47,0.0,1,OK
2026-08-09 05:25:42,1739,0.3222,0.0782,0.0523,27.48,0.54,0.0,-2.21,40.21,-0.47,0.0,1,OK
2026-08-09 05:25:42,1740,0.332,0.0979,0.0523,27.47,0.5,0.0,-1.51,41.12,0.01,0.0,1,OK
2026-08-09 05:25:42,1741,0.3222,0.1006,0.0523,27.45,0.47,0.0,-1.51,41.12,0.01,0.0,1,OK
2026-08-09 05:25:42,1742,0.3279,0.1194,0.0523,27.44,0.44,0.0,-0.17,40.38,0.15,0.0,1,OK
2026-08-09 05:25:42,1743,0.3367,0.0986,0.0523,27.42,0.42,0.0,-0.17,40.38,0.15,0.0,1,OK
2026-08-09 05:25:42,1744,0.3314,0.1097,0.0523,27.41,0.39,0.0,-0.86,39.1,-0.11,0.0,1,OK
2026-08-09 05:25:42,1745,0.325,0.1108,0.0523,27.39,0.37,0.0,-0.86,39.1,-0.11,0.0,1,OK
2026-08-09 05:25:42,1746,0.336,0.1033,0.0523,27.37,0.35,0.0,-0.75,38.39,-0.09,0.0,1,OK
2026-08-09 05:25:42,1747,0.3251,0.1228,0.0523,27.36,0.33,0.0,-0.75,38.39,-0.09,0.0,1,OK
2026-08-09 05:25:42,1748,0.3286,0.1067,0.0523,27.34,0.31,0.0,0.36,38.05,0.96,0.0,1,OK
2026-08-09 05:25:42,1749,0.331,0.1028,0.0523,27.33,0.29,0.0,0.36,38.05,0.96,0.0,1,OK
2026-08-09 05:25:42,1750,0.3479,0.0968,0.0523,27.31,0.27,0.0,2.16,36.41,0.64,0.0,1,OK
2026-08-09 05:25:42,1751,0.3467,0.0937,0.0523,27.3,0.25,0.0,2.16,36.41,0.64,0.0,1,OK
2026-08-09 05:25:42,1752,0.3458,0.0911,0.0523,27.28,0.24,0.0,3.46,35.6,1.44,0.0,1,OK
2026-08-09 05:25:42,1753,0.3521,0.0814,0.0523,27.27,0.23,0.0,3.46,35.6,1.44,0.0,1,OK
2026-08-09 05:25:42,1754,0.3641,0.0991,0.0523,27.25,0.21,0.0,4.54,33.77,1.78,0.0,1,OK
2026-08-09 05:25:42,1755,0.3457,0.0937,0.0523,27.23,0.2,0.0,4.54,33.77,1.78,0.0,1,OK
2026-08-09 05:25:42,1756,0.3439,0.093,0.0519,27.46,0.19,0.0,7.97,31.27,3.35,0.0,1,OK
2026-08-09 05:25:42,1757,0.3287,0.0817,0.0519,27.44,0.18,0.0,7.97,31.27,3.35,0.0,1,OK
2026-08-09 05:25:42,1758,0.3259,0.0684,0.0455,27.43,0.17,0.0,9.13,29.46,3.5,0.0,1,OK
2026-08-09 05:25:42,1759,0.3165,0.0609,0.026,27.41,0.16,0.0,9.13,29.46,3.5,0.0,1,OK
2026-08-09 05:25:42,1760,0.3121,0.0552,0.026,27.4,0.15,0.0,10.64,25.04,3.29,0.0,1,OK
2026-08-09 05:25:42,1761,0.3165,0.0396,0.026,27.38,0.14,0.0,10.64,25.04,3.29,0.0,1,OK
2026-08-09 05:25:42,1762,0.3236,0.0449,0.026,27.37,0.13,0.0,11.05,25.0,2.98,0.0,1,OK
2026-08-09 05:25:42,1763,0.3077,0.0452,0.026,27.35,0.12,0.0,11.05,25.0,2.98,0.0,1,OK
2026-08-09 05:25:42,1764,0.3032,0.0406,0.026,27.34,0.11,0.0,11.72,24.58,2.73,0.0,1,OK
2026-08-09 05:25:42,1765,0.3116,0.0379,0.026,27.32,0.11,0.0,11.72,24.58,2.73,0.0,1,OK
2026-08-09 05:25:42,1766,0.3104,0.0175,0.026,27.3,0.1,0.0,12.41,19.47,2.25,0.0,1,OK
2026-08-09 05:25:43,1767,0.3171,0.0219,0.026,27.29,0.09,0.0,12.41,19.47,2.25,0.0,1,OK
2026-08-09 05:25:43,1768,0.3057,0.0319,0.026,27.27,0.09,0.0,15.53,10.92,1.24,0.0,1,OK
2026-08-09 05:25:43,1769,0.3127,0.0416,0.026,27.26,0.08,0.0,15.53,10.92,1.24,0.0,1,OK
2026-08-09 05:25:43,1770,0.3292,0.0243,0.026,27.24,0.08,0.0,14.64,-14.85,-3.07,0.0,1,OK
2026-08-09 05:25:43,1771,0.3304,0.017,0.026,27.23,0.07,0.0,14.64,-14.85,-3.07,0.0,1,OK
2026-08-09 05:25:43,1772,0.3217,0.0348,0.026,27.21,0.07,0.0,13.39,-21.58,-3.52,0.0,1,OK
2026-08-09 05:25:43,1773,0.3042,0.029,0.026,27.2,0.07,0.0,13.39,-21.58,-3.52,0.0,1,OK
2026-08-09 05:25:43,1774,0.3175,0.0331,0.026,27.18,0.06,0.0,12.92,-23.93,-3.61,0.0,1,OK
2026-08-09 05:25:43,1775,0.3252,0.0357,0.026,27.17,0.06,0.0,12.92,-23.93,-3.61,0.0,1,OK
2026-08-09 05:25:43,1776,0.3179,0.0321,0.026,27.15,0.05,0.0,12.4,-22.82,-3.15,0.0,1,OK
2026-08-09 05:25:43,1777,0.3164,0.0367,0.026,27.14,0.05,0.0,12.4,-22.82,-3.15,0.0,1,OK
2026-08-09 05:25:43,1778,0.3124,0.0364,0.026,27.12,0.05,0.0,11.85,-24.55,-3.11,0.0,1,OK
2026-08-09 05:25:43,1779,0.3127,0.0269,0.026,27.11,0.05,0.0,11.85,-24.55,-3.11,0.0,1,OK
2026-08-09 05:25:43,1780,0.3345,0.0342,0.026,27.09,0.04,0.0,12.08,-25.87,-3.66,0.0,1,OK
2026-08-09 05:25:43,1781,0.3196,0.0296,0.026,27.08,0.04,0.0,12.08,-25.87,-3.66,0.0,1,OK
2026-08-09 05:25:43,1782,0.3201,0.0421,0.026,27.06,0.04,0.0,10.89,-27.77,-3.45,0.0,1,OK
2026-08-09 05:25:43,1783,0.3134,0.0602,0.026,27.04,0.04,0.0,10.89,-27.77,-3.45,0.0,1,OK
2026-08-09 05:25:43,1784,0.3052,0.0395,0.026,27.03,0.03,0.0,9.66,-30.33,-2.98,0.0,1,OK
2026-08-09 05:25:43,1785,0.3159,0.0446,0.026,27.01,0.03,0.0,9.66,-30.33,-2.98,0.0,1,OK
2026-08-09 05:25:43,1786,0.3028,0.0419,0.026,27.0,0.03,0.0,9.93,-31.92,-3.16,0.0,1,OK
2026-08-09 05:25:43,1787,0.2475,0.0443,0.026,26.98,0.03,0.0,9.93,-31.92,-3.16,0.0,1,OK
2026-08-09 05:25:43,1788,0.2129,0.0334,0.026,26.97,0.03,0.0,9.24,-31.42,-2.63,0.0,1,OK
2026-08-09 05:25:43,1789,0.1866,0.0394,0.026,26.95,0.02,0.0,9.24,-31.42,-2.63,0.0,1,OK
2026-08-09 05:25:43,1790,0.2029,0.0329,0.026,26.94,0.02,0.0,8.04,-32.05,-1.6,0.0,1,OK
2026-08-09 05:25:43,1791,0.2424,0.0299,0.026,26.92,0.02,0.0,8.04,-32.05,-1.6,0.0,1,OK
2026-08-09 05:25:43,1792,0.2493,0.0318,0.026,26.91,0.02,0.0,8.3,-31.13,-0.97,0.0,1,OK
2026-08-09 05:25:43,1793,0.2557,0.0357,0.026,26.89,0.02,0.0,8.3,-31.13,-0.97,0.0,1,OK
2026-08-09 05:25:43,1794,0.2764,0.0389,0.026,26.88,0.02,0.0,8.09,-31.68,-0.09,0.0,1,OK
2026-08-09 05:25:43,1795,0.2791,0.0506,0.026,26.86,0.02,0.0,8.09,-31.68,-0.09,0.0,1,OK
2026-08-09 05:25:43,1796,0.2735,0.0467,0.026,26.85,0.02,0.0,6.81,-31.91,0.2,0.0,1,OK
2026-08-09 05:25:43,1797,0.2826,0.044,0.026,26.83,0.01,0.0,6.81,-31.91,0.2,0.0,1,OK
2026-08-09 05:25:44,1798,0.2851,0.0332,0.026,26.82,0.01,0.0,7.02,-29.78,0.21,0.0,1,OK
2026-08-09 05:25:44,1799,0.2749,0.0351,0.026,26.8,0.01,0.0,7.02,-29.78,0.21,0.0,1,OK
2026-08-09 05:25:44,1800,0.2797,0.0442,0.026,26.79,0.01,0.0,7.48,-30.51,0.11,0.0,1,OK
2026-08-09 05:25:44,1801,0.2621,0.0471,0.026,26.77,0.01,0.0,7.48,-30.51,0.11,0.0,1,OK
2026-08-09 05:25:44,1802,0.1984,0.0373,0.026,26.76,0.01,0.0,7.43,-26.9,0.76,0.0,1,OK
2026-08-09 05:25:44,1803,0.1801,0.0286,0.026,26.74,0.01,0.0,7.43,-26.9,0.76,0.0,1,OK
2026-08-09 05:25:44,1804,0.1851,0.0465,0.026,26.73,0.01,0.0,7.85,-26.01,0.48,0.0,1,OK
2026-08-09 05:25:44,1805,0.2021,0.037,0.026,26.72,0.01,0.0,7.85,-26.01,0.48,0.0,1,OK
2026-08-09 05:25:44,1806,0.2369,0.0322,0.026,26.7,0.01,0.0,8.1,-20.91,0.68,0.0,1,OK
2026-08-09 05:25:44,1807,0.2461,0.038,0.026,26.69,0.01,0.0,8.1,-20.91,0.68,0.0,1,OK
2026-08-09 05:25:44,1808,0.2457,0.0386,0.026,26.67,0.01,0.0,8.05,7.13,2.23,0.0,1,OK
2026-08-09 05:25:44,1809,0.242,0.0298,0.026,26.66,0.01,0.0,8.05,7.13,2.23,0.0,1,OK
2026-08-09 05:25:44,1810,0.2393,0.0217,0.026,26.64,0.01,0.0,5.9,18.53,2.84,0.0,1,OK
2026-08-09 05:25:44,1811,0.2562,0.0409,0.026,26.63,0.01,0.0,5.9,18.53,2.84,0.0,1,OK
2026-08-09 05:25:44,1812,0.2562,0.0344,0.026,26.61,0.01,0.0,4.43,21.72,2.04,0.0,1,OK
2026-08-09 05:25:44,1813,0.2463,0.0337,0.026,26.6,0.01,0.0,4.43,21.72,2.04,0.0,1,OK
2026-08-09 05:25:44,1814,0.2515,0.0181,0.026,26.58,0.01,0.0,4.32,22.35,1.93,0.0,1,OK
2026-08-09 05:25:44,1815,0.2454,0.0383,0.026,26.57,0.0,0.0,4.32,22.35,1.93,0.0,1,OK
2026-08-09 05:25:44,1816,0.2432,0.0311,0.026,26.55,0.0,0.0,3.04,22.96,0.93,0.0,1,OK
2026-08-09 05:25:44,1817,0.2006,0.0211,0.026,26.54,0.0,0.0,3.04,22.96,0.93,0.0,1,OK
2026-08-09 05:25:44,1818,0.1742,0.0134,0.026,26.52,0.26,0.032,0.0,23.17,0.62,0.0,1,OK
2026-08-09 05:25:44,1819,0.1704,0.0194,0.026,26.51,0.77,0.065,0.0,23.17,0.62,0.0,1,OK
2026-08-09 05:25:44,1820,0.1668,0.0279,0.0455,26.5,1.47,0.097,0.31,23.23,0.3,0.0,1,OK
2026-08-09 05:25:44,1821,0.1737,0.0406,0.0519,26.48,1.79,0.129,0.31,23.23,0.3,0.0,1,OK
2026-08-09 05:25:44,1822,0.21,0.0249,0.0519,26.47,1.87,0.129,0.96,25.01,-1.06,0.0,1,OK
2026-08-09 05:25:44,1823,0.2195,0.0319,0.0519,26.45,1.94,0.129,0.96,25.01,-1.06,0.0,1,OK
2026-08-09 05:25:44,1824,0.2352,0.0159,0.0519,27.45,1.82,0.0,0.78,25.57,-0.06,0.0,1,OK
2026-08-09 05:25:44,1825,0.2593,0.0149,0.0519,27.44,1.71,0.0,0.78,25.57,-0.06,0.0,1,OK
2026-08-09 05:25:44,1826,0.2523,0.0188,0.0519,27.42,1.61,0.0,-0.19,26.03,-0.97,0.0,1,OK
2026-08-09 05:25:44,1827,0.2576,0.0061,0.0519,27.41,1.51,0.0,-0.19,26.03,-0.97,0.0,1,OK
2026-08-09 05:25:45,1828,0.2615,0.0003,0.0519,27.39,1.42,0.0,0.6,25.95,-1.09,0.0,1,OK
2026-08-09 05:25:45,1829,0.2498,0.0163,0.0519,27.38,1.34,0.0,0.6,25.95,-1.09,0.0,1,OK
2026-08-09 05:25:45,1830,0.2582,0.0254,0.0519,27.36,1.26,0.0,0.81,26.77,-1.18,0.0,1,OK
2026-08-09 05:25:45,1831,0.2333,0.0202,0.0519,27.35,1.18,0.0,0.81,26.77,-1.18,0.0,1,OK
2026-08-09 05:25:45,1832,0.2147,0.014,0.0519,27.33,1.11,0.0,0.08,25.28,-2.93,0.0,1,OK
2026-08-09 05:25:45,1833,0.2062,0.0032,0.0519,27.32,1.04,0.0,0.08,25.28,-2.93,0.0,1,OK
2026-08-09 05:25:45,1834,0.2048,0.0064,0.0519,27.3,0.98,0.0,-4.89,22.96,-3.85,0.0,1,OK
2026-08-09 05:25:45,1835,0.2221,0.0152,0.0519,27.29,0.92,0.0,-4.89,22.96,-3.85,0.0,1,OK
2026-08-09 05:25:45,1836,0.2121,0.0123,0.0519,27.27,0.87,0.0,-6.06,22.99,-5.1,0.0,1,OK
2026-08-09 05:25:45,1837,0.2255,0.017,0.0519,27.26,0.82,0.0,-6.06,22.99,-5.1,0.0,1,OK
2026-08-09 05:25:45,1838,0.2321,0.012,0.0519,27.24,0.77,0.0,-4.06,21.8,-4.59,0.0,1,OK
2026-08-09 05:25:45,1839,0.2108,0.0404,0.0519,27.23,0.72,0.0,-4.06,21.8,-4.59,0.0,1,OK
2026-08-09 05:25:45,1840,0.2186,0.0224,0.0519,27.22,0.68,0.0,-7.12,23.18,-6.12,0.0,1,OK
2026-08-09 05:25:45,1841,0.2126,0.0327,0.0519,27.2,0.64,0.0,-7.12,23.18,-6.12,0.0,1,OK
2026-08-09 05:25:45,1842,0.2438,0.0319,0.0519,27.19,0.6,0.0,-7.67,23.3,-7.86,0.0,1,OK
2026-08-09 05:25:45,1843,0.243,0.033,0.0519,27.17,0.56,0.0,-7.67,23.3,-7.86,0.0,1,OK
2026-08-09 05:25:45,1844,0.2532,0.0398,0.0519,27.16,0.53,0.0,-6.74,25.34,-8.61,0.0,1,OK
2026-08-09 05:25:45,1845,0.2591,0.0077,0.0519,27.14,0.5,0.0,-6.74,25.34,-8.61,0.0,1,OK
2026-08-09 05:25:45,1846,0.2502,0.0051,0.0519,27.13,0.47,0.0,-7.75,25.68,-9.98,0.0,1,OK
2026-08-09 05:25:45,1847,0.2463,0.0194,0.0519,27.11,0.44,0.0,-7.75,25.68,-9.98,0.0,1,OK
2026-08-09 05:25:45,1848,0.2326,0.0283,0.0519,27.1,0.41,0.0,-6.91,23.84,-10.71,0.0,1,OK
2026-08-09 05:25:45,1849,0.2207,0.0156,0.0519,27.08,0.39,0.0,-6.91,23.84,-10.71,0.0,1,OK
2026-08-09 05:25:45,1850,0.1986,0.0054,0.0519,27.07,0.36,0.0,-7.66,21.93,-12.12,0.0,1,OK
2026-08-09 05:25:45,1851,0.2239,0.0099,0.0519,27.05,0.34,0.0,-7.66,21.93,-12.12,0.0,1,OK
2026-08-09 05:25:45,1852,0.2559,0.0038,0.0519,27.04,0.32,0.0,-9.5,24.09,-12.73,0.0,1,OK
2026-08-09 05:25:45,1853,0.2744,0.0063,0.0519,27.02,0.3,0.0,-9.5,24.09,-12.73,0.0,1,OK
2026-08-09 05:25:45,1854,0.2515,0.0475,0.0519,27.01,0.28,0.0,-10.6,25.48,-9.6,0.0,1,OK
2026-08-09 05:25:45,1855,0.226,0.0134,0.0519,27.01,0.27,0.0,-10.6,25.48,-9.6,0.0,1,OK
2026-08-09 05:25:45,1856,0.2165,0.0245,0.0519,27.01,0.25,0.0,-11.34,24.93,-8.52,0.0,1,OK
